timestamp,node_id,do_mean,do_min,do_max,do_std,do_last,do_slope,do_delta_prev,temp_mean,temp_min,temp_max,ph_mean,ph_min,ph_max,hour,hour_sin,hour_cos,minute_of_day,is_daylight,aerator_on,water_change,feeding,maintenance,reading_count,valid_window
2026-03-26T19:55:00,node_001,6.802,6.291,7.48,0.2811,6.6,-0.00488,0.0,26.96,26.96,27.03,8.181,8.161,8.202,19,-0.9659,0.2588,1195,0,0,0,0,0,24,1
2026-03-26T20:00:00,node_001,7.178,6.31,8.362,0.5104,6.614,-0.027,0.1878,26.96,26.96,27.03,8.183,8.157,8.203,20,-0.866,0.5,1200,0,0,0,0,0,44,1
2026-03-26T20:05:00,node_001,7.038,6.267,8.328,0.5486,7.065,-0.00979,-0.1399,26.96,26.96,26.96,8.184,8.161,8.209,20,-0.866,0.5,1205,0,0,0,0,0,45,1
2026-03-26T20:10:00,node_001,7.376,6.549,8.123,0.4053,7.474,0.02316,0.3379,26.96,26.96,27.03,8.183,8.162,8.206,20,-0.866,0.5,1210,0,0,0,0,0,43,1
2026-03-26T20:15:00,node_001,7.643,6.204,8.84,0.5903,6.204,-0.02364,0.267,26.96,26.96,27.03,8.18,8.16,8.207,20,-0.866,0.5,1215,0,0,0,0,0,45,1
2026-03-26T20:20:00,node_001,6.527,5.405,7.326,0.5206,7.249,0.02582,-1.1159,26.96,26.96,26.96,8.173,8.152,8.195,20,-0.866,0.5,1220,0,0,0,0,0,44,1
2026-03-26T20:25:00,node_001,7.718,6.664,8.861,0.5529,7.4,-0.0064,1.1906,26.96,26.96,27.03,8.167,8.144,8.188,20,-0.866,0.5,1225,0,0,0,0,0,44,1
2026-03-26T20:30:00,node_001,7.45,6.587,8.348,0.4588,7.184,0.00305,-0.2681,26.96,26.96,26.96,8.167,8.14,8.194,20,-0.866,0.5,1230,0,0,0,0,0,43,1
2026-03-26T20:35:00,node_001,7.214,6.497,8.203,0.4157,7.44,0.00966,-0.2357,26.97,26.96,27.03,8.172,8.143,8.204,20,-0.866,0.5,1235,0,0,0,0,0,45,1
2026-03-26T20:40:00,node_001,7.29,6.064,8.183,0.6029,7.854,0.0344,0.0756,26.96,26.96,27.03,8.166,8.139,8.185,20,-0.866,0.5,1240,0,0,0,0,0,44,1
2026-03-26T20:45:00,node_001,7.6,6.405,8.85,0.5609,7.64,0.02304,0.3099,26.96,26.96,27.03,8.161,8.142,8.189,20,-0.866,0.5,1245,0,0,0,0,0,43,1
2026-03-26T20:50:00,node_001,7.739,6.86,8.947,0.6067,6.9,-0.00413,0.1394,26.96,26.96,27.03,8.156,8.133,8.179,20,-0.866,0.5,1250,0,0,0,0,0,45,1
2026-03-26T20:55:00,node_001,7.806,6.617,9.049,0.6426,8.663,0.02002,0.0671,26.96,26.89,26.96,8.159,8.133,8.177,20,-0.866,0.5,1255,0,0,0,0,0,44,1
2026-03-26T21:00:00,node_001,7.686,6.925,8.849,0.5574,7.884,-0.02871,-0.12,26.96,26.89,27.03,8.157,8.129,8.176,21,-0.7071,0.7071,1260,0,0,0,0,0,44,1
2026-03-26T21:05:00,node_001,7.804,7.01,8.675,0.4207,7.888,0.01721,0.1182,26.97,26.96,27.03,8.175,8.143,8.217,21,-0.7071,0.7071,1265,0,0,0,0,0,44,1
2026-03-26T21:10:00,node_001,7.4,6.46,8.32,0.5341,6.727,-0.02865,-0.4036,26.97,26.96,27.03,8.161,8.146,8.182,21,-0.7071,0.7071,1270,0,0,0,0,0,44,1
2026-03-26T21:15:00,node_001,7.451,6.466,9.047,0.783,9.047,0.05014,0.0508,26.96,26.96,26.96,8.155,8.133,8.186,21,-0.7071,0.7071,1275,0,0,0,0,0,44,1
2026-03-26T21:20:00,node_001,8.323,7.38,9.157,0.4485,8.342,-0.0129,0.8715,26.96,26.96,27.03,8.15,8.129,8.177,21,-0.7071,0.7071,1280,0,0,0,0,0,44,1
2026-03-26T21:25:00,node_001,7.772,6.934,9.099,0.5789,8.2,-0.01984,-0.551,26.96,26.96,26.96,8.146,8.124,8.17,21,-0.7071,0.7071,1285,0,0,0,0,0,44,1
2026-03-26T21:30:00,node_001,8.034,7.369,8.649,0.3557,7.722,-0.07136,0.2618,26.96,26.96,26.96,8.147,8.125,8.161,21,-0.7071,0.7071,1290,0,0,0,0,0,12,1
2026-03-26T21:35:00,node_001,7.845,6.897,8.59,0.4016,7.691,-0.01332,-0.1886,26.96,26.96,27.03,8.137,8.115,8.168,21,-0.7071,0.7071,1295,0,0,0,0,0,44,1
2026-03-26T21:40:00,node_001,7.709,7.046,8.49,0.377,8.26,-0.00089,-0.0096,26.96,26.96,27.03,8.128,8.102,8.156,21,-0.7071,0.7071,1300,0,0,0,0,0,44,1
2026-03-26T21:45:00,node_001,7.551,6.369,8.629,0.6046,7.912,-0.02155,-0.1576,26.96,26.96,27.03,8.127,8.104,8.158,21,-0.7071,0.7071,1305,0,0,0,0,0,44,1
2026-03-26T21:50:00,node_001,6.891,5.941,8.239,0.6368,7.267,-0.03189,-0.6601,26.96,26.96,27.03,8.115,8.093,8.138,21,-0.7071,0.7071,1310,0,0,0,0,0,44,1
2026-03-26T21:55:00,node_001,7.371,6.552,8.189,0.4385,6.86,0.00468,0.4801,26.96,26.96,27.03,8.118,8.101,8.143,21,-0.7071,0.7071,1315,0,0,0,0,0,43,1
2026-03-26T22:00:00,node_001,7.261,6.413,8.125,0.4971,7.867,0.00625,-0.1097,26.96,26.96,27.03,8.12,8.098,8.148,22,-0.5,0.866,1320,0,0,0,0,0,45,1
2026-03-26T22:05:00,node_001,7.367,6.311,8.781,0.6326,7.111,-0.03183,0.106,26.96,26.96,27.03,8.122,8.098,8.143,22,-0.5,0.866,1325,0,0,0,0,0,44,1
2026-03-26T22:10:00,node_001,7.894,6.802,9.342,0.7534,7.877,0.03285,0.5268,26.96,26.96,26.96,8.128,8.106,8.152,22,-0.5,0.866,1330,0,0,0,0,0,43,1
2026-03-26T22:15:00,node_001,8.736,7.79,9.567,0.4068,8.75,-0.00749,0.8423,26.95,26.89,26.96,8.135,8.116,8.154,22,-0.5,0.866,1335,0,0,0,0,0,44,1
2026-03-26T22:20:00,node_001,8.327,7.546,9.246,0.3474,9.043,-0.00691,-0.4086,26.96,26.89,26.96,8.133,8.111,8.157,22,-0.5,0.866,1340,0,0,0,0,0,45,1
2026-03-26T22:25:00,node_001,8.509,7.654,9.363,0.4592,8.283,0.00447,0.1818,26.95,26.89,26.96,8.137,8.116,8.166,22,-0.5,0.866,1345,0,0,0,0,0,44,1
2026-03-26T22:30:00,node_001,8.296,7.697,8.948,0.3352,7.713,-0.00037,-0.2134,26.95,26.89,26.96,8.139,8.119,8.165,22,-0.5,0.866,1350,0,0,0,0,0,44,1
2026-03-26T22:35:00,node_001,8.207,6.79,9.343,0.6291,8.119,0.02894,-0.089,26.95,26.89,26.96,8.145,8.127,8.179,22,-0.5,0.866,1355,0,0,0,0,0,44,1
2026-03-26T22:40:00,node_001,7.573,6.829,9.084,0.4722,7.195,-0.00207,-0.6337,26.95,26.89,26.96,8.139,8.119,8.165,22,-0.5,0.866,1360,0,0,0,0,0,44,1
2026-03-26T22:45:00,node_001,7.776,6.641,9.17,0.6437,7.994,-0.0023,0.2027,26.95,26.89,26.96,8.141,8.117,8.161,22,-0.5,0.866,1365,0,0,0,0,0,43,1
2026-03-26T22:50:00,node_001,7.999,7.129,8.906,0.4861,7.129,0.01175,0.2227,26.95,26.89,26.96,8.195,8.136,8.292,22,-0.5,0.866,1370,0,0,0,0,0,45,1
2026-03-26T22:55:00,node_001,8.439,7.026,9.364,0.7138,9.326,0.02538,0.44,26.95,26.89,26.96,8.181,8.132,8.266,22,-0.5,0.866,1375,0,0,0,0,0,44,1
2026-03-26T23:00:00,node_001,8.536,7.671,9.576,0.476,8.601,-0.00939,0.0966,26.95,26.89,26.96,8.161,8.139,8.182,23,-0.2588,0.9659,1380,0,0,0,0,0,45,1
2026-03-26T23:05:00,node_001,8.342,7.279,9.4,0.4948,8.806,0.00492,-0.1944,26.95,26.89,26.96,8.168,8.144,8.184,23,-0.2588,0.9659,1385,0,0,0,0,0,43,1
2026-03-26T23:10:00,node_001,7.929,7.077,9.001,0.4774,7.661,-0.00995,-0.4126,26.95,26.89,26.96,8.174,8.149,8.194,23,-0.2588,0.9659,1390,0,0,0,0,0,44,1
2026-03-26T23:15:00,node_001,7.968,7.229,8.957,0.4451,8.201,0.00188,0.0392,26.96,26.89,26.96,8.185,8.168,8.219,23,-0.2588,0.9659,1395,0,0,0,0,0,45,1
2026-03-26T23:20:00,node_001,7.535,6.528,9.167,0.6869,6.528,0.0059,-0.4331,26.96,26.96,26.96,8.187,8.164,8.207,23,-0.2588,0.9659,1400,0,0,0,0,0,42,1
2026-03-26T23:25:00,node_001,8.073,6.401,9.614,0.8483,8.223,-0.00913,0.5385,26.96,26.96,26.96,8.178,8.154,8.204,23,-0.2588,0.9659,1405,0,0,0,0,0,45,1
2026-03-26T23:30:00,node_001,8.198,6.914,9.588,0.7433,7.34,0.0328,0.1253,26.96,26.96,27.03,8.182,8.159,8.209,23,-0.2588,0.9659,1410,0,0,0,0,0,44,1
2026-03-26T23:35:00,node_001,8.157,7.131,9.001,0.4568,8.092,0.00231,-0.0414,26.96,26.89,27.03,8.185,8.165,8.206,23,-0.2588,0.9659,1415,0,0,0,0,0,44,1
2026-03-26T23:40:00,node_001,7.601,6.443,8.479,0.5059,6.443,-0.01797,-0.5558,26.96,26.96,26.96,8.186,8.157,8.213,23,-0.2588,0.9659,1420,0,0,0,0,0,44,1
2026-03-26T23:45:00,node_001,7.292,6.004,8.477,0.6665,7.221,0.02451,-0.3089,26.97,26.96,27.03,8.185,8.164,8.204,23,-0.2588,0.9659,1425,0,0,0,0,0,44,1
2026-03-26T23:50:00,node_001,7.886,6.677,9.092,0.6458,8.305,0.01347,0.5939,26.97,26.96,27.03,8.186,8.157,8.207,23,-0.2588,0.9659,1430,0,0,0,0,0,45,1
2026-03-26T23:55:00,node_001,7.542,5.99,8.678,0.6811,7.647,0.03134,-0.3437,26.98,26.96,27.03,8.185,8.165,8.214,23,-0.2588,0.9659,1435,0,0,0,0,0,43,1
2026-03-27T00:00:00,node_001,7.607,6.649,8.443,0.414,7.763,-0.02052,0.0647,26.97,26.96,27.03,8.195,8.164,8.221,0,0.0,1.0,0,0,0,0,0,0,44,1
2026-03-27T00:05:00,node_001,7.497,6.581,8.993,0.7071,8.027,-0.02254,-0.1098,26.97,26.96,27.03,8.183,8.158,8.201,0,0.0,1.0,5,0,0,0,0,0,45,1
2026-03-27T00:10:00,node_001,7.913,7.018,9.242,0.4973,7.705,-0.00942,0.4159,26.98,26.96,27.03,8.186,8.165,8.213,0,0.0,1.0,10,0,0,0,0,0,44,1
2026-03-27T00:15:00,node_001,8.069,7.198,9.197,0.4735,7.56,0.00997,0.1562,26.99,26.96,27.03,8.182,8.154,8.209,0,0.0,1.0,15,0,0,0,0,0,43,1
2026-03-27T00:20:00,node_001,8.394,7.119,10.205,0.7447,8.436,-0.01588,0.3246,26.98,26.96,27.03,8.182,8.158,8.2,0,0.0,1.0,20,0,0,0,0,0,44,1
2026-03-27T00:25:00,node_001,8.028,7.009,9.164,0.5527,9.164,-0.00097,-0.366,26.97,26.96,27.03,8.176,8.148,8.203,0,0.0,1.0,25,0,0,0,0,0,44,1
2026-03-27T00:25:00,node_001,8.027,7.009,9.164,0.559,9.164,-0.00097,-0.3666,26.97,26.96,27.03,8.176,8.148,8.196,0,0.0,1.0,25,0,0,0,0,0,43,1
2026-03-27T00:30:00,node_001,8.205,7.179,9.241,0.5646,7.232,-0.0017,0.1765,26.98,26.96,27.03,8.179,8.16,8.2,0,0.0,1.0,30,0,0,0,0,0,43,1
2026-03-27T00:30:00,node_001,8.205,7.179,9.241,0.5646,7.232,-0.0017,0.1775,26.98,26.96,27.03,8.179,8.16,8.2,0,0.0,1.0,30,0,0,0,0,0,43,1
2026-03-27T00:35:00,node_001,7.548,6.595,8.326,0.4628,8.161,0.01173,-0.6567,27.0,26.96,27.03,8.173,8.153,8.204,0,0.0,1.0,35,0,0,0,0,0,44,1
2026-03-27T00:40:00,node_001,8.382,7.412,9.18,0.4965,8.574,0.01596,0.8342,26.99,26.96,27.03,8.181,8.156,8.233,0,0.0,1.0,40,0,0,0,0,0,43,1
2026-03-27T00:45:00,node_001,8.541,7.507,9.612,0.5445,8.94,-0.00494,0.1588,26.99,26.96,27.03,8.17,8.144,8.202,0,0.0,1.0,45,0,0,0,0,0,44,1
2026-03-27T00:50:00,node_001,8.619,7.502,9.335,0.4312,9.187,0.00238,0.0777,27.01,26.96,27.03,8.176,8.147,8.251,0,0.0,1.0,50,0,0,0,0,0,44,1
2026-03-27T00:55:00,node_001,8.213,6.619,9.406,0.7256,6.619,-0.03241,-0.4058,27.01,26.96,27.03,8.157,8.134,8.174,0,0.0,1.0,55,0,0,0,0,0,44,1
2026-03-27T01:00:00,node_001,8.085,6.993,9.52,0.603,8.923,0.0278,-0.1279,27.02,26.96,27.03,8.157,8.133,8.181,1,0.2588,0.9659,60,0,0,0,0,0,45,1
2026-03-27T01:05:00,node_001,8.525,7.425,9.561,0.5383,8.133,-0.01754,0.4405,27.01,26.96,27.03,8.188,8.132,8.252,1,0.2588,0.9659,65,0,0,0,0,0,42,1
2026-03-27T01:10:00,node_001,7.473,6.593,8.597,0.4386,6.593,-0.00613,-1.0523,26.98,26.96,27.03,8.169,8.141,8.216,1,0.2588,0.9659,70,0,0,0,0,0,44,1
2026-03-27T01:15:00,node_001,7.665,6.524,8.681,0.6114,8.299,0.03822,0.192,26.98,26.96,27.03,8.158,8.136,8.187,1,0.2588,0.9659,75,0,0,0,0,0,45,1
2026-03-27T01:20:00,node_001,7.626,7.128,8.4,0.3793,7.541,0.00074,-0.0389,26.99,26.96,27.03,8.16,8.138,8.188,1,0.2588,0.9659,80,0,0,0,0,0,44,1
2026-03-27T01:25:00,node_001,7.783,6.889,8.369,0.3709,8.147,0.01349,0.1568,26.98,26.96,27.03,8.16,8.139,8.177,1,0.2588,0.9659,85,0,0,0,0,0,43,1
2026-03-27T01:30:00,node_001,8.061,6.697,9.256,0.5716,7.626,0.01261,0.2778,27.0,26.96,27.03,8.161,8.139,8.186,1,0.2588,0.9659,90,0,0,0,0,0,44,1
2026-03-27T01:35:00,node_001,7.974,7.177,8.857,0.4855,7.274,0.00596,-0.0871,26.99,26.96,27.03,8.174,8.15,8.194,1,0.2588,0.9659,95,0,0,0,0,0,45,1
2026-03-27T01:40:00,node_001,7.867,6.323,8.859,0.6825,6.323,-0.03615,-0.1074,26.99,26.96,27.03,8.191,8.164,8.212,1,0.2588,0.9659,100,0,0,0,0,0,42,1
2026-03-27T01:45:00,node_001,8.21,6.401,9.335,0.6854,7.64,0.00644,0.343,26.99,26.96,27.03,8.197,8.16,8.224,1,0.2588,0.9659,105,0,0,0,0,0,44,1
2026-03-27T01:50:00,node_001,7.973,6.743,9.334,0.7922,7.246,0.04262,-0.2372,27.0,26.96,27.03,8.197,8.18,8.232,1,0.2588,0.9659,110,0,0,0,0,0,45,1
2026-03-27T01:55:00,node_001,7.913,6.612,8.946,0.789,8.173,0.05031,-0.0603,27.01,26.96,27.03,8.2,8.179,8.218,1,0.2588,0.9659,115,0,0,0,0,0,44,1
2026-03-27T02:00:00,node_001,7.405,6.221,8.607,0.7028,6.82,-0.0243,-0.5075,26.99,26.96,27.03,8.202,8.185,8.224,2,0.5,0.866,120,0,0,0,0,0,43,1
2026-03-27T02:05:00,node_001,7.349,6.379,8.524,0.656,6.778,-0.01854,-0.0561,27.01,26.96,27.03,8.202,8.171,8.229,2,0.5,0.866,125,0,0,0,0,0,44,1
2026-03-27T02:10:00,node_001,8.208,7.399,8.965,0.4276,8.414,0.02084,0.8594,27.02,26.96,27.03,8.202,8.174,8.231,2,0.5,0.866,130,0,0,0,0,0,45,1
2026-03-27T02:15:00,node_001,8.361,7.235,8.931,0.4688,7.843,-0.01215,0.1532,27.0,26.96,27.03,8.198,8.175,8.229,2,0.5,0.866,135,0,0,0,0,0,44,1
2026-03-27T02:20:00,node_001,8.086,7.07,8.925,0.4666,8.069,-0.02149,-0.2746,27.02,26.96,27.03,8.2,8.173,8.222,2,0.5,0.866,140,0,0,0,0,0,42,1
2026-03-27T02:25:00,node_001,7.989,6.773,8.683,0.479,8.357,0.01685,-0.0966,27.02,26.96,27.03,8.212,8.189,8.236,2,0.5,0.866,145,0,0,0,0,0,45,1
2026-03-27T02:30:00,node_001,7.719,7.05,8.431,0.3434,7.909,-0.00017,-0.2695,27.01,26.96,27.03,8.207,8.181,8.225,2,0.5,0.866,150,0,0,0,0,0,44,1
2026-03-27T02:35:00,node_001,7.826,7.26,8.413,0.3144,7.609,-0.00418,0.1072,27.01,26.96,27.03,8.219,8.179,8.252,2,0.5,0.866,155,0,0,0,0,0,43,1
2026-03-27T02:40:00,node_001,7.479,6.81,8.023,0.2758,7.274,-0.00752,-0.3473,27.02,26.96,27.03,8.212,8.19,8.236,2,0.5,0.866,160,0,0,0,0,0,44,1
2026-03-27T02:45:00,node_001,7.028,5.665,8.06,0.7095,7.384,-0.00233,-0.4511,27.03,26.96,27.03,8.215,8.198,8.253,2,0.5,0.866,165,0,0,0,0,0,45,1
2026-03-27T02:50:00,node_001,6.904,6.076,7.629,0.3889,6.873,-0.00929,-0.1239,27.02,26.96,27.03,8.213,8.182,8.239,2,0.5,0.866,170,0,0,0,0,0,43,1
2026-03-27T02:55:00,node_001,6.643,5.89,7.319,0.3553,6.936,-0.00147,-0.261,27.02,26.96,27.03,8.22,8.197,8.252,2,0.5,0.866,175,0,0,0,0,0,44,1
2026-03-27T03:00:00,node_001,6.561,5.743,7.121,0.3473,7.056,0.00849,-0.0819,27.03,27.03,27.1,8.213,8.188,8.236,3,0.7071,0.7071,180,0,0,0,0,0,45,1
2026-03-27T03:05:00,node_001,6.657,5.955,7.395,0.3751,7.063,0.01329,0.0958,27.03,26.96,27.03,8.217,8.19,8.243,3,0.7071,0.7071,185,0,0,0,0,0,44,1
2026-03-27T03:10:00,node_001,6.205,5.256,7.082,0.4356,5.972,-0.01519,-0.4516,27.03,27.03,27.1,8.218,8.201,8.235,3,0.7071,0.7071,190,0,0,0,0,0,43,1
2026-03-27T05:30:00,node_001,5.323,4.858,5.925,0.3061,5.741,0.03452,-0.8819,27.01,26.96,27.03,8.192,8.176,8.202,5,0.9659,0.2588,330,0,0,0,0,0,15,1
2026-03-27T05:35:00,node_001,5.677,4.666,6.639,0.4849,4.666,-0.02364,0.3538,27.0,26.96,27.03,8.199,8.171,8.23,5,0.9659,0.2588,335,0,0,0,0,0,44,1
2026-03-27T05:40:00,node_001,6.184,5.575,6.916,0.3335,6.205,-0.01142,0.5068,26.98,26.96,27.03,8.202,8.186,8.218,5,0.9659,0.2588,340,0,0,0,0,0,27,1
2026-03-27T05:45:00,node_001,6.178,5.34,6.796,0.344,6.488,0.00817,-0.0064,26.99,26.96,27.03,8.204,8.183,8.225,5,0.9659,0.2588,345,0,0,0,0,0,44,1
2026-03-27T05:50:00,node_001,6.2,5.201,6.97,0.4741,6.97,0.01805,0.0224,27.0,26.96,27.03,8.197,8.175,8.217,5,0.9659,0.2588,350,0,0,0,0,0,43,1
2026-03-27T05:55:00,node_001,6.379,5.059,7.373,0.7006,6.256,0.00081,0.1787,26.97,26.96,27.03,8.192,8.171,8.214,5,0.9659,0.2588,355,0,0,0,0,0,44,1
2026-03-27T06:00:00,node_001,6.283,5.32,7.386,0.5837,6.788,0.02272,-0.0963,26.96,26.96,26.96,8.178,8.158,8.201,6,1.0,0.0,360,1,0,0,0,0,44,1
2026-03-27T06:05:00,node_001,7.171,6.257,8.023,0.5029,6.876,0.00168,0.888,26.95,26.89,26.96,8.175,8.149,8.213,6,1.0,0.0,365,1,0,0,0,0,44,1
2026-03-27T06:10:00,node_001,7.293,6.012,8.417,0.6964,7.675,0.04108,0.1222,26.95,26.89,26.96,8.165,8.14,8.184,6,1.0,0.0,370,1,0,0,0,0,44,1
2026-03-27T06:15:00,node_001,7.85,7.265,8.601,0.3182,7.689,-0.0009,0.5567,26.94,26.89,26.96,8.165,8.135,8.199,6,1.0,0.0,375,1,0,0,0,0,44,1
2026-03-27T06:20:00,node_001,7.451,6.408,8.381,0.3959,7.213,-0.02094,-0.3988,26.92,26.89,26.96,8.143,8.122,8.167,6,1.0,0.0,380,1,0,0,0,0,44,1
2026-03-27T06:25:00,node_001,7.122,5.916,8.2,0.6731,7.145,0.00077,-0.3293,26.89,26.89,26.89,8.144,8.117,8.17,6,1.0,0.0,385,1,0,0,0,0,43,1
2026-03-27T06:30:00,node_001,7.349,6.18,8.507,0.6941,8.02,5e-05,0.2274,26.89,26.82,26.89,8.142,8.116,8.183,6,1.0,0.0,390,1,0,0,0,0,45,1
2026-03-27T06:35:00,node_001,7.962,7.09,8.828,0.4256,8.703,0.00795,0.613,26.88,26.82,26.89,8.135,8.109,8.165,6,1.0,0.0,395,1,0,0,0,0,44,1
2026-03-27T06:40:00,node_001,8.449,6.994,9.164,0.4634,9.007,0.00376,0.4873,26.85,26.82,26.89,8.125,8.1,8.147,6,1.0,0.0,400,1,0,0,0,0,43,1
2026-03-27T06:45:00,node_001,8.001,6.908,9.009,0.5359,7.488,-0.00411,-0.4483,26.83,26.82,26.89,8.121,8.102,8.138,6,1.0,0.0,405,1,0,0,0,0,44,1
2026-03-27T06:50:00,node_001,8.08,7.223,8.919,0.4341,8.31,0.00329,0.0793,26.83,26.82,26.89,8.121,8.101,8.148,6,1.0,0.0,410,1,0,0,0,0,44,1
2026-03-27T06:55:00,node_001,8.449,6.958,9.288,0.5906,8.869,0.00553,0.3691,26.83,26.82,26.82,8.121,8.097,8.151,6,1.0,0.0,415,1,0,0,0,0,45,1
2026-03-27T07:00:00,node_001,8.441,7.843,9.085,0.3459,7.882,-0.01608,-0.0077,26.82,26.76,26.82,8.126,8.098,8.152,7,0.9659,-0.2588,420,1,0,0,0,0,40,1
2026-03-27T07:05:00,node_001,8.159,7.293,8.972,0.4486,8.96,-0.00222,-0.2822,26.8,26.76,26.82,8.116,8.087,8.137,7,0.9659,-0.2588,425,1,0,0,0,0,45,1
2026-03-27T07:10:00,node_001,8.289,7.519,9.107,0.3932,8.135,-0.00161,0.1298,26.78,26.76,26.82,8.109,8.092,8.138,7,0.9659,-0.2588,430,1,0,0,0,0,44,1
2026-03-27T07:15:00,node_001,8.192,7.425,9.246,0.4974,9.144,0.03022,-0.0971,26.76,26.76,26.82,8.115,8.079,8.173,7,0.9659,-0.2588,435,1,0,0,0,0,43,1
2026-03-27T07:20:00,node_001,8.325,7.343,9.155,0.4931,8.115,-0.02213,0.1332,26.76,26.69,26.82,8.084,8.055,8.106,7,0.9659,-0.2588,440,1,0,0,0,0,44,1
2026-03-27T07:25:00,node_001,7.923,6.764,9.247,0.6486,8.997,-0.00774,-0.4019,26.76,26.69,26.82,8.064,8.04,8.086,7,0.9659,-0.2588,445,1,0,0,0,0,44,1
2026-03-27T07:30:00,node_001,8.324,7.312,9.301,0.6035,7.349,-0.03671,0.4006,26.75,26.69,26.76,8.06,8.04,8.078,7,0.9659,-0.2588,450,1,0,0,0,0,43,1
2026-03-27T07:35:00,node_001,7.82,6.815,9.421,0.7162,9.421,0.04307,-0.5045,26.7,26.69,26.76,8.062,8.046,8.098,7,0.9659,-0.2588,455,1,0,0,0,0,45,1
2026-03-27T07:40:00,node_001,8.398,7.563,9.074,0.3885,7.942,-0.00275,0.5777,26.7,26.69,26.76,8.061,8.039,8.085,7,0.9659,-0.2588,460,1,0,0,0,0,44,1
2026-03-27T07:45:00,node_001,8.403,7.367,9.25,0.5932,8.093,-0.00638,0.0047,26.68,26.62,26.69,8.057,8.035,8.081,7,0.9659,-0.2588,465,1,0,0,0,0,44,1
2026-03-27T07:50:00,node_001,7.955,7.178,9.103,0.4888,7.527,-0.00355,-0.4476,26.69,26.62,26.69,8.047,8.027,8.071,7,0.9659,-0.2588,470,1,0,0,0,0,43,1
2026-03-27T07:55:00,node_001,7.7,6.749,8.732,0.5169,7.121,-0.01301,-0.2552,26.69,26.62,26.69,8.049,8.034,8.069,7,0.9659,-0.2588,475,1,0,0,0,0,44,1
2026-03-27T08:00:00,node_001,7.709,6.598,9.024,0.7477,6.598,0.00688,0.0093,26.65,26.62,26.69,8.046,8.014,8.068,8,0.866,-0.5,480,1,0,0,0,0,45,1
2026-03-27T08:05:00,node_001,7.672,6.574,8.733,0.5084,8.469,0.01894,-0.0371,26.64,26.62,26.69,8.035,8.017,8.068,8,0.866,-0.5,485,1,0,0,0,0,44,1
2026-03-27T08:10:00,node_001,8.319,7.617,9.283,0.4536,8.579,0.00934,0.6471,26.62,26.55,26.69,8.031,8.002,8.045,8,0.866,-0.5,490,1,0,0,0,0,43,1
2026-03-27T08:15:00,node_001,7.532,6.551,8.927,0.574,8.472,-0.00128,-0.7874,26.62,26.55,26.62,8.028,8.008,8.046,8,0.866,-0.5,495,1,0,0,0,0,44,1
2026-03-27T08:20:00,node_001,8.001,7.034,9.053,0.5144,7.955,0.01104,0.4694,26.62,26.55,26.62,8.037,8.011,8.064,8,0.866,-0.5,500,1,0,0,0,0,45,1
2026-03-27T08:25:00,node_001,7.697,6.515,9.227,0.7631,8.466,-0.02224,-0.3044,26.62,26.55,26.62,8.036,8.014,8.057,8,0.866,-0.5,505,1,0,0,0,0,43,1
2026-03-27T08:30:00,node_001,8.554,7.502,9.44,0.4627,8.944,0.02055,0.8566,26.6,26.55,26.62,8.039,8.018,8.06,8,0.866,-0.5,510,1,0,0,0,0,44,1
2026-03-27T08:35:00,node_001,8.102,6.955,9.369,0.5408,8.417,0.00686,-0.4516,26.57,26.55,26.62,8.053,8.03,8.073,8,0.866,-0.5,515,1,0,0,0,0,44,1
2026-03-27T08:40:00,node_001,7.534,6.765,8.786,0.5331,7.307,-0.02387,-0.5677,26.56,26.55,26.62,8.053,8.023,8.084,8,0.866,-0.5,520,1,0,0,0,0,44,1
2026-03-27T08:45:00,node_001,8.01,7.068,9.923,0.7879,8.216,0.04918,0.4761,26.55,26.48,26.55,8.055,8.039,8.083,8,0.866,-0.5,525,1,0,0,0,0,44,1
2026-03-27T08:50:00,node_001,7.978,6.982,8.766,0.3818,7.608,-0.00353,-0.0315,26.55,26.48,26.62,8.061,8.033,8.104,8,0.866,-0.5,530,1,0,0,0,0,44,1
2026-03-27T08:55:00,node_001,8.677,7.8,9.819,0.5711,7.818,-0.01255,0.6993,26.55,26.48,26.55,8.054,8.023,8.073,8,0.866,-0.5,535,1,0,0,0,0,44,1
2026-03-27T09:00:00,node_001,8.921,7.744,9.835,0.5261,9.451,0.02853,0.244,26.54,26.48,26.55,8.052,8.03,8.076,9,0.7071,-0.7071,540,1,0,0,0,0,43,1
2026-03-27T09:05:00,node_001,8.975,7.851,10.055,0.4923,9.169,-0.01112,0.0543,26.53,26.48,26.55,8.061,8.034,8.086,9,0.7071,-0.7071,545,1,0,0,0,0,44,1
2026-03-27T09:10:00,node_001,8.496,7.314,9.618,0.5953,9.084,-0.00245,-0.479,26.5,26.48,26.55,8.056,8.037,8.081,9,0.7071,-0.7071,550,1,0,0,0,0,45,1
2026-03-27T09:15:00,node_001,8.007,6.954,9.333,0.6881,7.932,-0.03882,-0.4891,26.5,26.48,26.55,8.059,8.038,8.078,9,0.7071,-0.7071,555,1,0,0,0,0,43,1
2026-03-27T09:20:00,node_001,8.935,8.066,9.694,0.4916,8.619,-0.00922,0.9283,26.5,26.48,26.55,8.053,8.015,8.081,9,0.7071,-0.7071,560,1,0,0,0,0,43,1
2026-03-27T09:25:00,node_001,9.05,8.035,10.066,0.4399,8.75,-0.01177,0.1151,26.48,26.48,26.48,8.061,8.034,8.08,9,0.7071,-0.7071,565,1,0,0,0,0,45,1
2026-03-27T09:30:00,node_001,8.189,7.344,9.431,0.5641,8.983,-0.01031,-0.8612,26.49,26.48,26.55,8.05,8.028,8.074,9,0.7071,-0.7071,570,1,0,0,0,0,44,1
2026-03-27T09:35:00,node_001,8.905,7.664,9.808,0.5733,8.232,0.00297,0.7162,26.48,26.42,26.48,8.049,8.018,8.104,9,0.7071,-0.7071,575,1,0,0,0,0,43,1
2026-03-27T09:40:00,node_001,8.734,6.999,9.991,0.7178,8.656,0.02665,-0.171,26.48,26.42,26.48,8.038,8.018,8.062,9,0.7071,-0.7071,580,1,0,0,0,0,44,1
2026-03-27T09:45:00,node_001,8.602,7.378,9.541,0.5487,8.928,-0.02475,-0.1317,26.47,26.42,26.48,8.058,8.025,8.113,9,0.7071,-0.7071,585,1,0,0,0,0,44,1
2026-03-27T09:50:00,node_001,8.816,7.517,9.608,0.5553,9.292,-0.01082,0.214,26.45,26.42,26.48,8.067,8.022,8.124,9,0.7071,-0.7071,590,1,0,0,0,0,45,1
2026-03-27T09:55:00,node_001,8.291,7.441,9.189,0.422,8.086,-0.01902,-0.5245,26.44,26.42,26.48,8.054,8.03,8.073,9,0.7071,-0.7071,595,1,0,0,0,0,42,1
2026-03-27T10:00:00,node_001,7.834,6.672,9.289,0.6984,7.893,0.01775,-0.457,26.45,26.42,26.48,8.051,8.032,8.068,10,0.5,-0.866,600,1,0,0,0,0,44,1
2026-03-27T10:05:00,node_001,7.918,6.756,8.953,0.6444,6.988,-0.01538,0.0842,26.43,26.42,26.48,8.042,8.014,8.063,10,0.5,-0.866,605,1,0,0,0,0,45,1
2026-03-27T10:10:00,node_001,8.422,6.919,9.274,0.5575,7.509,0.0162,0.5044,26.45,26.42,26.48,8.044,8.018,8.065,10,0.5,-0.866,610,1,0,0,0,0,42,1
2026-03-27T10:15:00,node_001,8.7,7.675,9.992,0.5837,8.42,0.02305,0.2782,26.44,26.42,26.48,8.04,8.016,8.062,10,0.5,-0.866,615,1,0,0,0,0,44,1
2026-03-27T10:20:00,node_001,8.713,7.761,9.414,0.373,8.762,-0.00057,0.0134,26.43,26.42,26.48,8.037,8.018,8.059,10,0.5,-0.866,620,1,0,0,0,0,44,1
2026-03-27T10:25:00,node_001,8.735,7.768,9.725,0.5007,9.24,-1e-05,0.0217,26.42,26.42,26.48,8.037,8.015,8.066,10,0.5,-0.866,625,1,0,0,0,0,45,1
2026-03-27T10:30:00,node_001,8.711,7.594,9.745,0.559,7.872,-0.01371,-0.0239,26.43,26.42,26.48,8.043,8.022,8.069,10,0.5,-0.866,630,1,0,0,0,0,43,1
2026-03-27T10:35:00,node_001,8.5,7.642,9.235,0.3911,7.939,-0.00978,-0.2107,26.44,26.42,26.48,8.052,8.024,8.105,10,0.5,-0.866,635,1,0,0,0,0,44,1
2026-03-27T10:40:00,node_001,8.681,7.878,9.627,0.4536,8.293,0.00175,0.1808,26.43,26.42,26.48,8.068,8.043,8.092,10,0.5,-0.866,640,1,0,0,0,0,44,1
2026-03-27T10:45:00,node_001,8.103,7.455,9.061,0.4072,8.13,0.00078,-0.578,26.44,26.42,26.48,8.079,8.06,8.101,10,0.5,-0.866,645,1,0,0,0,0,44,1
2026-03-27T10:50:00,node_001,8.299,7.203,9.154,0.5366,9.139,0.00532,0.196,26.43,26.42,26.48,8.083,8.056,8.118,10,0.5,-0.866,650,1,0,0,0,0,44,1
2026-03-27T10:55:00,node_001,8.138,7.222,9.415,0.5564,9.05,-0.00012,-0.1608,26.44,26.42,26.48,8.091,8.059,8.114,10,0.5,-0.866,655,1,0,0,0,0,44,1
2026-03-27T11:00:00,node_001,8.332,7.144,9.224,0.5256,8.233,-0.01026,0.1939,26.43,26.42,26.48,8.088,8.068,8.109,11,0.2588,-0.9659,660,1,0,0,0,0,44,1
2026-03-27T11:05:00,node_001,8.361,7.164,9.387,0.5666,8.674,0.02709,0.0294,26.43,26.42,26.48,8.075,8.054,8.117,11,0.2588,-0.9659,665,1,0,0,0,0,43,1
2026-03-27T11:10:00,node_001,8.3,7.124,9.477,0.561,8.392,-0.03065,-0.0609,26.42,26.42,26.42,8.076,8.054,8.104,11,0.2588,-0.9659,670,1,0,0,0,0,45,1
2026-03-27T11:15:00,node_001,8.294,7.44,8.936,0.3648,8.381,-0.00224,-0.0061,26.44,26.42,26.48,8.075,8.045,8.108,11,0.2588,-0.9659,675,1,0,0,0,0,44,1
2026-03-27T11:20:00,node_001,8.2,7.439,8.938,0.3707,8.148,-0.00383,-0.0938,26.45,26.42,26.48,8.077,8.052,8.097,11,0.2588,-0.9659,680,1,0,0,0,0,43,1
2026-03-27T11:25:00,node_001,8.195,7.234,9.098,0.419,8.488,0.00069,-0.0055,26.47,26.42,26.48,8.08,8.059,8.101,11,0.2588,-0.9659,685,1,0,0,0,0,44,1
2026-03-27T11:30:00,node_001,7.952,6.914,9.256,0.5773,7.189,-0.03874,-0.2434,26.47,26.42,26.48,8.092,8.068,8.116,11,0.2588,-0.9659,690,1,0,0,0,0,44,1
2026-03-27T11:35:00,node_001,7.927,7.304,9.008,0.378,8.219,0.00955,-0.0254,26.48,26.42,26.48,8.1,8.078,8.132,11,0.2588,-0.9659,695,1,0,0,0,0,45,1
2026-03-27T11:40:00,node_001,7.957,6.576,9.173,0.5631,7.893,0.02921,0.0302,26.48,26.42,26.48,8.09,8.065,8.116,11,0.2588,-0.9659,700,1,0,0,0,0,43,1
2026-03-27T11:45:00,node_001,7.735,6.782,8.398,0.4161,7.522,-0.01689,-0.2223,26.48,26.42,26.48,8.09,8.065,8.118,11,0.2588,-0.9659,705,1,0,0,0,0,44,1
2026-03-27T11:50:00,node_001,7.337,6.602,8.416,0.4673,8.302,0.0035,-0.3983,26.48,26.48,26.48,8.099,8.07,8.122,11,0.2588,-0.9659,710,1,0,0,0,0,44,1
2026-03-27T11:55:00,node_001,7.756,6.999,8.505,0.3927,8.47,0.00582,0.419,26.49,26.48,26.55,8.117,8.097,8.141,11,0.2588,-0.9659,715,1,0,0,0,0,44,1
2026-03-27T12:00:00,node_001,7.914,6.859,8.644,0.4658,7.384,-0.01653,0.158,26.48,26.48,26.48,8.13,8.096,8.173,12,0.0,-1.0,720,1,0,0,0,0,44,1
2026-03-27T12:05:00,node_001,7.419,6.62,8.227,0.4201,7.647,-0.02116,-0.4945,26.48,26.48,26.48,8.14,8.113,8.186,12,0.0,-1.0,725,1,0,0,0,0,44,1
2026-03-27T12:10:00,node_001,7.801,7.501,8.068,0.1862,7.698,-0.00778,0.382,26.49,26.48,26.48,8.131,8.1,8.147,12,0.0,-1.0,730,1,0,0,0,0,15,1
2026-03-27T12:15:00,node_001,7.227,6.514,7.954,0.3642,7.954,-0.00285,-0.5737,26.48,26.42,26.55,8.142,8.112,8.174,12,0.0,-1.0,735,1,0,0,0,0,43,1
2026-03-27T12:20:00,node_001,7.201,6.643,8.043,0.3198,7.342,0.01191,-0.0262,26.49,26.48,26.55,8.137,8.11,8.179,12,0.0,-1.0,740,1,0,0,0,0,45,1
2026-03-27T12:25:00,node_001,7.286,6.692,8.268,0.3774,6.967,0.00698,0.085,26.49,26.48,26.55,8.144,8.119,8.16,12,0.0,-1.0,745,1,0,0,0,0,44,1
2026-03-27T12:30:00,node_001,7.787,6.773,8.609,0.4605,7.792,-0.00183,0.5013,26.5,26.48,26.55,8.17,8.141,8.219,12,0.0,-1.0,750,1,0,0,0,0,43,1
2026-03-27T12:35:00,node_001,7.55,6.98,8.258,0.3592,7.417,-8e-05,-0.2367,26.51,26.48,26.55,8.172,8.148,8.196,12,0.0,-1.0,755,1,0,0,0,0,44,1
2026-03-27T12:40:00,node_001,7.249,6.645,7.994,0.3301,7.267,-0.00255,-0.3005,26.5,26.48,26.55,8.179,8.164,8.202,12,0.0,-1.0,760,1,0,0,0,0,44,1
2026-03-27T12:45:00,node_001,7.192,6.459,8.109,0.4341,7.375,0.00232,-0.0566,26.52,26.48,26.55,8.188,8.17,8.215,12,0.0,-1.0,765,1,0,0,0,0,45,1
2026-03-27T12:50:00,node_001,7.084,6.267,8.304,0.4803,8.304,0.01564,-0.1079,26.54,26.48,26.55,8.198,8.17,8.219,12,0.0,-1.0,770,1,0,0,0,0,42,1
2026-03-27T12:55:00,node_001,7.544,6.477,8.321,0.4239,6.477,-0.01251,0.4601,26.56,26.55,26.62,8.205,8.181,8.23,12,0.0,-1.0,775,1,0,0,0,0,44,1
2026-03-27T13:00:00,node_001,7.655,6.373,8.731,0.5075,7.939,0.02467,0.1107,26.56,26.55,26.62,8.214,8.19,8.24,13,-0.2588,-0.9659,780,1,0,0,0,0,45,1
2026-03-27T13:05:00,node_001,7.514,6.824,8.306,0.3837,7.694,-0.00684,-0.1411,26.55,26.48,26.62,8.211,8.186,8.252,13,-0.2588,-0.9659,785,1,0,0,0,0,44,1
2026-03-27T13:10:00,node_001,7.598,6.902,8.436,0.3563,7.254,-0.00795,0.0837,26.56,26.55,26.62,8.196,8.171,8.218,13,-0.2588,-0.9659,790,1,0,0,0,0,43,1
2026-03-27T13:15:00,node_001,7.377,6.284,8.558,0.5669,6.97,-0.01805,-0.2206,26.57,26.55,26.62,8.186,8.163,8.207,13,-0.2588,-0.9659,795,1,0,0,0,0,44,1
2026-03-27T13:20:00,node_001,7.092,5.997,8.01,0.4129,7.455,0.00666,-0.2853,26.6,26.55,26.62,8.181,8.16,8.206,13,-0.2588,-0.9659,800,1,0,0,0,0,44,1
2026-03-27T13:25:00,node_001,7.298,6.059,8.291,0.5722,8.029,0.01323,0.2059,26.58,26.55,26.62,8.175,8.147,8.198,13,-0.2588,-0.9659,805,1,0,0,0,0,43,1
2026-03-27T13:30:00,node_001,7.332,6.581,8.285,0.4213,7.722,0.00132,0.0335,26.61,26.55,26.62,8.172,8.147,8.196,13,-0.2588,-0.9659,810,1,0,0,0,0,44,1
2026-03-27T13:35:00,node_001,7.824,6.784,8.571,0.4494,8.286,0.01416,0.4915,26.61,26.55,26.62,8.193,8.168,8.223,13,-0.2588,-0.9659,815,1,0,0,0,0,44,1
2026-03-27T13:40:00,node_001,7.635,7.023,8.288,0.3106,7.419,-0.00703,-0.1891,26.62,26.62,26.62,8.225,8.2,8.267,13,-0.2588,-0.9659,820,1,0,0,0,0,43,1
2026-03-27T13:45:00,node_001,7.34,6.474,8.371,0.5281,7.197,0.006,-0.2947,26.65,26.62,26.69,8.274,8.228,8.332,13,-0.2588,-0.9659,825,1,0,0,0,0,45,1
2026-03-27T13:50:00,node_001,7.237,6.574,7.803,0.3055,7.171,-0.00084,-0.1034,26.66,26.62,26.69,8.33,8.295,8.364,13,-0.2588,-0.9659,830,1,0,0,0,0,44,1
2026-03-27T13:55:00,node_001,6.849,6.364,7.859,0.342,6.656,0.00118,-0.388,26.68,26.62,26.76,8.4,8.342,8.445,13,-0.2588,-0.9659,835,1,0,0,0,0,44,1
2026-03-27T14:00:00,node_001,7.406,6.589,8.16,0.3359,6.589,-0.0131,0.5572,26.72,26.69,26.76,8.468,8.437,8.494,14,-0.5,-0.866,840,1,0,0,0,0,44,1
2026-03-27T14:05:00,node_001,7.057,6.021,8.068,0.4433,7.028,-0.01029,-0.349,26.76,26.69,26.82,8.475,8.445,8.501,14,-0.5,-0.866,845,1,0,0,0,0,44,1
2026-03-27T14:10:00,node_001,7.031,6.496,8.274,0.4043,7.253,-0.0137,-0.0263,26.82,26.76,26.89,8.48,8.449,8.515,14,-0.5,-0.866,850,1,0,0,0,0,44,1
2026-03-27T14:15:00,node_001,6.797,6.08,7.668,0.4735,7.51,0.01024,-0.2335,26.88,26.82,26.89,8.547,8.491,8.588,14,-0.5,-0.866,855,1,0,0,0,0,43,1
2026-03-27T14:20:00,node_001,7.374,6.699,8.342,0.4835,8.133,0.01888,0.5768,26.92,26.89,26.96,8.617,8.586,8.657,14,-0.5,-0.866,860,1,0,0,0,0,44,1
2026-03-27T14:25:00,node_001,8.197,7.01,8.962,0.4374,8.536,0.01056,0.8228,26.95,26.89,26.96,8.627,8.593,8.655,14,-0.5,-0.866,865,1,0,0,0,0,44,1
2026-03-27T14:30:00,node_001,7.209,6.385,8.051,0.4374,7.141,-0.01398,-0.988,26.99,26.96,27.03,8.616,8.584,8.635,14,-0.5,-0.866,870,1,0,0,0,0,45,1
2026-03-27T14:35:00,node_001,7.495,6.718,8.445,0.4033,6.952,-0.0161,0.2864,27.03,26.96,27.1,8.623,8.587,8.657,14,-0.5,-0.866,875,1,0,0,0,0,43,1
2026-03-27T14:40:00,node_001,7.556,6.451,8.597,0.4814,7.982,0.02523,0.0611,27.07,27.03,27.1,8.599,8.564,8.632,14,-0.5,-0.866,880,1,0,0,0,0,44,1
2026-03-27T14:45:00,node_001,7.483,6.751,8.233,0.4464,7.071,-0.01982,-0.0729,27.11,27.1,27.16,8.594,8.546,8.627,14,-0.5,-0.866,885,1,0,0,0,0,44,1
2026-03-27T14:50:00,node_001,7.856,6.194,8.763,0.6511,7.8,0.02926,0.3732,27.17,27.1,27.23,8.559,8.528,8.587,14,-0.5,-0.866,890,1,0,0,0,0,43,1
2026-03-27T14:55:00,node_001,8.03,7.106,8.757,0.3546,7.306,0.00277,0.1736,27.23,27.16,27.23,8.545,8.499,8.597,14,-0.5,-0.866,895,1,0,0,0,0,45,1
2026-03-27T15:00:00,node_001,7.407,6.299,8.532,0.5032,7.894,-0.01951,-0.6232,27.29,27.23,27.37,8.591,8.546,8.63,15,-0.7071,-0.7071,900,1,0,0,0,0,44,1
2026-03-27T15:05:00,node_001,7.747,6.71,8.855,0.4644,8.169,0.01011,0.3403,27.36,27.3,27.44,8.616,8.59,8.648,15,-0.7071,-0.7071,905,1,0,0,0,0,45,1
2026-03-27T15:10:00,node_001,7.579,6.732,8.324,0.4023,8.154,0.00966,-0.1684,27.42,27.37,27.44,8.622,8.59,8.652,15,-0.7071,-0.7071,910,1,0,0,0,0,42,1
2026-03-27T15:15:00,node_001,7.674,7.192,8.414,0.3282,7.918,0.00469,0.0952,27.46,27.37,27.5,8.574,8.526,8.635,15,-0.7071,-0.7071,915,1,0,0,0,0,44,1
2026-03-27T15:20:00,node_001,7.68,6.823,8.414,0.4317,7.884,0.01039,0.0056,27.52,27.5,27.57,8.518,8.476,8.559,15,-0.7071,-0.7071,920,1,0,0,0,0,44,1
2026-03-27T15:25:00,node_001,7.892,6.873,8.885,0.5149,7.646,-0.02811,0.212,27.63,27.5,27.71,8.692,8.522,8.84,15,-0.7071,-0.7071,925,1,0,0,0,0,43,1
2026-03-27T15:30:00,node_001,7.825,6.776,8.78,0.5592,7.408,0.00275,-0.0667,27.77,27.71,27.84,8.873,8.824,8.911,15,-0.7071,-0.7071,930,1,0,0,0,0,44,1
2026-03-27T15:35:00,node_001,8.058,7.554,8.985,0.3325,7.625,-0.00028,0.2326,27.92,27.84,27.98,8.87,8.829,8.913,15,-0.7071,-0.7071,935,1,0,0,0,0,45,1
2026-03-27T15:40:00,node_001,8.032,7.464,8.839,0.3463,7.639,-0.01555,-0.0258,28.04,27.98,28.12,8.78,8.721,8.853,15,-0.7071,-0.7071,940,1,0,0,0,0,44,1
2026-03-27T15:45:00,node_001,7.917,6.969,8.712,0.477,7.472,-0.00448,-0.1145,28.18,28.12,28.25,8.687,8.644,8.738,15,-0.7071,-0.7071,945,1,0,0,0,0,42,1
2026-03-27T15:50:00,node_001,7.165,6.118,8.876,0.5988,8.541,0.00397,-0.7524,28.29,28.25,28.39,8.608,8.567,8.653,15,-0.7071,-0.7071,950,1,0,0,0,0,44,1
2026-03-27T15:55:00,node_001,7.717,6.768,8.78,0.4514,8.049,0.00035,0.5524,28.42,28.32,28.52,8.56,8.533,8.589,15,-0.7071,-0.7071,955,1,0,0,0,0,45,1
2026-03-27T16:00:00,node_001,8.152,7.306,9.008,0.3718,8.424,-0.0069,0.4355,28.51,28.46,28.59,8.52,8.478,8.579,16,-0.866,-0.5,960,1,0,0,0,0,44,1
2026-03-27T16:05:00,node_001,7.67,6.592,8.504,0.522,8.165,0.02391,-0.4824,28.64,28.52,28.73,8.495,8.469,8.518,16,-0.866,-0.5,965,1,0,0,0,0,43,1
2026-03-27T16:10:00,node_001,7.38,6.306,8.32,0.5676,7.952,-0.00475,-0.2896,28.73,28.66,28.8,8.476,8.449,8.506,16,-0.866,-0.5,970,1,0,0,0,0,44,1
2026-03-27T16:15:00,node_001,7.332,5.96,8.305,0.5406,7.177,-0.02219,-0.048,28.82,28.73,28.86,8.463,8.442,8.493,16,-0.866,-0.5,975,1,0,0,0,0,45,1
2026-03-27T16:20:00,node_001,7.211,6.022,8.052,0.4638,6.022,-0.01617,-0.1206,28.91,28.86,28.93,8.452,8.43,8.472,16,-0.866,-0.5,980,1,0,0,0,0,41,1
2026-03-27T16:25:00,node_001,6.942,6.127,7.728,0.453,7.277,0.00982,-0.2687,28.97,28.93,29.0,8.434,8.411,8.457,16,-0.866,-0.5,985,1,0,0,0,0,45,1
2026-03-27T16:30:00,node_001,6.385,5.375,7.381,0.5919,6.649,0.00588,-0.557,29.06,29.0,29.14,8.421,8.391,8.447,16,-0.866,-0.5,990,1,0,0,0,0,44,1
2026-03-27T16:35:00,node_001,6.457,5.439,7.429,0.438,7.29,-0.00109,0.0724,29.13,29.07,29.2,8.408,8.378,8.433,16,-0.866,-0.5,995,1,0,0,0,0,44,1
2026-03-27T16:40:00,node_001,5.748,4.774,7.002,0.531,6.245,-0.02824,-0.7093,29.2,29.14,29.27,8.365,8.325,8.427,16,-0.866,-0.5,1000,1,0,0,0,0,43,1
2026-03-27T16:45:00,node_001,5.524,4.331,6.537,0.5958,4.331,-0.03496,-0.2239,29.27,29.2,29.34,8.321,8.289,8.353,16,-0.866,-0.5,1005,1,0,0,0,0,44,1
2026-03-27T16:50:00,node_001,5.321,4.097,6.224,0.6783,5.246,0.03345,-0.2035,29.31,29.27,29.34,8.294,8.265,8.318,16,-0.866,-0.5,1010,1,0,0,0,0,45,1
2026-03-27T16:55:00,node_001,4.928,4.245,5.598,0.374,5.211,0.0031,-0.393,29.35,29.27,29.41,8.275,8.246,8.308,16,-0.866,-0.5,1015,1,0,0,0,0,42,1
2026-03-27T17:00:00,node_001,4.591,3.965,5.375,0.3353,4.833,-0.00676,-0.3368,29.4,29.34,29.41,8.25,8.209,8.28,17,-0.9659,-0.2588,1020,1,0,0,0,0,44,1
2026-03-28T12:50:00,node_001,7.2,6.8,7.58,0.1992,7.453,0.00902,2.6087,26.28,26.28,26.28,7.693,7.683,7.71,12,0.0,-1.0,770,1,0,0,0,0,28,1
2026-03-28T12:55:00,node_001,7.641,7.083,9.152,0.4942,8.198,0.01039,0.4407,26.28,26.28,26.28,7.699,7.674,7.735,12,0.0,-1.0,775,1,0,0,0,0,44,1
2026-03-28T13:00:00,node_001,7.244,6.218,8.615,0.7108,6.996,-0.0495,-0.3972,26.28,26.28,26.35,7.71,7.686,7.739,13,-0.2588,-0.9659,780,1,0,0,0,0,43,1
2026-03-28T13:05:00,node_001,6.927,6.607,7.386,0.1893,6.855,-0.00607,-0.3168,26.25,26.21,26.28,7.735,7.71,7.76,13,-0.2588,-0.9659,785,1,0,0,0,0,44,1
2026-03-28T13:10:00,node_001,7.976,6.83,9.089,0.6094,7.72,-0.0048,1.0488,26.25,26.21,26.28,7.789,7.736,7.861,13,-0.2588,-0.9659,790,1,0,0,0,0,44,1
2026-03-28T13:15:00,node_001,8.912,8.005,9.907,0.5376,8.561,-0.00115,0.9359,26.27,26.21,26.28,7.869,7.808,7.908,13,-0.2588,-0.9659,795,1,0,0,0,0,44,1
2026-03-28T13:20:00,node_001,8.743,7.405,9.876,0.5869,8.769,-0.01439,-0.169,26.28,26.28,26.35,7.932,7.886,7.976,13,-0.2588,-0.9659,800,1,0,0,0,0,42,1
2026-03-28T13:25:00,node_001,8.626,7.863,9.964,0.4287,7.863,0.00257,-0.1166,26.28,26.21,26.28,7.988,7.956,8.037,13,-0.2588,-0.9659,805,1,0,0,0,0,45,1
2026-03-28T13:30:00,node_001,7.824,7.28,8.527,0.3538,7.43,-0.0038,-0.8017,26.29,26.28,26.35,8.051,8.002,8.104,13,-0.2588,-0.9659,810,1,0,0,0,0,44,1
2026-03-28T13:35:00,node_001,8.232,7.157,10.34,0.7709,10.262,0.0487,0.4075,26.33,26.28,26.35,8.116,8.062,8.15,13,-0.2588,-0.9659,815,1,0,0,0,0,42,1
2026-03-28T13:40:00,node_001,9.718,8.549,10.867,0.6075,8.656,4e-05,1.4864,26.37,26.28,26.42,8.191,8.149,8.255,13,-0.2588,-0.9659,820,1,0,0,0,0,44,1
2026-03-28T13:45:00,node_001,9.377,8.011,10.601,0.7137,9.999,0.02174,-0.3411,26.42,26.42,26.48,8.367,8.235,8.51,13,-0.2588,-0.9659,825,1,0,0,0,0,45,1
2026-03-28T13:50:00,node_001,8.878,7.365,10.199,0.796,7.365,-0.05238,-0.4993,26.49,26.42,26.55,8.602,8.492,8.694,13,-0.2588,-0.9659,830,1,0,0,0,0,44,1
2026-03-28T13:55:00,node_001,8.99,7.917,10.368,0.6053,8.321,0.00578,0.112,26.53,26.48,26.55,8.738,8.674,8.798,13,-0.2588,-0.9659,835,1,0,0,0,0,43,1
2026-03-28T14:00:00,node_001,9.762,8.226,10.687,0.6414,10.498,0.02893,0.7723,26.61,26.55,26.69,8.835,8.783,8.895,14,-0.5,-0.866,840,1,0,0,0,0,44,1
2026-03-28T14:05:00,node_001,9.489,7.985,10.509,0.6527,10.468,-0.01229,-0.2727,26.73,26.62,26.82,8.88,8.855,8.91,14,-0.5,-0.866,845,1,0,0,0,0,44,1
2026-03-28T14:10:00,node_001,9.05,7.81,10.827,0.9414,7.956,-0.06679,-0.4389,26.84,26.76,26.96,8.914,8.888,8.949,14,-0.5,-0.866,850,1,0,0,0,0,45,1
2026-03-28T14:15:00,node_001,8.561,7.611,9.225,0.3746,8.223,-0.01311,-0.4889,26.97,26.89,27.03,8.938,8.908,9.012,14,-0.5,-0.866,855,1,0,0,0,0,42,1
2026-03-28T14:20:00,node_001,8.771,7.755,9.854,0.6549,7.755,-0.00059,0.2097,27.07,27.03,27.16,8.969,8.931,9.091,14,-0.5,-0.866,860,1,0,0,0,0,44,1
2026-03-28T14:25:00,node_001,8.756,7.463,10.05,0.6754,8.587,0.0368,-0.0145,27.19,27.1,27.23,8.812,8.722,9.009,14,-0.5,-0.866,865,1,0,0,0,0,44,1
2026-03-28T14:30:00,node_001,8.454,7.554,9.539,0.4641,8.657,0.01239,-0.3019,27.3,27.23,27.37,8.655,8.586,8.717,14,-0.5,-0.866,870,1,0,0,0,0,44,1
2026-03-28T14:35:00,node_001,8.369,7.147,9.456,0.6466,7.883,-0.03207,-0.0847,27.46,27.37,27.5,8.57,8.514,8.615,14,-0.5,-0.866,875,1,0,0,0,0,44,1
2026-03-28T14:40:00,node_001,8.664,7.612,10.1,0.6994,10.1,0.04214,0.2946,27.55,27.5,27.64,8.516,8.472,8.573,14,-0.5,-0.866,880,1,0,0,0,0,44,1
2026-03-28T14:45:00,node_001,9.284,8.269,10.602,0.5951,8.632,0.01459,0.6201,27.66,27.57,27.71,8.485,8.44,8.523,14,-0.5,-0.866,885,1,0,0,0,0,44,1
2026-03-28T14:50:00,node_001,9.526,7.856,10.764,0.6482,9.237,0.01824,0.2416,27.76,27.71,27.84,8.462,8.394,8.527,14,-0.5,-0.866,890,1,0,0,0,0,44,1
2026-03-28T14:55:00,node_001,9.484,7.874,11.511,0.968,10.272,0.06089,-0.0424,27.85,27.78,27.91,8.394,8.359,8.436,14,-0.5,-0.866,895,1,0,0,0,0,44,1
2026-03-28T15:00:00,node_001,9.038,7.282,10.896,1.1073,9.67,0.02891,-0.4459,27.96,27.91,28.05,8.342,8.305,8.392,15,-0.7071,-0.7071,900,1,0,0,0,0,44,1
2026-03-28T15:05:00,node_001,8.431,7.323,10.062,0.6643,8.016,0.00792,-0.6073,28.06,27.98,28.12,8.313,8.276,8.344,15,-0.7071,-0.7071,905,1,0,0,0,0,43,1
2026-03-28T15:10:00,node_001,9.115,7.749,10.901,0.7539,8.84,0.00446,0.6838,28.16,28.12,28.25,8.308,8.273,8.386,15,-0.7071,-0.7071,910,1,0,0,0,0,44,1
2026-03-28T15:15:00,node_001,9.467,7.694,11.094,0.8978,8.689,0.0291,0.3516,28.26,28.18,28.32,8.281,8.254,8.305,15,-0.7071,-0.7071,915,1,0,0,0,0,45,1
2026-03-28T15:20:00,node_001,8.309,7.1,9.696,0.7431,9.629,-0.01699,-1.1581,28.33,28.25,28.39,8.277,8.235,8.346,15,-0.7071,-0.7071,920,1,0,0,0,0,44,1
2026-03-28T15:25:00,node_001,8.976,7.928,10.25,0.6219,8.309,-0.03093,0.667,28.41,28.39,28.46,8.256,8.23,8.302,15,-0.7071,-0.7071,925,1,0,0,0,0,43,1
2026-03-28T15:30:00,node_001,8.096,7.3,9.668,0.5929,8.055,0.00818,-0.8803,28.45,28.39,28.52,8.229,8.195,8.262,15,-0.7071,-0.7071,930,1,0,0,0,0,44,1
2026-03-28T15:35:00,node_001,8.76,7.064,10.599,1.0194,10.599,-0.02237,0.6635,28.46,28.46,28.52,8.195,8.162,8.224,15,-0.7071,-0.7071,935,1,0,0,0,0,45,1
2026-03-28T15:40:00,node_001,10.091,8.645,11.507,0.6425,10.554,-0.0218,1.3314,28.5,28.46,28.52,8.194,8.173,8.241,15,-0.7071,-0.7071,940,1,0,0,0,0,42,1
2026-03-28T15:45:00,node_001,8.949,7.705,11.036,0.7705,8.049,-0.03352,-1.1421,28.53,28.52,28.59,8.185,8.149,8.209,15,-0.7071,-0.7071,945,1,0,0,0,0,44,1
2026-03-28T15:50:00,node_001,8.154,7.081,9.402,0.6513,8.123,-0.00739,-0.7953,28.6,28.52,28.66,8.195,8.166,8.22,15,-0.7071,-0.7071,950,1,0,0,0,0,44,1
2026-03-28T15:55:00,node_001,8.126,7.334,9.003,0.4537,8.046,-0.00061,-0.0285,28.65,28.59,28.66,8.221,8.185,8.271,15,-0.7071,-0.7071,955,1,0,0,0,0,45,1
2026-03-28T16:00:00,node_001,8.693,8.033,9.511,0.343,9.321,0.00298,0.567,28.68,28.66,28.73,8.224,8.195,8.263,16,-0.866,-0.5,960,1,0,0,0,0,42,1
2026-03-28T16:05:00,node_001,8.222,7.048,9.534,0.728,8.676,-0.0314,-0.4706,28.72,28.66,28.73,8.211,8.185,8.228,16,-0.866,-0.5,965,1,0,0,0,0,44,1
2026-03-28T16:10:00,node_001,9.6,8.084,11.36,0.848,9.677,-0.03203,1.3777,28.74,28.73,28.8,8.183,8.155,8.207,16,-0.866,-0.5,970,1,0,0,0,0,44,1
2026-03-28T16:15:00,node_001,9.19,7.538,10.605,0.8084,10.183,0.02114,-0.4102,28.76,28.73,28.8,8.159,8.133,8.182,16,-0.866,-0.5,975,1,0,0,0,0,45,1
2026-03-28T16:20:00,node_001,9.73,8.633,10.857,0.6542,9.898,-0.01991,0.5397,28.74,28.73,28.8,8.134,8.1,8.168,16,-0.866,-0.5,980,1,0,0,0,0,43,1
2026-03-28T16:25:00,node_001,9.428,8.225,11.479,0.8045,8.317,-0.00386,-0.3023,28.72,28.66,28.73,8.103,8.065,8.139,16,-0.866,-0.5,985,1,0,0,0,0,44,1
2026-03-28T16:30:00,node_001,9.348,7.618,10.665,0.7817,8.605,-0.02091,-0.0802,28.7,28.66,28.73,8.078,8.054,8.103,16,-0.866,-0.5,990,1,0,0,0,0,44,1
2026-03-28T16:35:00,node_001,8.164,7.083,9.978,0.76,8.901,0.03985,-1.1839,28.72,28.66,28.73,8.107,8.069,8.166,16,-0.866,-0.5,995,1,0,0,0,0,43,1
2026-03-28T16:40:00,node_001,9.547,8.51,10.483,0.5268,9.673,0.00761,1.3825,28.73,28.66,28.8,8.115,8.087,8.144,16,-0.866,-0.5,1000,1,0,0,0,0,45,1
2026-03-28T16:45:00,node_001,9.949,8.3,11.817,0.9304,9.594,-0.02438,0.4015,28.71,28.66,28.73,8.11,8.075,8.134,16,-0.866,-0.5,1005,1,0,0,0,0,44,1
2026-03-28T16:50:00,node_001,9.298,7.957,10.893,0.7237,9.389,-0.01205,-0.6512,28.67,28.59,28.73,8.074,8.036,8.1,16,-0.866,-0.5,1010,1,0,0,0,0,44,1
2026-03-28T16:55:00,node_001,8.43,6.944,10.937,0.9053,10.937,0.02865,-0.8677,28.65,28.59,28.66,8.048,8.013,8.083,16,-0.866,-0.5,1015,1,0,0,0,0,43,1
2026-03-28T17:00:00,node_001,9.316,7.151,11.21,1.2339,7.982,-0.08352,0.886,28.6,28.59,28.66,8.032,7.996,8.08,17,-0.9659,-0.2588,1020,1,0,0,0,0,45,1
2026-03-28T17:05:00,node_001,8.423,7.587,9.669,0.5866,8.057,0.01364,-0.8926,28.56,28.52,28.59,8.0,7.978,8.023,17,-0.9659,-0.2588,1025,1,0,0,0,0,44,1
2026-03-28T17:10:00,node_001,8.381,7.61,9.728,0.6266,7.7,0.02768,-0.0421,28.53,28.46,28.59,7.99,7.972,8.004,17,-0.9659,-0.2588,1030,1,0,0,0,0,43,1
2026-03-28T17:15:00,node_001,8.921,7.65,10.423,0.7916,9.774,0.01187,0.5397,28.51,28.46,28.52,7.978,7.956,7.995,17,-0.9659,-0.2588,1035,1,0,0,0,0,44,1
2026-03-28T17:20:00,node_001,9.493,8.015,10.523,0.5501,10.18,0.00536,0.5724,28.46,28.46,28.52,7.962,7.944,7.976,17,-0.9659,-0.2588,1040,1,0,0,0,0,44,1
2026-03-28T17:25:00,node_001,9.036,8.084,10.437,0.6245,8.322,-0.02285,-0.4571,28.43,28.39,28.46,7.949,7.929,7.965,17,-0.9659,-0.2588,1045,1,0,0,0,0,45,1
2026-03-28T17:30:00,node_001,8.887,7.73,10.484,0.6432,9.066,0.02356,-0.1485,28.39,28.39,28.46,7.942,7.915,7.958,17,-0.9659,-0.2588,1050,1,0,0,0,0,44,1
2026-03-28T17:35:00,node_001,9.061,7.64,10.221,0.6739,8.987,-0.0278,0.1737,28.36,28.32,28.39,7.934,7.913,7.95,17,-0.9659,-0.2588,1055,1,0,0,0,0,44,1
2026-03-28T17:40:00,node_001,8.45,7.115,9.909,0.778,8.214,-0.02917,-0.6107,28.32,28.25,28.32,7.91,7.874,7.938,17,-0.9659,-0.2588,1060,1,0,0,0,0,44,1
2026-03-28T17:45:00,node_001,8.338,6.923,9.814,0.7111,8.074,-0.00061,-0.1119,28.27,28.25,28.32,7.906,7.881,7.94,17,-0.9659,-0.2588,1065,1,0,0,0,0,44,1
2026-03-28T17:50:00,node_001,8.14,7.485,9.358,0.5243,9.225,0.01108,-0.1982,28.25,28.18,28.25,7.899,7.872,7.923,17,-0.9659,-0.2588,1070,1,0,0,0,0,44,1
2026-03-28T17:55:00,node_001,8.507,7.812,9.549,0.4867,8.311,-0.01952,0.3675,28.19,28.12,28.25,7.903,7.871,7.938,17,-0.9659,-0.2588,1075,1,0,0,0,0,44,1
2026-03-28T18:00:00,node_001,8.353,7.537,9.574,0.5216,8.019,-0.01719,-0.1536,28.13,28.12,28.18,7.911,7.885,7.941,18,-1.0,-0.0,1080,0,0,0,0,0,44,1
2026-03-28T18:05:00,node_001,9.399,8.248,10.294,0.5558,8.739,0.00792,1.0459,28.11,28.05,28.18,7.901,7.852,7.935,18,-1.0,-0.0,1085,0,0,0,0,0,43,1
2026-03-28T18:10:00,node_001,8.733,7.865,9.642,0.4716,9.04,-0.01694,-0.6659,28.06,28.05,28.12,7.896,7.864,7.927,18,-1.0,-0.0,1090,0,0,0,0,0,44,1
2026-03-28T18:15:00,node_001,8.755,6.967,9.861,0.7501,8.928,-0.0173,0.0225,28.04,27.98,28.05,7.896,7.858,7.929,18,-1.0,-0.0,1095,0,0,0,0,0,44,1
2026-03-28T18:20:00,node_001,8.467,7.307,9.959,0.6079,9.09,0.02024,-0.2883,27.99,27.98,28.05,7.896,7.858,7.951,18,-1.0,-0.0,1100,0,0,0,0,0,42,1
2026-03-28T18:25:00,node_001,9.671,8.556,10.571,0.5587,10.436,0.02657,1.204,27.95,27.91,27.98,7.902,7.845,7.951,18,-1.0,-0.0,1105,0,0,0,0,0,45,1
2026-03-28T18:30:00,node_001,9.799,8.906,10.718,0.4914,9.901,-0.00718,0.1277,27.9,27.84,27.91,7.888,7.861,7.925,18,-1.0,-0.0,1110,0,0,0,0,0,44,1
2026-03-28T18:35:00,node_001,9.747,8.674,10.706,0.4758,8.681,0.00277,-0.0515,27.85,27.84,27.91,7.883,7.843,7.909,18,-1.0,-0.0,1115,0,0,0,0,0,44,1
2026-03-28T18:40:00,node_001,8.688,7.461,10.048,0.6664,7.741,0.00686,-1.0586,27.83,27.78,27.84,7.876,7.837,7.915,18,-1.0,-0.0,1120,0,0,0,0,0,43,1
2026-03-28T18:45:00,node_001,7.998,7.063,9.298,0.4786,7.365,-0.0016,-0.6903,27.78,27.71,27.84,7.872,7.835,7.896,18,-1.0,-0.0,1125,0,0,0,0,0,45,1
2026-03-28T18:50:00,node_001,8.905,7.296,10.363,0.723,9.544,0.0012,0.9071,27.74,27.71,27.78,7.869,7.829,7.903,18,-1.0,-0.0,1130,0,0,0,0,0,44,1
2026-03-28T18:55:00,node_001,9.509,8.585,10.389,0.4009,8.947,0.00965,0.6036,27.71,27.64,27.78,7.883,7.833,7.908,18,-1.0,-0.0,1135,0,0,0,0,0,43,1
2026-03-28T19:00:00,node_001,8.507,7.757,9.459,0.4584,9.015,0.00125,-1.0024,27.68,27.64,27.71,7.881,7.849,7.91,19,-0.9659,0.2588,1140,0,0,0,0,0,44,1
2026-03-28T19:05:00,node_001,8.556,6.938,10.269,0.9598,8.807,-0.0257,0.049,27.65,27.64,27.71,7.883,7.837,7.919,19,-0.9659,0.2588,1145,0,0,0,0,0,45,1
2026-03-28T19:10:00,node_001,8.776,7.654,10.04,0.6492,7.702,-0.01733,0.2198,27.59,27.57,27.64,7.881,7.845,7.936,19,-0.9659,0.2588,1150,0,0,0,0,0,44,1
2026-03-28T19:15:00,node_001,8.985,7.342,10.682,0.6728,8.838,0.02075,0.209,27.57,27.5,27.64,7.883,7.838,7.939,19,-0.9659,0.2588,1155,0,0,0,0,0,43,1
2026-03-28T19:20:00,node_001,8.668,7.683,10.489,0.769,9.264,0.03238,-0.3171,27.52,27.5,27.57,7.859,7.812,7.891,19,-0.9659,0.2588,1160,0,0,0,0,0,44,1
2026-03-28T19:25:00,node_001,8.452,7.493,10.004,0.677,7.758,-0.03417,-0.2158,27.49,27.44,27.5,7.86,7.812,7.894,19,-0.9659,0.2588,1165,0,0,0,0,0,44,1
2026-03-28T19:30:00,node_001,8.681,7.675,9.783,0.6115,8.749,0.00327,0.2285,27.44,27.37,27.5,7.862,7.815,7.903,19,-0.9659,0.2588,1170,0,0,0,0,0,44,1
2026-03-28T19:35:00,node_001,8.776,7.889,10.113,0.5941,7.973,-0.01247,0.0945,27.4,27.37,27.44,7.852,7.81,7.897,19,-0.9659,0.2588,1175,0,0,0,0,0,44,1
2026-03-28T19:40:00,node_001,8.891,7.479,10.453,0.7288,8.285,0.01433,0.1146,27.37,27.3,27.37,7.851,7.813,7.881,19,-0.9659,0.2588,1180,0,0,0,0,0,44,1
2026-03-28T19:45:00,node_001,9.161,7.767,10.423,0.7522,9.432,0.048,0.2702,27.32,27.3,27.37,7.845,7.8,7.896,19,-0.9659,0.2588,1185,0,0,0,0,0,44,1
2026-03-28T19:50:00,node_001,8.943,8.178,9.771,0.428,8.831,-0.00138,-0.2176,27.3,27.23,27.37,7.832,7.797,7.873,19,-0.9659,0.2588,1190,0,0,0,0,0,43,1
2026-03-28T19:55:00,node_001,8.965,7.249,10.81,0.8931,8.275,-0.0385,0.0223,27.26,27.23,27.3,7.82,7.789,7.856,19,-0.9659,0.2588,1195,0,0,0,0,0,45,1
2026-03-28T20:00:00,node_001,8.095,7.474,9.132,0.3928,7.752,0.0151,-0.8695,27.22,27.16,27.23,7.815,7.774,7.849,20,-0.866,0.5,1200,0,0,0,0,0,44,1
2026-03-28T20:05:00,node_001,8.116,6.858,9.761,0.8359,8.661,-0.00934,0.0212,27.19,27.16,27.23,7.823,7.788,7.866,20,-0.866,0.5,1205,0,0,0,0,0,44,1
2026-03-28T20:10:00,node_001,8.415,7.571,9.761,0.5176,9.761,0.01516,0.299,27.14,27.1,27.16,7.831,7.8,7.872,20,-0.866,0.5,1210,0,0,0,0,0,43,1
2026-03-28T20:15:00,node_001,8.443,7.122,9.868,0.7302,8.318,-0.03533,0.0279,27.1,27.1,27.16,7.834,7.8,7.907,20,-0.866,0.5,1215,0,0,0,0,0,45,1
2026-03-28T20:20:00,node_001,9.322,8.055,10.407,0.6161,9.453,0.01464,0.8785,27.07,27.03,27.1,7.919,7.834,7.997,20,-0.866,0.5,1220,0,0,0,0,0,44,1
2026-03-28T20:25:00,node_001,9.008,8.213,10.17,0.5364,8.69,-0.02163,-0.3137,27.03,26.96,27.03,7.841,7.808,7.884,20,-0.866,0.5,1225,0,0,0,0,0,43,1
2026-03-28T20:30:00,node_001,9.305,7.667,10.548,0.7995,7.667,-0.02725,0.2974,27.0,26.96,27.03,7.839,7.789,7.914,20,-0.866,0.5,1230,0,0,0,0,0,44,1
2026-03-28T20:35:00,node_001,8.303,6.92,10.029,0.7503,8.613,0.04015,-1.002,26.96,26.89,27.03,7.806,7.769,7.865,20,-0.866,0.5,1235,0,0,0,0,0,45,1
2026-03-28T20:40:00,node_001,8.883,7.235,10.469,0.9522,8.603,-0.05406,0.5801,26.92,26.89,26.96,7.797,7.78,7.841,20,-0.866,0.5,1240,0,0,0,0,0,44,1
2026-03-28T20:45:00,node_001,8.358,7.768,9.046,0.3294,7.961,-0.0171,-0.5248,26.9,26.89,26.96,7.795,7.766,7.816,20,-0.866,0.5,1245,0,0,0,0,0,43,1
2026-03-28T20:50:00,node_001,8.424,7.151,9.508,0.6524,9.202,0.03425,0.0659,26.85,26.82,26.89,7.794,7.766,7.883,20,-0.866,0.5,1250,0,0,0,0,0,44,1
2026-03-28T20:55:00,node_001,8.493,6.946,10.166,0.8202,7.848,-0.03847,0.0692,26.83,26.76,26.89,7.791,7.764,7.891,20,-0.866,0.5,1255,0,0,0,0,0,45,1
2026-03-28T21:00:00,node_001,8.003,6.809,10.128,1.0573,7.139,-0.08009,-0.4895,26.8,26.76,26.82,7.791,7.758,7.861,21,-0.7071,0.7071,1260,0,0,0,0,0,42,1
2026-03-28T21:05:00,node_001,8.112,7.23,9.624,0.6409,7.502,-0.00587,0.109,26.76,26.76,26.82,7.786,7.766,7.816,21,-0.7071,0.7071,1265,0,0,0,0,0,45,1
2026-03-28T21:10:00,node_001,7.994,6.559,9.409,0.8215,9.271,0.04329,-0.1178,26.7,26.69,26.76,7.776,7.754,7.804,21,-0.7071,0.7071,1270,0,0,0,0,0,44,1
2026-03-28T21:15:00,node_001,8.83,7.558,9.986,0.6812,7.801,-0.04597,0.8364,26.69,26.62,26.69,7.776,7.749,7.81,21,-0.7071,0.7071,1275,0,0,0,0,0,44,1
2026-03-28T21:20:00,node_001,8.825,7.353,10.507,0.9456,7.86,0.00124,-0.0049,26.64,26.62,26.69,7.77,7.745,7.792,21,-0.7071,0.7071,1280,0,0,0,0,0,43,1
2026-03-28T21:25:00,node_001,8.054,6.974,9.403,0.7484,7.123,0.00668,-0.7714,26.62,26.55,26.69,7.761,7.738,7.79,21,-0.7071,0.7071,1285,0,0,0,0,0,45,1
2026-03-28T21:30:00,node_001,8.49,6.913,9.225,0.5111,8.01,0.00686,0.4362,26.58,26.55,26.62,7.757,7.731,7.793,21,-0.7071,0.7071,1290,0,0,0,0,0,44,1
2026-03-28T21:35:00,node_001,9.062,7.315,10.36,0.7222,7.315,-0.03419,0.5718,26.55,26.48,26.62,7.754,7.731,7.783,21,-0.7071,0.7071,1295,0,0,0,0,0,43,1
2026-03-28T21:40:00,node_001,7.797,7.051,9.228,0.5264,8.96,0.01542,-1.2653,26.53,26.48,26.55,7.755,7.737,7.779,21,-0.7071,0.7071,1300,0,0,0,0,0,44,1
2026-03-28T21:45:00,node_001,8.334,7.65,8.983,0.2936,8.13,0.00716,0.5372,26.5,26.48,26.55,7.755,7.727,7.8,21,-0.7071,0.7071,1305,0,0,0,0,0,45,1
2026-03-28T21:50:00,node_001,8.179,7.06,9.312,0.5748,8.315,0.00498,-0.1547,26.47,26.42,26.48,7.746,7.725,7.771,21,-0.7071,0.7071,1310,0,0,0,0,0,44,1
2026-03-28T21:55:00,node_001,9.575,8.508,10.579,0.4696,9.86,0.00972,1.3961,26.43,26.42,26.48,7.737,7.718,7.758,21,-0.7071,0.7071,1315,0,0,0,0,0,43,1
2026-03-28T22:00:00,node_001,8.512,6.869,10.848,1.0005,7.202,-0.0424,-1.0632,26.41,26.35,26.42,7.732,7.711,7.751,22,-0.5,0.866,1320,0,0,0,0,0,44,1
2026-03-28T22:05:00,node_001,8.052,7.098,9.383,0.6105,9.305,0.03048,-0.4605,26.38,26.35,26.42,7.721,7.694,7.74,22,-0.5,0.866,1325,0,0,0,0,0,44,1
2026-03-28T22:10:00,node_001,7.873,6.821,9.228,0.6321,8.923,-0.00188,-0.1787,26.35,26.28,26.35,7.704,7.685,7.725,22,-0.5,0.866,1330,0,0,0,0,0,43,1
2026-03-28T22:15:00,node_001,7.793,6.861,8.992,0.5638,7.97,-0.01431,-0.0802,26.31,26.28,26.35,7.698,7.675,7.708,22,-0.5,0.866,1335,0,0,0,0,0,44,1
2026-03-28T22:20:00,node_001,8.965,7.767,10.495,0.6947,9.828,0.0099,1.172,26.29,26.28,26.35,7.7,7.676,7.731,22,-0.5,0.866,1340,0,0,0,0,0,45,1
2026-03-28T22:25:00,node_001,9.194,7.593,10.28,0.6911,9.002,0.00181,0.2285,26.28,26.21,26.35,7.7,7.681,7.725,22,-0.5,0.866,1345,0,0,0,0,0,44,1
2026-03-28T22:30:00,node_001,8.502,7.355,9.721,0.595,8.163,0.00635,-0.6923,26.24,26.21,26.28,7.693,7.673,7.716,22,-0.5,0.866,1350,0,0,0,0,0,43,1
2026-03-28T22:35:00,node_001,8.104,7.147,9.338,0.5615,7.166,-0.01488,-0.3982,26.23,26.14,26.28,7.688,7.659,7.711,22,-0.5,0.866,1355,0,0,0,0,0,44,1
2026-03-28T22:40:00,node_001,9.088,7.09,10.74,0.9409,8.266,0.00847,0.9845,26.2,26.14,26.21,7.688,7.665,7.709,22,-0.5,0.866,1360,0,0,0,0,0,45,1
2026-03-28T22:45:00,node_001,7.594,6.668,10.014,0.9471,7.407,-0.05792,-1.494,26.16,26.14,26.21,7.684,7.662,7.707,22,-0.5,0.866,1365,0,0,0,0,0,43,1
2026-03-28T22:50:00,node_001,8.182,6.984,9.93,0.6376,6.984,-0.0246,0.5884,26.14,26.14,26.14,7.674,7.656,7.7,22,-0.5,0.866,1370,0,0,0,0,0,44,1
2026-03-28T22:55:00,node_001,8.143,6.925,9.69,0.7887,7.698,0.03373,-0.0386,26.11,26.08,26.14,7.668,7.644,7.685,22,-0.5,0.866,1375,0,0,0,0,0,44,1
2026-03-28T23:00:00,node_001,8.597,7.557,10.25,0.6728,8.783,0.03603,0.4542,26.08,26.08,26.08,7.656,7.63,7.677,23,-0.2588,0.9659,1380,0,0,0,0,0,44,1
2026-03-28T23:05:00,node_001,9.176,8.321,10.586,0.5667,10.586,0.01454,0.5793,26.05,26.01,26.08,7.654,7.624,7.68,23,-0.2588,0.9659,1385,0,0,0,0,0,43,1
2026-03-28T23:10:00,node_001,8.198,6.802,10.164,1.1186,6.902,-0.07745,-0.9785,26.03,26.01,26.08,7.666,7.641,7.688,23,-0.2588,0.9659,1390,0,0,0,0,0,45,1
2026-03-28T23:15:00,node_001,8.639,7.715,9.788,0.5228,9.703,-0.00921,0.4407,26.01,25.94,26.08,7.659,7.633,7.714,23,-0.2588,0.9659,1395,0,0,0,0,0,44,1
2026-03-28T23:20:00,node_001,8.468,7.171,10.204,0.7838,8.735,-0.0335,-0.1705,25.97,25.94,26.01,7.646,7.621,7.67,23,-0.2588,0.9659,1400,0,0,0,0,0,43,1
2026-03-28T23:25:00,node_001,8.182,7.116,10.043,0.6908,10.043,0.0306,-0.2855,25.95,25.94,26.01,7.641,7.616,7.664,23,-0.2588,0.9659,1405,0,0,0,0,0,44,1
2026-03-28T23:30:00,node_001,9.297,8.343,10.424,0.617,9.017,0.00438,1.115,25.94,25.87,25.94,7.639,7.616,7.667,23,-0.2588,0.9659,1410,0,0,0,0,0,44,1
2026-03-28T23:35:00,node_001,9.563,8.495,10.378,0.4052,9.121,-0.00932,0.266,25.92,25.87,25.94,7.638,7.6,7.655,23,-0.2588,0.9659,1415,0,0,0,0,0,45,1
2026-03-28T23:40:00,node_001,9.185,8.315,10.08,0.4197,9.195,0.00735,-0.3778,25.87,25.8,25.94,7.637,7.615,7.662,23,-0.2588,0.9659,1420,0,0,0,0,0,42,1
2026-03-28T23:45:00,node_001,8.983,7.974,10.171,0.5644,9.739,0.01086,-0.2022,25.87,25.87,25.87,7.633,7.603,7.655,23,-0.2588,0.9659,1425,0,0,0,0,0,44,1
2026-03-28T23:50:00,node_001,8.349,7.092,10.614,1.0389,8.463,-0.00096,-0.6335,25.84,25.8,25.87,7.63,7.606,7.656,23,-0.2588,0.9659,1430,0,0,0,0,0,45,1
2026-03-28T23:55:00,node_001,9.112,7.928,10.129,0.5825,9.327,0.02217,0.7631,25.82,25.8,25.87,7.629,7.594,7.656,23,-0.2588,0.9659,1435,0,0,0,0,0,44,1
2026-03-29T00:00:00,node_001,8.701,6.98,10.392,1.0899,9.25,0.01508,-0.4115,25.8,25.74,25.87,7.629,7.61,7.648,0,0.0,1.0,0,0,0,0,0,0,43,1
2026-03-29T00:05:00,node_001,8.228,6.363,10.053,0.9289,7.786,-0.04901,-0.4731,25.79,25.74,25.8,7.627,7.61,7.654,0,0.0,1.0,5,0,0,0,0,0,44,1
2026-03-29T00:10:00,node_001,8.346,7.262,9.936,0.8314,7.441,-0.0094,0.118,25.76,25.74,25.8,7.625,7.602,7.642,0,0.0,1.0,10,0,0,0,0,0,45,1
2026-03-29T00:15:00,node_001,7.709,7.046,9.866,0.6869,9.866,0.01931,-0.6366,25.74,25.74,25.74,7.623,7.597,7.648,0,0.0,1.0,15,0,0,0,0,0,42,1
2026-03-29T00:20:00,node_001,8.38,6.961,10.171,0.8119,9.679,0.00313,0.6709,25.71,25.67,25.74,7.621,7.604,7.639,0,0.0,1.0,20,0,0,0,0,0,45,1
2026-03-29T00:25:00,node_001,8.816,7.241,10.14,0.7535,9.364,0.01902,0.4365,25.7,25.67,25.74,7.621,7.601,7.644,0,0.0,1.0,25,0,0,0,0,0,44,1
2026-03-29T00:30:00,node_001,8.99,7.667,10.121,0.6542,9.342,0.00744,0.174,25.67,25.6,25.74,7.621,7.605,7.635,0,0.0,1.0,30,0,0,0,0,0,43,1
2026-03-29T00:35:00,node_001,9.365,7.523,10.521,0.6888,9.289,0.02279,0.3749,25.65,25.6,25.67,7.617,7.592,7.637,0,0.0,1.0,35,0,0,0,0,0,44,1
2026-03-29T00:40:00,node_001,9.128,7.541,10.107,0.6964,8.393,0.02375,-0.2371,25.63,25.6,25.67,7.618,7.596,7.637,0,0.0,1.0,40,0,0,0,0,0,44,1
2026-03-29T00:45:00,node_001,8.378,7.458,10.103,0.6139,10.055,0.01319,-0.7498,25.6,25.6,25.67,7.611,7.579,7.63,0,0.0,1.0,45,0,0,0,0,0,45,1
2026-03-29T00:50:00,node_001,8.585,7.745,9.981,0.571,8.881,-0.00456,0.2073,25.59,25.53,25.6,7.613,7.59,7.632,0,0.0,1.0,50,0,0,0,0,0,43,1
2026-03-29T00:55:00,node_001,8.613,7.549,10.146,0.6354,10.146,0.01289,0.0275,25.57,25.53,25.6,7.608,7.585,7.629,0,0.0,1.0,55,0,0,0,0,0,44,1
2026-03-29T01:00:00,node_001,8.335,6.794,9.804,0.9592,8.703,-0.05381,-0.2784,25.53,25.46,25.53,7.622,7.584,7.667,1,0.2588,0.9659,60,0,0,0,0,0,44,1
2026-03-29T01:05:00,node_001,7.951,6.495,9.511,0.9052,9.123,0.05386,-0.3842,25.53,25.46,25.53,7.61,7.578,7.631,1,0.2588,0.9659,65,0,0,0,0,0,44,1
2026-03-29T01:10:00,node_001,8.59,7.346,9.916,0.7776,9.32,0.00917,0.6388,25.5,25.46,25.53,7.604,7.585,7.626,1,0.2588,0.9659,70,0,0,0,0,0,43,1
2026-03-29T01:15:00,node_001,7.933,6.89,8.818,0.5112,7.636,7e-05,-0.6569,25.47,25.46,25.53,7.599,7.576,7.621,1,0.2588,0.9659,75,0,0,0,0,0,45,1
2026-03-29T01:20:00,node_001,8.38,7.149,9.714,0.8054,7.165,0.00296,0.4466,25.46,25.4,25.53,7.599,7.578,7.619,1,0.2588,0.9659,80,0,0,0,0,0,44,1
2026-03-29T01:25:00,node_001,8.541,6.914,10.243,1.0607,9.647,0.0688,0.1613,25.41,25.4,25.46,7.6,7.583,7.622,1,0.2588,0.9659,85,0,0,0,0,0,43,1
2026-03-29T01:30:00,node_001,8.233,7.093,9.709,0.74,8.456,-0.0013,-0.308,25.4,25.4,25.46,7.597,7.58,7.636,1,0.2588,0.9659,90,0,0,0,0,0,44,1
2026-03-29T01:35:00,node_001,8.855,7.429,10.181,0.8441,7.855,-0.05058,0.622,25.39,25.33,25.4,7.609,7.575,7.648,1,0.2588,0.9659,95,0,0,0,0,0,45,1
2026-03-29T01:40:00,node_001,8.952,7.917,10.094,0.5729,8.696,-0.00134,0.0971,25.37,25.33,25.4,7.59,7.572,7.612,1,0.2588,0.9659,100,0,0,0,0,0,44,1
2026-03-29T01:45:00,node_001,9.214,8.026,10.511,0.7235,9.902,0.02022,0.2621,25.34,25.33,25.4,7.591,7.576,7.617,1,0.2588,0.9659,105,0,0,0,0,0,43,1
2026-03-29T01:50:00,node_001,8.781,7.171,10.137,0.733,9.221,0.00935,-0.4334,25.32,25.26,25.4,7.585,7.557,7.605,1,0.2588,0.9659,110,0,0,0,0,0,44,1
2026-03-29T01:55:00,node_001,7.968,6.889,9.044,0.6578,7.597,-0.02211,-0.8125,25.29,25.26,25.33,7.581,7.563,7.607,1,0.2588,0.9659,115,0,0,0,0,0,45,1
2026-03-29T02:00:00,node_001,8.943,7.325,10.228,0.8606,8.604,0.02587,0.9753,25.26,25.26,25.33,7.585,7.567,7.626,2,0.5,0.866,120,0,0,0,0,0,42,1
2026-03-29T02:05:00,node_001,8.906,7.473,10.393,0.9776,9.783,0.05229,-0.037,25.26,25.19,25.26,7.582,7.553,7.602,2,0.5,0.866,125,0,0,0,0,0,44,1
2026-03-29T02:10:00,node_001,8.376,6.63,10.451,1.2248,7.705,-0.09314,-0.5295,25.22,25.19,25.26,7.576,7.549,7.609,2,0.5,0.866,130,0,0,0,0,0,44,1
2026-03-29T02:15:00,node_001,8.562,7.381,9.533,0.5699,8.357,0.01602,0.1864,25.2,25.19,25.26,7.576,7.549,7.597,2,0.5,0.866,135,0,0,0,0,0,45,1
2026-03-29T02:20:00,node_001,8.986,7.658,10.431,0.7496,7.887,0.01998,0.4244,25.19,25.19,25.19,7.577,7.556,7.605,2,0.5,0.866,140,0,0,0,0,0,43,1
2026-03-29T02:25:00,node_001,9.118,7.667,10.361,0.7272,8.674,-0.00847,0.1325,25.18,25.12,25.19,7.577,7.558,7.612,2,0.5,0.866,145,0,0,0,0,0,44,1
2026-03-29T02:30:00,node_001,8.6,7.141,10.005,0.7649,7.824,-0.03429,-0.5179,25.16,25.12,25.19,7.577,7.56,7.599,2,0.5,0.866,150,0,0,0,0,0,44,1
2026-03-29T02:35:00,node_001,8.675,7.07,9.785,0.8079,7.71,0.0087,0.0747,25.14,25.12,25.19,7.571,7.556,7.587,2,0.5,0.866,155,0,0,0,0,0,43,1
2026-03-29T02:40:00,node_001,8.322,7.008,9.675,0.7017,7.977,0.01473,-0.3532,25.09,25.06,25.12,7.565,7.542,7.588,2,0.5,0.866,160,0,0,0,0,0,45,1
2026-03-29T02:45:00,node_001,8.364,6.971,9.865,0.8518,7.342,-0.00544,0.0419,25.07,25.06,25.12,7.566,7.544,7.591,2,0.5,0.866,165,0,0,0,0,0,44,1
2026-03-29T02:50:00,node_001,7.577,6.551,9.027,0.7137,7.115,9e-05,-0.7872,25.06,25.06,25.12,7.568,7.556,7.583,2,0.5,0.866,170,0,0,0,0,0,44,1
2026-03-29T02:55:00,node_001,7.488,6.612,9.399,0.767,8.166,0.02027,-0.0895,25.06,24.99,25.06,7.57,7.539,7.6,2,0.5,0.866,175,0,0,0,0,0,43,1
2026-03-29T03:00:00,node_001,7.728,6.96,9.115,0.5011,7.701,0.01068,0.24,25.03,24.99,25.06,7.568,7.548,7.592,3,0.7071,0.7071,180,0,0,0,0,0,45,1
2026-03-29T03:05:00,node_001,8.13,7.496,9.109,0.4076,7.611,-0.00938,0.4017,25.02,24.99,25.06,7.57,7.541,7.605,3,0.7071,0.7071,185,0,0,0,0,0,44,1
2026-03-29T03:10:00,node_001,9.413,7.352,10.343,0.6197,8.87,0.01088,1.2828,25.01,24.99,25.06,7.563,7.544,7.585,3,0.7071,0.7071,190,0,0,0,0,0,43,1
2026-03-29T03:15:00,node_001,8.29,6.878,10.826,1.1157,7.305,-0.05482,-1.1233,24.99,24.92,25.06,7.564,7.543,7.586,3,0.7071,0.7071,195,0,0,0,0,0,44,1
2026-03-29T03:20:00,node_001,7.632,6.728,9.29,0.6638,7.297,-0.02018,-0.6575,24.98,24.92,25.06,7.564,7.546,7.585,3,0.7071,0.7071,200,0,0,0,0,0,45,1
2026-03-29T03:25:00,node_001,7.164,6.642,7.711,0.2683,6.684,-0.00802,-0.4681,24.96,24.92,25.06,7.566,7.544,7.589,3,0.7071,0.7071,205,0,0,0,0,0,44,1
2026-03-29T03:30:00,node_001,6.867,6.374,8.062,0.4558,6.82,0.0206,-0.2971,24.94,24.92,24.99,7.564,7.541,7.586,3,0.7071,0.7071,210,0,0,0,0,0,43,1
2026-03-29T03:35:00,node_001,6.704,6.294,7.509,0.2731,6.294,0.00597,-0.1631,24.93,24.85,24.99,7.57,7.551,7.589,3,0.7071,0.7071,215,0,0,0,0,0,44,1
2026-03-29T03:40:00,node_001,7.677,6.531,8.403,0.5056,7.687,0.0286,0.9735,24.92,24.85,24.92,7.568,7.554,7.587,3,0.7071,0.7071,220,0,0,0,0,0,45,1
2026-03-29T03:45:00,node_001,6.93,6.349,7.799,0.4453,6.598,-0.03181,-0.7471,24.9,24.85,24.92,7.557,7.536,7.578,3,0.7071,0.7071,225,0,0,0,0,0,43,1
2026-03-29T03:50:00,node_001,7.564,6.517,9.687,0.9136,8.623,0.00447,0.6337,24.86,24.85,24.92,7.55,7.521,7.578,3,0.7071,0.7071,230,0,0,0,0,0,44,1
2026-03-29T03:55:00,node_001,8.106,7.375,8.854,0.3652,7.755,0.00785,0.5425,24.86,24.85,24.92,7.552,7.535,7.569,3,0.7071,0.7071,235,0,0,0,0,0,44,1
2026-03-29T04:00:00,node_001,7.96,7.198,8.796,0.4452,7.783,0.00752,-0.1456,24.85,24.79,24.85,7.561,7.533,7.599,4,0.866,0.5,240,0,0,0,0,0,45,1
2026-03-29T04:05:00,node_001,7.793,7.186,8.619,0.3593,8.314,0.00187,-0.1675,24.82,24.79,24.85,7.558,7.534,7.579,4,0.866,0.5,245,0,0,0,0,0,42,1
2026-03-29T04:10:00,node_001,8.204,7.276,9.557,0.668,7.76,-0.03106,0.411,24.8,24.79,24.85,7.555,7.536,7.577,4,0.866,0.5,250,0,0,0,0,0,45,1
2026-03-29T04:15:00,node_001,7.848,6.721,8.818,0.5146,8.335,0.03107,-0.3565,24.78,24.72,24.79,7.563,7.532,7.608,4,0.866,0.5,255,0,0,0,0,0,44,1
2026-03-29T04:20:00,node_001,8.602,7.359,9.858,0.6772,8.65,0.03655,0.7544,24.76,24.72,24.79,7.564,7.545,7.586,4,0.866,0.5,260,0,0,0,0,0,43,1
2026-03-29T04:25:00,node_001,8.534,7.198,9.725,0.6189,8.925,0.01457,-0.0678,24.74,24.72,24.79,7.556,7.541,7.581,4,0.866,0.5,265,0,0,0,0,0,44,1
2026-03-29T04:30:00,node_001,8.283,7.084,9.626,0.6366,8.113,-0.00529,-0.2514,24.73,24.72,24.79,7.547,7.52,7.584,4,0.866,0.5,270,0,0,0,0,0,44,1
2026-03-29T04:35:00,node_001,7.207,6.513,8.318,0.4837,7.819,0.00135,-1.076,24.72,24.72,24.79,7.545,7.527,7.57,4,0.866,0.5,275,0,0,0,0,0,44,1
2026-03-29T04:40:00,node_001,7.852,6.849,9.934,0.7556,7.79,-0.01068,0.6447,24.71,24.65,24.72,7.545,7.523,7.567,4,0.866,0.5,280,0,0,0,0,0,43,1
2026-03-29T04:45:00,node_001,8.715,7.639,9.912,0.6603,9.535,0.0215,0.8635,24.69,24.65,24.72,7.547,7.522,7.565,4,0.866,0.5,285,0,0,0,0,0,44,1
2026-03-29T04:50:00,node_001,8.88,7.175,10.182,0.7123,7.175,-0.02188,0.1645,24.65,24.58,24.72,7.545,7.528,7.57,4,0.866,0.5,290,0,0,0,0,0,45,1
2026-03-29T04:55:00,node_001,7.707,6.853,9.041,0.663,7.709,0.01804,-1.1732,24.65,24.58,24.65,7.543,7.524,7.567,4,0.866,0.5,295,0,0,0,0,0,44,1
2026-03-29T05:00:00,node_001,8.25,7.103,9.703,0.6172,7.5,-0.00738,0.5427,24.64,24.58,24.65,7.546,7.527,7.573,5,0.9659,0.2588,300,0,0,0,0,0,42,1
2026-03-29T05:05:00,node_001,8.565,6.903,9.784,0.7353,9.619,0.03619,0.3147,24.6,24.58,24.65,7.55,7.529,7.585,5,0.9659,0.2588,305,0,0,0,0,0,45,1
2026-03-29T05:10:00,node_001,8.649,7.707,10.23,0.5874,8.238,-0.00645,0.0844,24.59,24.58,24.65,7.545,7.526,7.564,5,0.9659,0.2588,310,0,0,0,0,0,44,1
2026-03-29T05:15:00,node_001,8.122,7.095,9.36,0.7042,8.077,-0.04557,-0.5272,24.58,24.58,24.65,7.542,7.518,7.563,5,0.9659,0.2588,315,0,0,0,0,0,43,1
2026-03-29T05:20:00,node_001,8.47,7.461,9.851,0.6004,8.65,-0.00725,0.3476,24.58,24.51,24.58,7.542,7.524,7.562,5,0.9659,0.2588,320,0,0,0,0,0,44,1
2026-03-29T05:25:00,node_001,7.574,6.861,9.343,0.6798,7.57,-0.03108,-0.8958,24.55,24.51,24.58,7.544,7.517,7.572,5,0.9659,0.2588,325,0,0,0,0,0,45,1
2026-03-29T05:30:00,node_001,8.489,6.854,9.95,0.7921,9.113,0.04353,0.9154,24.52,24.51,24.58,7.538,7.521,7.556,5,0.9659,0.2588,330,0,0,0,0,0,44,1
2026-03-29T05:35:00,node_001,8.215,7.395,9.418,0.5109,8.145,-0.0267,-0.2736,24.51,24.45,24.58,7.542,7.524,7.572,5,0.9659,0.2588,335,0,0,0,0,0,43,1
2026-03-29T05:40:00,node_001,8.163,7.07,9.228,0.5084,8.685,0.02422,-0.0516,24.49,24.45,24.51,7.54,7.518,7.561,5,0.9659,0.2588,340,0,0,0,0,0,44,1
2026-03-29T05:45:00,node_001,8.68,7.966,9.478,0.4184,8.767,0.00033,0.5168,24.46,24.45,24.51,7.538,7.514,7.562,5,0.9659,0.2588,345,0,0,0,0,0,45,1
2026-03-29T05:50:00,node_001,7.993,7.069,9.462,0.5995,7.548,0.00214,-0.6866,24.45,24.38,24.51,7.536,7.516,7.56,5,0.9659,0.2588,350,0,0,0,0,0,43,1
2026-03-29T05:55:00,node_001,8.794,7.186,9.805,0.6136,8.785,0.01037,0.8008,24.44,24.38,24.51,7.53,7.512,7.55,5,0.9659,0.2588,355,0,0,0,0,0,44,1
2026-03-29T06:00:00,node_001,8.245,7.433,9.341,0.4716,7.895,-0.00301,-0.549,24.4,24.38,24.45,7.53,7.514,7.553,6,1.0,0.0,360,1,0,0,0,0,44,1
2026-03-29T06:05:00,node_001,8.327,6.364,9.934,1.0248,6.364,-0.03489,0.0818,24.38,24.38,24.45,7.525,7.507,7.541,6,1.0,0.0,365,1,0,0,0,0,44,1
2026-03-29T06:10:00,node_001,7.625,6.318,8.761,0.7865,6.902,0.01406,-0.702,24.37,24.31,24.38,7.526,7.507,7.559,6,1.0,0.0,370,1,0,0,0,0,43,1
2026-03-29T06:15:00,node_001,8.504,6.803,9.624,0.5809,8.893,0.00043,0.879,24.35,24.31,24.38,7.538,7.503,7.572,6,1.0,0.0,375,1,0,0,0,0,45,1
2026-03-29T06:20:00,node_001,8.38,7.659,9.283,0.4195,7.909,0.00994,-0.1238,24.33,24.31,24.38,7.541,7.515,7.615,6,1.0,0.0,380,1,0,0,0,0,44,1
2026-03-29T06:25:00,node_001,8.455,7.359,9.785,0.6078,8.668,0.01548,0.0754,24.3,24.24,24.31,7.526,7.506,7.549,6,1.0,0.0,385,1,0,0,0,0,44,1
2026-03-29T06:30:00,node_001,8.394,7.405,9.271,0.4459,7.878,-0.00783,-0.0614,24.27,24.24,24.31,7.522,7.495,7.544,6,1.0,0.0,390,1,0,0,0,0,43,1
2026-03-29T06:35:00,node_001,8.299,7.077,9.323,0.4864,7.077,-0.00922,-0.0953,24.25,24.24,24.31,7.528,7.506,7.542,6,1.0,0.0,395,1,0,0,0,0,45,1
2026-03-29T06:40:00,node_001,8.056,6.959,9.322,0.7204,7.344,-0.02172,-0.2428,24.23,24.17,24.24,7.528,7.507,7.551,6,1.0,0.0,400,1,0,0,0,0,44,1
2026-03-29T06:45:00,node_001,8.205,7.102,9.437,0.5898,7.102,0.00145,0.1491,24.22,24.17,24.24,7.53,7.509,7.546,6,1.0,0.0,405,1,0,0,0,0,43,1
2026-03-29T06:50:00,node_001,7.155,5.91,9.18,0.7873,7.942,0.03782,-1.0502,24.22,24.17,24.24,7.534,7.515,7.555,6,1.0,0.0,410,1,0,0,0,0,44,1
2026-03-29T06:55:00,node_001,7.424,6.598,8.766,0.594,8.073,-0.00754,0.2691,24.19,24.17,24.24,7.53,7.499,7.557,6,1.0,0.0,415,1,0,0,0,0,44,1
2026-03-29T07:00:00,node_001,7.729,6.856,8.736,0.4651,8.112,-5e-05,0.3048,24.17,24.11,24.17,7.533,7.514,7.554,7,0.9659,-0.2588,420,1,0,0,0,0,44,1
2026-03-29T07:05:00,node_001,7.127,6.358,8.225,0.5014,7.103,-0.01303,-0.6015,24.17,24.11,24.17,7.53,7.514,7.564,7,0.9659,-0.2588,425,1,0,0,0,0,43,1
2026-03-29T07:10:00,node_001,7.435,6.063,9.12,0.8256,8.162,-0.01646,0.3075,24.14,24.11,24.17,7.53,7.51,7.549,7,0.9659,-0.2588,430,1,0,0,0,0,45,1
2026-03-29T07:15:00,node_001,7.44,6.629,8.367,0.4855,7.707,0.02221,0.0053,24.12,24.11,24.17,7.533,7.513,7.557,7,0.9659,-0.2588,435,1,0,0,0,0,44,1
2026-03-29T07:20:00,node_001,7.026,6.086,8.802,0.655,8.802,0.02757,-0.4144,24.1,24.04,24.11,7.534,7.514,7.561,7,0.9659,-0.2588,440,1,0,0,0,0,42,1
2026-03-29T07:25:00,node_001,7.691,6.511,9.328,0.812,7.434,-0.0431,0.6652,24.1,24.04,24.17,7.534,7.513,7.563,7,0.9659,-0.2588,445,1,0,0,0,0,45,1
2026-03-29T07:30:00,node_001,7.435,6.213,8.94,0.7158,7.095,0.02376,-0.2564,24.07,24.04,24.11,7.536,7.515,7.569,7,0.9659,-0.2588,450,1,0,0,0,0,44,1
2026-03-29T07:35:00,node_001,8.34,7.331,9.256,0.4284,7.634,0.0037,0.9053,24.05,24.04,24.11,7.536,7.511,7.557,7,0.9659,-0.2588,455,1,0,0,0,0,44,1
2026-03-29T07:40:00,node_001,7.696,6.479,8.991,0.6645,8.408,0.02146,-0.6437,24.04,24.04,24.11,7.534,7.517,7.55,7,0.9659,-0.2588,460,1,0,0,0,0,43,1
2026-03-29T07:45:00,node_001,7.461,6.069,8.794,0.7794,6.632,0.01209,-0.235,24.04,24.04,24.04,7.531,7.506,7.557,7,0.9659,-0.2588,465,1,0,0,0,0,44,1
2026-03-29T07:50:00,node_001,8.353,6.79,9.58,0.5666,7.859,0.02111,0.8918,24.03,23.97,24.04,7.539,7.523,7.555,7,0.9659,-0.2588,470,1,0,0,0,0,45,1
2026-03-29T07:55:00,node_001,8.249,7.377,9.496,0.5876,9.496,-0.011,-0.1039,24.01,23.97,24.04,7.543,7.523,7.556,7,0.9659,-0.2588,475,1,0,0,0,0,44,1
2026-03-29T08:00:00,node_001,8.075,6.631,9.461,0.8659,6.982,-0.05594,-0.1745,24.01,23.97,24.04,7.543,7.521,7.557,8,0.866,-0.5,480,1,0,0,0,0,42,1
2026-03-29T08:05:00,node_001,7.386,6.775,8.037,0.3475,8.037,0.00268,-0.6892,23.99,23.97,24.04,7.545,7.522,7.563,8,0.866,-0.5,485,1,0,0,0,0,45,1
2026-03-29T08:10:00,node_001,6.838,6.123,7.823,0.4495,6.487,-0.03258,-0.5485,23.97,23.97,24.04,7.551,7.535,7.568,8,0.866,-0.5,490,1,0,0,0,0,44,1
2026-03-29T08:15:00,node_001,6.872,6.194,7.791,0.3623,7.791,0.00711,0.0335,23.97,23.9,23.97,7.559,7.539,7.578,8,0.866,-0.5,495,1,0,0,0,0,42,1
2026-03-29T08:20:00,node_001,7.506,6.241,9.461,0.7796,8.282,0.02544,0.6342,23.94,23.9,23.97,7.563,7.546,7.585,8,0.866,-0.5,500,1,0,0,0,0,45,1
2026-03-29T08:25:00,node_001,7.82,6.668,8.936,0.46,7.481,0.00597,0.3139,23.91,23.9,23.97,7.56,7.532,7.586,8,0.866,-0.5,505,1,0,0,0,0,44,1
2026-03-29T08:30:00,node_001,7.66,6.793,8.529,0.437,7.376,-0.02244,-0.1601,23.91,23.83,23.97,7.553,7.527,7.577,8,0.866,-0.5,510,1,0,0,0,0,44,1
2026-03-29T08:35:00,node_001,7.293,6.179,9.044,0.7769,7.628,-0.03302,-0.3674,23.9,23.83,23.97,7.552,7.531,7.569,8,0.866,-0.5,515,1,0,0,0,0,42,1
2026-03-29T08:40:00,node_001,8.219,6.66,9.45,0.7826,8.075,0.01733,0.9265,23.86,23.83,23.9,7.55,7.53,7.568,8,0.866,-0.5,520,1,0,0,0,0,45,1
2026-03-29T08:45:00,node_001,7.892,6.755,9.241,0.5915,8.715,0.00229,-0.3275,23.82,23.77,23.83,7.569,7.541,7.604,8,0.866,-0.5,525,1,0,0,0,0,44,1
2026-03-29T08:50:00,node_001,7.773,7.028,9.066,0.5085,7.326,-0.01387,-0.1188,23.79,23.77,23.83,7.555,7.538,7.576,8,0.866,-0.5,530,1,0,0,0,0,44,1
2026-03-29T08:55:00,node_001,7.505,6.729,9.024,0.5608,7.224,-0.02962,-0.2675,23.77,23.77,23.83,7.568,7.548,7.588,8,0.866,-0.5,535,1,0,0,0,0,43,1
2026-03-29T09:00:00,node_001,7.353,6.876,8.159,0.2671,6.876,-0.01295,-0.1518,23.77,23.7,23.83,7.572,7.55,7.599,9,0.7071,-0.7071,540,1,0,0,0,0,45,1
2026-03-29T09:05:00,node_001,7.558,6.555,9.177,0.8037,9.139,0.04005,0.2054,23.74,23.7,23.77,7.575,7.554,7.605,9,0.7071,-0.7071,545,1,0,0,0,0,44,1
2026-03-29T09:10:00,node_001,8.513,7.105,9.431,0.6706,9.185,-0.01899,0.9549,23.7,23.7,23.77,7.573,7.548,7.593,9,0.7071,-0.7071,550,1,0,0,0,0,42,1
2026-03-29T09:15:00,node_001,8.782,7.822,9.79,0.5086,8.369,-0.01889,0.2685,23.7,23.63,23.7,7.568,7.539,7.596,9,0.7071,-0.7071,555,1,0,0,0,0,44,1
2026-03-29T09:20:00,node_001,8.483,7.464,9.56,0.4805,7.464,-0.02655,-0.2994,23.65,23.63,23.7,7.562,7.542,7.593,9,0.7071,-0.7071,560,1,0,0,0,0,45,1
2026-03-29T09:25:00,node_001,7.843,6.875,9.364,0.5935,7.119,0.00567,-0.6398,23.63,23.56,23.7,7.558,7.539,7.572,9,0.7071,-0.7071,565,1,0,0,0,0,44,1
2026-03-29T09:30:00,node_001,7.628,6.562,9.088,0.6811,7.232,0.00631,-0.2145,23.6,23.56,23.63,7.557,7.541,7.576,9,0.7071,-0.7071,570,1,0,0,0,0,42,1
2026-03-29T09:35:00,node_001,7.202,6.436,7.886,0.4102,7.184,-0.01578,-0.4259,23.59,23.56,23.63,7.563,7.541,7.583,9,0.7071,-0.7071,575,1,0,0,0,0,44,1
2026-03-29T09:40:00,node_001,7.023,6.402,7.725,0.3182,6.856,-0.00329,-0.1793,23.56,23.56,23.56,7.574,7.553,7.608,9,0.7071,-0.7071,580,1,0,0,0,0,45,1
2026-03-29T09:45:00,node_001,7.453,6.529,9.175,0.7225,8.909,0.04737,0.4299,23.55,23.49,23.56,7.575,7.559,7.6,9,0.7071,-0.7071,585,1,0,0,0,0,42,1
2026-03-29T09:50:00,node_001,8.91,8.284,9.712,0.3611,9.154,-0.00566,1.4566,23.52,23.49,23.56,7.577,7.559,7.615,9,0.7071,-0.7071,590,1,0,0,0,0,44,1
2026-03-29T09:55:00,node_001,8.689,7.184,9.806,0.6638,8.306,-0.00697,-0.2205,23.5,23.43,23.56,7.569,7.551,7.591,9,0.7071,-0.7071,595,1,0,0,0,0,44,1
2026-03-29T10:00:00,node_001,7.788,6.675,9.23,0.701,7.242,-0.0306,-0.9014,23.46,23.43,23.49,7.569,7.549,7.589,10,0.5,-0.866,600,1,0,0,0,0,44,1
2026-03-29T10:05:00,node_001,7.667,6.534,9.118,0.5988,8.701,0.02368,-0.1211,23.43,23.43,23.49,7.576,7.552,7.593,10,0.5,-0.866,605,1,0,0,0,0,43,1
2026-03-29T10:10:00,node_001,8.45,7.09,9.47,0.6197,8.623,-0.02935,0.7825,23.42,23.36,23.43,7.579,7.56,7.608,10,0.5,-0.866,610,1,0,0,0,0,44,1
2026-03-29T10:15:00,node_001,8.553,7.525,9.467,0.6176,8.76,0.01037,0.1031,23.4,23.36,23.43,7.579,7.563,7.593,10,0.5,-0.866,615,1,0,0,0,0,44,1
2026-03-29T10:20:00,node_001,8.292,7.194,9.252,0.5944,7.375,-0.0298,-0.2606,23.36,23.36,23.43,7.584,7.557,7.612,10,0.5,-0.866,620,1,0,0,0,0,45,1
2026-03-29T10:25:00,node_001,8.217,6.828,9.384,0.6694,8.339,0.02175,-0.0754,23.36,23.36,23.36,7.589,7.567,7.614,10,0.5,-0.866,625,1,0,0,0,0,43,1
2026-03-29T10:30:00,node_001,8.255,7.333,8.829,0.395,7.333,-0.00102,0.0375,23.35,23.29,23.36,7.592,7.568,7.617,10,0.5,-0.866,630,1,0,0,0,0,44,1
2026-03-29T10:35:00,node_001,7.203,6.18,8.333,0.4591,6.705,-0.01217,-1.0515,23.32,23.29,23.36,7.59,7.566,7.615,10,0.5,-0.866,635,1,0,0,0,0,44,1
2026-03-29T10:40:00,node_001,7.836,6.758,9.33,0.5814,6.947,0.0039,0.6335,23.3,23.22,23.36,7.595,7.572,7.626,10,0.5,-0.866,640,1,0,0,0,0,44,1
2026-03-29T10:45:00,node_001,7.544,6.699,8.895,0.5795,8.794,0.0253,-0.2918,23.29,23.22,23.29,7.597,7.571,7.618,10,0.5,-0.866,645,1,0,0,0,0,44,1
2026-03-29T10:50:00,node_001,8.506,7.936,9.078,0.2752,8.247,0.00793,0.9616,23.26,23.22,23.29,7.6,7.576,7.619,10,0.5,-0.866,650,1,0,0,0,0,44,1
2026-03-29T10:55:00,node_001,7.677,6.802,8.832,0.5622,7.453,-0.02857,-0.8285,23.24,23.22,23.29,7.603,7.585,7.628,10,0.5,-0.866,655,1,0,0,0,0,44,1
2026-03-29T11:00:00,node_001,7.127,5.808,9.269,0.9078,5.953,-0.05093,-0.5502,23.22,23.15,23.29,7.61,7.593,7.632,11,0.2588,-0.9659,660,1,0,0,0,0,44,1
2026-03-29T11:05:00,node_001,7.914,5.982,9.169,0.7687,7.406,0.03817,0.7873,23.2,23.15,23.22,7.616,7.584,7.645,11,0.2588,-0.9659,665,1,0,0,0,0,44,1
2026-03-29T11:10:00,node_001,7.419,6.717,8.531,0.5528,8.311,0.0283,-0.4954,23.18,23.15,23.22,7.61,7.586,7.629,11,0.2588,-0.9659,670,1,0,0,0,0,44,1
2026-03-29T11:15:00,node_001,8.003,7.176,9.099,0.5183,8.189,-0.00159,0.5842,23.16,23.15,23.22,7.613,7.588,7.636,11,0.2588,-0.9659,675,1,0,0,0,0,43,1
2026-03-29T11:20:00,node_001,7.097,6.087,8.868,0.6347,6.802,0.01207,-0.9064,23.14,23.09,23.15,7.623,7.606,7.653,11,0.2588,-0.9659,680,1,0,0,0,0,44,1
2026-03-29T11:25:00,node_001,6.915,6.441,8.39,0.5029,6.813,0.02237,-0.1816,23.11,23.09,23.15,7.63,7.613,7.654,11,0.2588,-0.9659,685,1,0,0,0,0,44,1
2026-03-29T11:30:00,node_001,7.214,6.25,8.689,0.7046,7.729,0.01561,0.2986,23.09,23.09,23.15,7.65,7.605,7.683,11,0.2588,-0.9659,690,1,0,0,0,0,45,1
2026-03-29T11:35:00,node_001,7.804,6.631,9.205,0.6674,6.685,0.00761,0.5898,23.07,23.02,23.09,7.654,7.631,7.678,11,0.2588,-0.9659,695,1,0,0,0,0,43,1
2026-03-29T11:40:00,node_001,7.341,6.001,9.165,0.7973,6.249,0.00058,-0.4633,23.08,23.02,23.09,7.655,7.629,7.683,11,0.2588,-0.9659,700,1,0,0,0,0,44,1
2026-03-29T11:45:00,node_001,7.308,6.12,8.489,0.6179,8.107,0.04186,-0.0334,23.08,23.02,23.09,7.666,7.642,7.685,11,0.2588,-0.9659,705,1,0,0,0,0,44,1
2026-03-29T11:50:00,node_001,7.453,6.501,9.319,0.7355,6.699,0.00413,0.1446,23.08,23.02,23.09,7.676,7.646,7.727,11,0.2588,-0.9659,710,1,0,0,0,0,44,1
2026-03-29T11:55:00,node_001,7.421,6.439,9.322,0.7841,7.634,0.03739,-0.0317,23.05,23.02,23.09,7.677,7.652,7.695,11,0.2588,-0.9659,715,1,0,0,0,0,44,1
2026-03-29T12:00:00,node_001,8.217,7.001,9.176,0.6357,8.598,0.02081,0.7963,23.05,23.02,23.09,7.679,7.658,7.698,12,0.0,-1.0,720,1,0,0,0,0,44,1
2026-03-29T12:05:00,node_001,8.604,7.925,9.275,0.3117,8.959,0.00094,0.3875,23.05,23.02,23.09,7.682,7.665,7.705,12,0.0,-1.0,725,1,0,0,0,0,44,1
2026-03-29T12:10:00,node_001,7.953,6.61,9.282,0.6952,9.096,-0.01647,-0.6515,23.07,23.02,23.09,7.687,7.661,7.729,12,0.0,-1.0,730,1,0,0,0,0,43,1
2026-03-29T12:15:00,node_001,8.419,7.659,9.414,0.4139,8.087,-0.00922,0.4655,23.09,23.02,23.15,7.681,7.662,7.702,12,0.0,-1.0,735,1,0,0,0,0,44,1
2026-03-29T12:20:00,node_001,7.567,6.553,9.011,0.6022,7.422,0.01647,-0.8521,23.09,23.09,23.15,7.683,7.654,7.706,12,0.0,-1.0,740,1,0,0,0,0,45,1
2026-03-29T12:25:00,node_001,7.896,6.873,9.506,0.7936,8.275,0.03373,0.3291,23.09,23.09,23.15,7.69,7.671,7.717,12,0.0,-1.0,745,1,0,0,0,0,44,1
2026-03-29T12:30:00,node_001,8.621,7.448,9.504,0.5051,8.484,0.01055,0.7251,23.09,23.09,23.15,7.701,7.682,7.727,12,0.0,-1.0,750,1,0,0,0,0,43,1
2026-03-29T12:35:00,node_001,8.391,7.481,9.433,0.5576,8.192,0.02359,-0.23,23.11,23.09,23.15,7.703,7.677,7.732,12,0.0,-1.0,755,1,0,0,0,0,44,1
2026-03-29T12:40:00,node_001,8.09,7.217,9.169,0.5236,7.502,-0.01801,-0.3014,23.13,23.09,23.15,7.714,7.686,7.739,12,0.0,-1.0,760,1,0,0,0,0,45,1
2026-03-29T12:45:00,node_001,8.106,7.185,9.028,0.4969,7.758,0.00151,0.016,23.15,23.09,23.15,7.72,7.697,7.748,12,0.0,-1.0,765,1,0,0,0,0,42,1
2026-03-29T12:50:00,node_001,7.903,7.029,8.986,0.5304,7.298,-0.02709,-0.2027,23.16,23.15,23.22,7.736,7.711,7.763,12,0.0,-1.0,770,1,0,0,0,0,45,1
2026-03-29T12:55:00,node_001,7.601,6.409,8.857,0.7357,8.197,0.04036,-0.3025,23.18,23.15,23.22,7.749,7.713,7.783,12,0.0,-1.0,775,1,0,0,0,0,44,1
2026-03-29T13:00:00,node_001,8.331,7.295,9.159,0.5363,8.733,0.02676,0.7296,23.19,23.15,23.22,7.768,7.733,7.812,13,-0.2588,-0.9659,780,1,0,0,0,0,44,1
2026-03-29T13:05:00,node_001,8.219,6.985,9.121,0.4946,6.985,-0.02399,-0.1115,23.21,23.15,23.22,7.81,7.754,7.878,13,-0.2588,-0.9659,785,1,0,0,0,0,43,1
2026-03-29T13:10:00,node_001,7.249,6.474,8.578,0.5227,7.878,-0.01536,-0.9703,23.22,23.15,23.29,7.828,7.791,7.859,13,-0.2588,-0.9659,790,1,0,0,0,0,44,1
2026-03-29T13:15:00,node_001,7.484,6.559,9.01,0.6871,6.804,0.00254,0.2353,23.24,23.22,23.29,7.84,7.794,7.881,13,-0.2588,-0.9659,795,1,0,0,0,0,44,1
2026-03-29T13:20:00,node_001,8.623,6.891,9.334,0.4938,8.763,0.01894,1.1393,23.28,23.22,23.29,7.872,7.821,7.907,13,-0.2588,-0.9659,800,1,0,0,0,0,43,1
2026-03-29T13:25:00,node_001,8.401,7.288,9.308,0.4427,8.301,-0.01084,-0.2218,23.3,23.29,23.36,7.896,7.858,7.936,13,-0.2588,-0.9659,805,1,0,0,0,0,44,1
2026-03-29T13:30:00,node_001,8.089,7.26,9.099,0.4671,8.408,0.01192,-0.3116,23.35,23.29,23.43,7.942,7.906,7.974,13,-0.2588,-0.9659,810,1,0,0,0,0,45,1
2026-03-29T13:35:00,node_001,7.728,6.859,8.579,0.5137,7.762,-0.00934,-0.3615,23.41,23.36,23.43,7.983,7.953,8.013,13,-0.2588,-0.9659,815,1,0,0,0,0,44,1
2026-03-29T13:40:00,node_001,7.801,6.732,9.465,0.7598,7.401,0.02751,0.0731,23.45,23.43,23.49,8.052,8.006,8.133,13,-0.2588,-0.9659,820,1,0,0,0,0,43,1
2026-03-29T13:45:00,node_001,7.521,6.076,9.649,1.043,7.985,0.05056,-0.2802,23.51,23.43,23.56,8.251,8.08,8.401,13,-0.2588,-0.9659,825,1,0,0,0,0,44,1
2026-03-29T13:50:00,node_001,8.243,6.969,9.354,0.697,8.504,0.02752,0.7216,23.6,23.49,23.63,8.567,8.41,8.709,13,-0.2588,-0.9659,830,1,0,0,0,0,45,1
2026-03-29T13:55:00,node_001,8.068,6.82,9.631,0.7268,9.031,0.02558,-0.1754,23.67,23.63,23.77,8.825,8.715,8.943,13,-0.2588,-0.9659,835,1,0,0,0,0,43,1
2026-03-29T14:00:00,node_001,8.485,7.6,9.708,0.4893,8.109,-0.02363,0.4168,23.77,23.7,23.83,8.987,8.916,9.069,14,-0.5,-0.866,840,1,0,0,0,0,44,1
2026-03-29T14:05:00,node_001,7.532,6.405,8.57,0.5644,7.419,0.00936,-0.9534,23.83,23.77,23.83,8.883,8.769,9.046,14,-0.5,-0.866,845,1,0,0,0,0,44,1
2026-03-29T14:10:00,node_001,7.588,6.703,9.082,0.6736,8.173,0.04175,0.0563,23.9,23.83,23.97,8.699,8.62,8.785,14,-0.5,-0.866,850,1,0,0,0,0,44,1
2026-03-29T14:15:00,node_001,8.999,7.901,9.799,0.5116,8.359,0.00754,1.4114,23.97,23.9,24.04,8.604,8.537,8.687,14,-0.5,-0.866,855,1,0,0,0,0,43,1
2026-03-29T14:20:00,node_001,8.406,6.751,9.733,0.7221,6.859,-0.04035,-0.5927,24.02,23.97,24.04,8.514,8.453,8.574,14,-0.5,-0.866,860,1,0,0,0,0,45,1
2026-03-29T14:25:00,node_001,7.406,6.187,8.994,0.886,6.787,0.03594,-0.9997,24.09,24.04,24.11,8.451,8.415,8.483,14,-0.5,-0.866,865,1,0,0,0,0,44,1
2026-03-29T14:30:00,node_001,8.306,6.624,9.725,0.7448,7.454,0.02452,0.9004,24.14,24.11,24.17,8.432,8.405,8.467,14,-0.5,-0.866,870,1,0,0,0,0,43,1
2026-03-29T14:35:00,node_001,8.724,7.117,9.638,0.6477,8.946,0.01796,0.4181,24.21,24.17,24.24,8.415,8.378,8.461,14,-0.5,-0.866,875,1,0,0,0,0,45,1
2026-03-29T14:40:00,node_001,8.937,8.178,9.824,0.4316,8.35,-0.00629,0.213,24.3,24.24,24.31,8.409,8.38,8.437,14,-0.5,-0.866,880,1,0,0,0,0,44,1
2026-03-29T14:45:00,node_001,8.745,7.687,9.837,0.6382,7.873,-0.01324,-0.1922,24.36,24.24,24.45,8.371,8.321,8.433,14,-0.5,-0.866,885,1,0,0,0,0,44,1
2026-03-29T14:50:00,node_001,8.197,6.721,10.121,0.8503,7.864,-0.00417,-0.5481,24.43,24.38,24.45,8.297,8.24,8.345,14,-0.5,-0.866,890,1,0,0,0,0,43,1
2026-03-29T14:55:00,node_001,7.292,6.615,8.799,0.5038,7.455,0.00921,-0.9048,24.49,24.45,24.51,8.234,8.203,8.274,14,-0.5,-0.866,895,1,0,0,0,0,44,1
2026-03-29T15:00:00,node_001,7.518,6.9,7.889,0.2077,6.9,-0.00505,0.2257,24.56,24.51,24.58,8.24,8.199,8.279,15,-0.7071,-0.7071,900,1,0,0,0,0,44,1
2026-03-29T15:05:00,node_001,7.266,6.623,8.597,0.5381,7.053,0.01893,-0.2516,24.64,24.58,24.72,8.222,8.195,8.269,15,-0.7071,-0.7071,905,1,0,0,0,0,44,1
2026-03-29T15:10:00,node_001,7.662,7.008,8.64,0.4462,7.082,0.00817,0.3963,24.72,24.65,24.79,8.192,8.161,8.232,15,-0.7071,-0.7071,910,1,0,0,0,0,43,1
2026-03-29T15:15:00,node_001,7.91,7.062,8.835,0.4392,7.472,-0.00244,0.2481,24.78,24.72,24.85,8.162,8.12,8.209,15,-0.7071,-0.7071,915,1,0,0,0,0,45,1
2026-03-29T15:20:00,node_001,7.861,6.812,9.389,0.7311,7.919,0.0311,-0.0488,24.85,24.79,24.92,8.123,8.091,8.148,15,-0.7071,-0.7071,920,1,0,0,0,0,44,1
2026-03-29T15:25:00,node_001,8.474,7.496,9.674,0.6927,9.31,0.02215,0.6127,24.9,24.85,24.92,8.099,8.071,8.147,15,-0.7071,-0.7071,925,1,0,0,0,0,43,1
2026-03-29T15:30:00,node_001,8.744,6.537,10.295,1.2051,6.537,-0.07786,0.2697,24.98,24.92,25.06,8.08,8.051,8.122,15,-0.7071,-0.7071,930,1,0,0,0,0,44,1
2026-03-29T15:35:00,node_001,9.06,6.296,10.209,0.8745,9.302,0.02756,0.3156,25.05,24.99,25.12,8.07,8.046,8.095,15,-0.7071,-0.7071,935,1,0,0,0,0,45,1
2026-03-29T15:40:00,node_001,8.557,7.276,10.171,0.736,10.171,0.01697,-0.5032,25.11,25.06,25.12,8.059,8.031,8.095,15,-0.7071,-0.7071,940,1,0,0,0,0,44,1
2026-03-29T15:45:00,node_001,8.073,6.798,9.996,0.8641,6.834,-0.0572,-0.4839,25.15,25.12,25.19,8.037,8.006,8.059,15,-0.7071,-0.7071,945,1,0,0,0,0,43,1
2026-03-29T15:50:00,node_001,6.921,6.08,9.089,0.6718,8.967,-0.00514,-1.1518,25.21,25.12,25.26,8.008,7.985,8.037,15,-0.7071,-0.7071,950,1,0,0,0,0,44,1
2026-03-29T15:55:00,node_001,7.513,6.719,9.152,0.7172,9.152,0.00038,0.5917,25.28,25.19,25.33,7.982,7.955,8.006,15,-0.7071,-0.7071,955,1,0,0,0,0,44,1
2026-03-29T16:00:00,node_001,7.451,6.666,8.829,0.5844,7.672,-0.03588,-0.0623,25.35,25.26,25.4,7.971,7.952,7.993,16,-0.866,-0.5,960,1,0,0,0,0,43,1
2026-03-29T16:05:00,node_001,7.836,7.058,8.876,0.4876,7.642,0.02711,0.3855,25.39,25.33,25.46,7.976,7.956,8.008,16,-0.866,-0.5,965,1,0,0,0,0,44,1
2026-03-29T16:10:00,node_001,7.624,7.133,8.313,0.2923,7.437,-0.00702,-0.2121,25.44,25.4,25.46,8.004,7.977,8.033,16,-0.866,-0.5,970,1,0,0,0,0,44,1
2026-03-29T16:15:00,node_001,7.322,6.399,8.211,0.4834,7.463,0.00993,-0.3022,25.47,25.46,25.53,8.048,8.018,8.085,16,-0.866,-0.5,975,1,0,0,0,0,44,1
2026-03-29T16:20:00,node_001,9.071,7.601,10.102,0.7289,9.488,0.03528,1.7491,25.51,25.46,25.53,8.069,8.038,8.094,16,-0.866,-0.5,980,1,0,0,0,0,43,1
2026-03-29T16:25:00,node_001,8.168,7.267,9.489,0.6702,9.245,0.00814,-0.9034,25.53,25.46,25.6,8.077,8.055,8.113,16,-0.866,-0.5,985,1,0,0,0,0,44,1
2026-03-29T16:30:00,node_001,8.643,7.727,9.629,0.5142,8.244,-0.02507,0.4754,25.57,25.53,25.6,8.089,8.059,8.116,16,-0.866,-0.5,990,1,0,0,0,0,44,1
2026-03-29T16:35:00,node_001,8.092,6.868,9.474,0.727,7.32,-0.04315,-0.5507,25.6,25.53,25.6,8.11,8.08,8.152,16,-0.866,-0.5,995,1,0,0,0,0,41,1
2026-03-29T16:40:00,node_001,7.803,6.959,8.712,0.5091,7.51,0.01961,-0.2887,25.6,25.6,25.67,8.103,8.071,8.123,16,-0.866,-0.5,1000,1,0,0,0,0,44,1
2026-03-29T16:45:00,node_001,7.789,6.381,9.397,0.9143,9.115,0.04343,-0.0145,25.63,25.6,25.67,8.064,8.017,8.114,16,-0.866,-0.5,1005,1,0,0,0,0,44,1
2026-03-29T16:50:00,node_001,8.149,7.021,9.275,0.6075,7.601,0.00759,0.3601,25.66,25.6,25.67,8.001,7.973,8.037,16,-0.866,-0.5,1010,1,0,0,0,0,45,1
2026-03-29T16:55:00,node_001,7.709,7.053,9.255,0.5292,7.903,0.01665,-0.4395,25.67,25.67,25.74,7.97,7.939,7.994,16,-0.866,-0.5,1015,1,0,0,0,0,43,1
2026-03-29T17:00:00,node_001,7.937,6.946,9.738,0.7245,9.738,0.02174,0.2275,25.68,25.67,25.74,7.955,7.929,7.973,17,-0.9659,-0.2588,1020,1,0,0,0,0,44,1
2026-03-29T17:05:00,node_001,7.996,6.826,9.988,0.845,7.384,0.00086,0.0593,25.68,25.67,25.74,7.939,7.894,7.977,17,-0.9659,-0.2588,1025,1,0,0,0,0,44,1
2026-03-29T17:10:00,node_001,8.155,6.85,9.745,0.922,6.963,-0.00424,0.1586,25.68,25.67,25.74,7.901,7.872,7.933,17,-0.9659,-0.2588,1030,1,0,0,0,0,44,1
2026-03-29T17:15:00,node_001,7.883,6.878,9.854,0.7114,7.497,-0.00469,-0.2724,25.7,25.67,25.74,7.895,7.859,7.93,17,-0.9659,-0.2588,1035,1,0,0,0,0,42,1
2026-03-29T17:20:00,node_001,7.899,7.381,9.346,0.4103,7.942,-0.00931,0.0159,25.71,25.67,25.74,7.881,7.844,7.934,17,-0.9659,-0.2588,1040,1,0,0,0,0,45,1
2026-03-29T17:25:00,node_001,7.948,6.68,9.781,0.8712,9.13,0.05737,0.0487,25.72,25.67,25.74,7.862,7.827,7.891,17,-0.9659,-0.2588,1045,1,0,0,0,0,44,1
2026-03-29T17:30:00,node_001,7.911,7.152,8.946,0.4219,8.415,-0.00659,-0.0374,25.73,25.67,25.74,7.849,7.814,7.892,17,-0.9659,-0.2588,1050,1,0,0,0,0,42,1
2026-03-29T17:35:00,node_001,7.918,7.23,9.613,0.5416,8.032,-0.0212,0.0071,25.72,25.67,25.74,7.834,7.8,7.873,17,-0.9659,-0.2588,1055,1,0,0,0,0,44,1
2026-03-29T17:40:00,node_001,7.234,6.505,7.92,0.312,7.741,-0.00993,-0.6836,25.72,25.67,25.74,7.824,7.789,7.867,17,-0.9659,-0.2588,1060,1,0,0,0,0,44,1
2026-03-29T17:45:00,node_001,8.236,7.14,9.415,0.5313,7.183,-0.02299,1.0021,25.73,25.67,25.74,7.818,7.783,7.865,17,-0.9659,-0.2588,1065,1,0,0,0,0,44,1
2026-03-29T17:50:00,node_001,7.873,6.98,8.637,0.4531,7.744,0.02208,-0.3632,25.72,25.67,25.74,7.802,7.773,7.829,17,-0.9659,-0.2588,1070,1,0,0,0,0,43,1
2026-03-29T17:55:00,node_001,7.986,6.881,9.269,0.6538,7.443,-0.01257,0.113,25.72,25.67,25.74,7.796,7.756,7.838,17,-0.9659,-0.2588,1075,1,0,0,0,0,44,1
2026-03-29T18:00:00,node_001,8.215,6.647,9.471,0.822,7.816,0.028,0.2291,25.73,25.67,25.74,7.783,7.755,7.812,18,-1.0,-0.0,1080,0,0,0,0,0,45,1
2026-03-29T18:05:00,node_001,7.954,6.797,9.445,0.5554,7.486,0.00318,-0.2613,25.72,25.67,25.74,7.776,7.752,7.801,18,-1.0,-0.0,1085,0,0,0,0,0,42,1
2026-03-29T18:10:00,node_001,7.443,6.744,8.186,0.3652,7.958,0.01387,-0.5111,25.72,25.67,25.74,7.76,7.733,7.796,18,-1.0,-0.0,1090,0,0,0,0,0,44,1
2026-03-29T18:15:00,node_001,7.238,6.751,7.817,0.2344,6.936,-0.0123,-0.2054,25.68,25.67,25.74,7.747,7.718,7.777,18,-1.0,-0.0,1095,0,0,0,0,0,44,1
2026-03-29T18:20:00,node_001,7.35,6.686,8.426,0.4572,6.948,0.01067,0.1115,25.67,25.6,25.67,7.738,7.719,7.756,18,-1.0,-0.0,1100,0,0,0,0,0,44,1
2026-03-29T18:25:00,node_001,8.085,6.616,9.109,0.6616,7.993,0.03162,0.7353,25.64,25.6,25.67,7.73,7.716,7.748,18,-1.0,-0.0,1105,0,0,0,0,0,43,1
2026-03-29T18:30:00,node_001,7.782,7.197,8.945,0.3531,8.885,-0.00015,-0.3028,25.62,25.6,25.67,7.725,7.697,7.743,18,-1.0,-0.0,1110,0,0,0,0,0,44,1
2026-03-29T18:35:00,node_001,8.223,7.471,9.505,0.429,7.818,-0.00419,0.4408,25.6,25.6,25.6,7.728,7.703,7.794,18,-1.0,-0.0,1115,0,0,0,0,0,44,1
2026-03-29T18:40:00,node_001,8.271,7.037,10.39,1.0136,10.311,0.03876,0.0477,25.57,25.53,25.6,7.713,7.683,7.741,18,-1.0,-0.0,1120,0,0,0,0,0,44,1
2026-03-29T18:45:00,node_001,9.141,7.718,10.327,0.5839,9.434,0.00658,0.8702,25.53,25.46,25.6,7.709,7.69,7.724,18,-1.0,-0.0,1125,0,0,0,0,0,43,1
2026-03-29T18:50:00,node_001,8.734,7.319,9.709,0.5897,7.587,-0.02512,-0.407,25.5,25.46,25.53,7.705,7.684,7.723,18,-1.0,-0.0,1130,0,0,0,0,0,45,1
2026-03-29T18:55:00,node_001,9.64,8.821,10.608,0.4325,9.654,0.00917,0.9055,25.47,25.46,25.53,7.701,7.67,7.722,18,-1.0,-0.0,1135,0,0,0,0,0,43,1
2026-03-29T19:00:00,node_001,8.255,7.362,9.641,0.5908,7.506,-0.01832,-1.3849,25.45,25.4,25.46,7.706,7.681,7.734,19,-0.9659,0.2588,1140,0,0,0,0,0,44,1
2026-03-29T19:05:00,node_001,8.518,7.186,10.421,0.9051,10.421,0.0441,0.263,25.4,25.33,25.46,7.697,7.67,7.724,19,-0.9659,0.2588,1145,0,0,0,0,0,44,1
2026-03-29T19:10:00,node_001,9.192,8.076,10.283,0.5845,8.351,-0.01173,0.6739,25.39,25.33,25.4,7.7,7.674,7.722,19,-0.9659,0.2588,1150,0,0,0,0,0,44,1
2026-03-29T19:15:00,node_001,8.096,6.79,9.615,0.7859,8.68,0.02795,-1.0961,25.35,25.33,25.4,7.699,7.675,7.723,19,-0.9659,0.2588,1155,0,0,0,0,0,44,1
2026-03-29T19:20:00,node_001,8.293,7.412,10.245,0.6952,7.69,-0.01011,0.1974,25.34,25.33,25.4,7.701,7.674,7.725,19,-0.9659,0.2588,1160,0,0,0,0,0,43,1
2026-03-29T19:25:00,node_001,7.64,6.91,8.84,0.5409,8.618,-0.0061,-0.6528,25.33,25.26,25.4,7.704,7.686,7.73,19,-0.9659,0.2588,1165,0,0,0,0,0,44,1
2026-03-29T19:30:00,node_001,8.281,7.132,9.426,0.6032,7.132,-0.01451,0.6414,25.31,25.26,25.33,7.706,7.688,7.724,19,-0.9659,0.2588,1170,0,0,0,0,0,44,1
2026-03-29T19:35:00,node_001,7.875,6.937,9.734,0.7088,7.017,-0.00175,-0.4061,25.27,25.26,25.33,7.702,7.674,7.723,19,-0.9659,0.2588,1175,0,0,0,0,0,43,1
2026-03-29T19:40:00,node_001,7.441,6.584,8.863,0.5627,8.39,-0.01679,-0.4341,25.26,25.19,25.26,7.705,7.684,7.727,19,-0.9659,0.2588,1180,0,0,0,0,0,45,1
2026-03-29T19:45:00,node_001,7.923,6.758,9.964,0.7991,7.803,0.0237,0.482,25.24,25.19,25.26,7.708,7.687,7.729,19,-0.9659,0.2588,1185,0,0,0,0,0,44,1
2026-03-29T19:50:00,node_001,7.745,6.722,9.296,0.6586,7.241,-0.00282,-0.1777,25.21,25.19,25.26,7.711,7.684,7.738,19,-0.9659,0.2588,1190,0,0,0,0,0,44,1
2026-03-29T19:55:00,node_001,8.252,7.168,9.9,0.8549,7.789,0.04731,0.507,25.2,25.19,25.26,7.715,7.687,7.738,19,-0.9659,0.2588,1195,0,0,0,0,0,43,1
2026-03-29T20:00:00,node_001,7.902,6.927,9.298,0.751,9.298,0.02228,-0.3505,25.18,25.12,25.19,7.716,7.697,7.747,20,-0.866,0.5,1200,0,0,0,0,0,44,1
2026-03-29T20:05:00,node_001,9.264,8.3,9.956,0.4458,9.787,0.0017,1.3619,25.16,25.12,25.19,7.718,7.693,7.76,20,-0.866,0.5,1205,0,0,0,0,0,44,1
2026-03-29T20:10:00,node_001,9.097,7.886,10.109,0.6105,7.917,-0.02531,-0.1666,25.13,25.06,25.19,7.715,7.696,7.768,20,-0.866,0.5,1210,0,0,0,0,0,44,1
2026-03-29T20:15:00,node_001,8.778,7.482,10.312,0.7563,9.649,0.0403,-0.3191,25.11,25.06,25.12,7.712,7.69,7.742,20,-0.866,0.5,1215,0,0,0,0,0,43,1
2026-03-29T20:20:00,node_001,9.013,8.373,9.986,0.3881,9.541,0.01714,0.2351,25.07,25.06,25.12,7.718,7.688,7.736,20,-0.866,0.5,1220,0,0,0,0,0,44,1
2026-03-29T20:25:00,node_001,8.269,7.026,9.793,0.8089,7.026,-0.0246,-0.7438,25.06,25.06,25.06,7.719,7.683,7.742,20,-0.866,0.5,1225,0,0,0,0,0,44,1
2026-03-29T20:30:00,node_001,8.4,6.772,10.069,1.0582,10.059,0.06549,0.1314,25.05,24.99,25.06,7.721,7.698,7.739,20,-0.866,0.5,1230,0,0,0,0,0,43,1
2026-03-29T20:35:00,node_001,9.413,8.003,10.26,0.4867,9.757,-0.0134,1.013,25.04,24.99,25.06,7.718,7.691,7.744,20,-0.866,0.5,1235,0,0,0,0,0,45,1
2026-03-29T20:40:00,node_001,8.037,6.654,9.553,0.7996,6.654,-0.04265,-1.376,25.03,24.99,25.06,7.713,7.695,7.729,20,-0.866,0.5,1240,0,0,0,0,0,44,1
2026-03-29T20:45:00,node_001,7.338,6.389,9.841,0.9559,6.914,-0.04688,-0.6988,25.0,24.99,25.06,7.716,7.689,7.74,20,-0.866,0.5,1245,0,0,0,0,0,44,1
2026-03-29T20:50:00,node_001,8.221,6.973,10.102,0.9503,9.323,0.05898,0.883,24.99,24.92,25.06,7.717,7.697,7.743,20,-0.866,0.5,1250,0,0,0,0,0,43,1
2026-03-29T20:55:00,node_001,8.816,7.537,10.366,0.7349,9.398,-0.02048,0.5948,24.96,24.92,24.99,7.722,7.697,7.746,20,-0.866,0.5,1255,0,0,0,0,0,44,1
2026-03-29T21:00:00,node_001,8.32,6.991,9.656,0.9372,7.271,-0.05952,-0.4955,24.94,24.92,24.99,7.719,7.7,7.745,21,-0.7071,0.7071,1260,0,0,0,0,0,44,1
2026-03-29T21:05:00,node_001,7.9,6.721,10.05,0.8841,9.114,0.05601,-0.4197,24.92,24.85,24.99,7.721,7.685,7.764,21,-0.7071,0.7071,1265,0,0,0,0,0,43,1
2026-03-29T21:10:00,node_001,8.118,7.306,9.114,0.4514,8.156,-0.01739,0.2177,24.89,24.85,24.92,7.723,7.692,7.756,21,-0.7071,0.7071,1270,0,0,0,0,0,44,1
2026-03-29T21:15:00,node_001,7.831,6.9,8.966,0.5183,7.423,-0.02305,-0.2871,24.86,24.85,24.92,7.72,7.698,7.745,21,-0.7071,0.7071,1275,0,0,0,0,0,44,1
2026-03-29T21:20:00,node_001,8.716,7.241,10.0,0.7448,9.331,0.02826,0.8845,24.86,24.85,24.92,7.717,7.697,7.743,21,-0.7071,0.7071,1280,0,0,0,0,0,45,1
2026-03-29T21:25:00,node_001,8.915,7.781,9.958,0.5066,8.63,-0.01134,0.1991,24.86,24.85,24.92,7.716,7.697,7.744,21,-0.7071,0.7071,1285,0,0,0,0,0,42,1
2026-03-29T21:30:00,node_001,7.618,6.811,8.385,0.39,7.881,-0.00446,-1.2967,24.84,24.79,24.85,7.714,7.697,7.733,21,-0.7071,0.7071,1290,0,0,0,0,0,45,1
2026-03-29T21:35:00,node_001,7.64,7.018,8.818,0.4524,7.31,-0.01382,0.0223,24.82,24.79,24.85,7.709,7.685,7.732,21,-0.7071,0.7071,1295,0,0,0,0,0,44,1
2026-03-29T21:40:00,node_001,8.156,7.037,9.494,0.6468,8.423,0.01476,0.5159,24.79,24.79,24.85,7.704,7.681,7.728,21,-0.7071,0.7071,1300,0,0,0,0,0,44,1
2026-03-29T21:45:00,node_001,8.793,7.202,10.132,0.7853,7.591,-0.04595,0.6368,24.79,24.72,24.85,7.705,7.69,7.727,21,-0.7071,0.7071,1305,0,0,0,0,0,43,1
2026-03-29T21:50:00,node_001,7.846,6.921,9.725,0.6163,7.513,-0.02841,-0.9468,24.78,24.72,24.79,7.713,7.695,7.742,21,-0.7071,0.7071,1310,0,0,0,0,0,44,1
2026-03-29T21:55:00,node_001,8.459,7.305,9.612,0.6006,9.288,0.02822,0.6127,24.77,24.72,24.79,7.705,7.677,7.746,21,-0.7071,0.7071,1315,0,0,0,0,0,44,1
2026-03-29T22:00:00,node_001,7.79,6.97,9.014,0.5007,7.795,-0.01354,-0.6689,24.73,24.72,24.79,7.699,7.674,7.721,22,-0.5,0.866,1320,0,0,0,0,0,43,1
2026-03-29T22:05:00,node_001,8.182,7.351,9.868,0.7956,9.435,0.03406,0.3924,24.72,24.72,24.79,7.698,7.673,7.723,22,-0.5,0.866,1325,0,0,0,0,0,44,1
2026-03-29T22:10:00,node_001,9.013,8.257,9.937,0.4602,8.865,0.00316,0.8313,24.72,24.65,24.72,7.704,7.684,7.736,22,-0.5,0.866,1330,0,0,0,0,0,44,1
2026-03-29T22:15:00,node_001,8.773,8.239,9.485,0.3164,8.868,-0.00116,-0.2396,24.71,24.65,24.72,7.699,7.68,7.725,22,-0.5,0.866,1335,0,0,0,0,0,44,1
2026-03-29T22:20:00,node_001,8.292,7.161,9.484,0.6588,7.327,-0.01279,-0.481,24.68,24.65,24.72,7.702,7.676,7.738,22,-0.5,0.866,1340,0,0,0,0,0,43,1
2026-03-29T22:25:00,node_001,7.952,7.177,9.223,0.5778,7.944,0.02594,-0.3398,24.66,24.65,24.72,7.691,7.665,7.717,22,-0.5,0.866,1345,0,0,0,0,0,44,1
2026-03-29T22:30:00,node_001,8.474,7.004,9.695,0.5809,8.16,0.00883,0.5223,24.64,24.58,24.65,7.694,7.668,7.714,22,-0.5,0.866,1350,0,0,0,0,0,44,1
2026-03-29T22:35:00,node_001,7.664,6.686,9.432,0.7058,8.373,0.03508,-0.8096,24.62,24.58,24.65,7.692,7.665,7.708,22,-0.5,0.866,1355,0,0,0,0,0,45,1
2026-03-29T22:40:00,node_001,8.878,8.082,10.48,0.5381,8.542,0.01157,1.2136,24.59,24.58,24.65,7.691,7.671,7.717,22,-0.5,0.866,1360,0,0,0,0,0,42,1
2026-03-29T22:45:00,node_001,8.782,7.338,10.129,0.7817,9.139,-0.00139,-0.0956,24.58,24.51,24.58,7.696,7.667,7.743,22,-0.5,0.866,1365,0,0,0,0,0,44,1
2026-03-29T22:50:00,node_001,8.473,7.628,9.794,0.5988,8.334,-0.00414,-0.3094,24.55,24.51,24.58,7.694,7.673,7.72,22,-0.5,0.866,1370,0,0,0,0,0,45,1
2026-03-29T22:55:00,node_001,7.714,7.064,9.31,0.5571,8.39,0.02443,-0.7594,24.51,24.45,24.58,7.691,7.668,7.719,22,-0.5,0.866,1375,0,0,0,0,0,43,1
2026-03-29T23:00:00,node_001,7.782,6.947,9.208,0.5583,8.538,-0.02275,0.0678,24.5,24.45,24.51,7.689,7.655,7.711,23,-0.2588,0.9659,1380,0,0,0,0,0,44,1
2026-03-29T23:05:00,node_001,8.349,7.495,9.515,0.5585,8.498,-0.01937,0.5673,24.48,24.45,24.51,7.685,7.662,7.71,23,-0.2588,0.9659,1385,0,0,0,0,0,44,1
2026-03-29T23:10:00,node_001,8.424,7.132,9.333,0.6036,7.132,-0.0039,0.0752,24.45,24.38,24.51,7.683,7.646,7.7,23,-0.2588,0.9659,1390,0,0,0,0,0,44,1
2026-03-29T23:15:00,node_001,7.668,6.524,9.206,0.8704,9.206,0.01405,-0.7558,24.42,24.38,24.45,7.683,7.66,7.703,23,-0.2588,0.9659,1395,0,0,0,0,0,42,1
2026-03-29T23:20:00,node_001,7.588,6.591,9.304,0.6413,6.862,-0.04006,-0.0803,24.38,24.38,24.45,7.68,7.655,7.698,23,-0.2588,0.9659,1400,0,0,0,0,0,45,1
2026-03-29T23:25:00,node_001,7.563,6.204,9.077,0.8021,7.181,0.02479,-0.0248,24.37,24.31,24.38,7.684,7.659,7.712,23,-0.2588,0.9659,1405,0,0,0,0,0,44,1
2026-03-29T23:30:00,node_001,7.037,6.309,7.926,0.4416,7.829,0.01761,-0.5256,24.34,24.31,24.38,7.677,7.656,7.697,23,-0.2588,0.9659,1410,0,0,0,0,0,42,1
2026-03-29T23:35:00,node_001,9.041,7.963,9.904,0.4794,9.746,0.00745,2.0044,24.31,24.31,24.38,7.675,7.657,7.701,23,-0.2588,0.9659,1415,0,0,0,0,0,45,1
2026-03-29T23:40:00,node_001,8.951,8.285,9.812,0.4552,8.413,-0.02391,-0.0899,24.31,24.31,24.31,7.676,7.646,7.705,23,-0.2588,0.9659,1420,0,0,0,0,0,44,1
2026-03-29T23:45:00,node_001,8.812,7.76,9.791,0.5239,9.185,0.01476,-0.1389,24.28,24.24,24.31,7.679,7.661,7.697,23,-0.2588,0.9659,1425,0,0,0,0,0,44,1
2026-03-29T23:50:00,node_001,8.618,7.265,9.798,0.7084,8.851,0.02548,-0.194,24.27,24.24,24.31,7.683,7.664,7.707,23,-0.2588,0.9659,1430,0,0,0,0,0,43,1
2026-03-29T23:55:00,node_001,8.422,7.2,9.384,0.5348,8.879,0.00809,-0.1964,24.25,24.17,24.31,7.684,7.665,7.705,23,-0.2588,0.9659,1435,0,0,0,0,0,44,1
2026-03-30T00:00:00,node_001,8.841,7.768,9.569,0.4522,8.723,-0.0194,0.4187,24.25,24.24,24.31,7.68,7.661,7.702,0,0.0,1.0,0,0,0,0,0,0,44,1
2026-03-30T00:05:00,node_001,7.921,6.958,9.08,0.7044,9.079,0.0149,-0.9202,24.25,24.24,24.31,7.678,7.652,7.706,0,0.0,1.0,5,0,0,0,0,0,44,1
2026-03-30T00:10:00,node_001,8.547,7.477,10.219,0.6756,9.484,0.02431,0.6263,24.23,24.17,24.24,7.682,7.656,7.702,0,0.0,1.0,10,0,0,0,0,0,43,1
2026-03-30T00:15:00,node_001,8.714,7.651,9.503,0.5283,9.083,0.01624,0.1666,24.24,24.17,24.24,7.687,7.66,7.713,0,0.0,1.0,15,0,0,0,0,0,44,1
2026-03-30T00:20:00,node_001,8.758,7.943,10.123,0.5584,8.876,-0.00497,0.0443,24.24,24.17,24.24,7.691,7.676,7.706,0,0.0,1.0,20,0,0,0,0,0,45,1
2026-03-30T00:25:00,node_001,7.374,6.55,8.783,0.62,7.507,-0.01771,-1.3842,24.24,24.17,24.24,7.687,7.66,7.716,0,0.0,1.0,25,0,0,0,0,0,43,1
2026-03-30T00:30:00,node_001,8.43,7.362,9.717,0.521,8.56,-0.02211,1.0557,24.25,24.17,24.31,7.69,7.661,7.716,0,0.0,1.0,30,0,0,0,0,0,44,1
2026-03-30T00:35:00,node_001,8.585,7.706,9.596,0.5028,7.964,-0.02152,0.1551,24.24,24.17,24.24,7.696,7.675,7.722,0,0.0,1.0,35,0,0,0,0,0,44,1
2026-03-30T00:40:00,node_001,8.576,7.672,9.783,0.5012,7.975,-0.00127,-0.0091,24.24,24.17,24.24,7.68,7.654,7.708,0,0.0,1.0,40,0,0,0,0,0,44,1
2026-03-30T00:45:00,node_001,8.554,6.944,9.997,0.754,8.54,-0.03629,-0.0223,24.24,24.24,24.24,7.681,7.644,7.71,0,0.0,1.0,45,0,0,0,0,0,43,1
2026-03-30T00:50:00,node_001,8.061,7.022,9.28,0.6157,8.56,0.01196,-0.4933,24.25,24.24,24.31,7.679,7.65,7.702,0,0.0,1.0,50,0,0,0,0,0,44,1
2026-03-30T00:55:00,node_001,8.712,7.996,9.589,0.346,8.623,0.00044,0.6513,24.26,24.24,24.31,7.675,7.656,7.697,0,0.0,1.0,55,0,0,0,0,0,44,1
2026-03-30T01:00:00,node_001,8.622,7.92,9.867,0.4608,8.105,0.00057,-0.0896,24.25,24.24,24.31,7.669,7.647,7.687,1,0.2588,0.9659,60,0,0,0,0,0,44,1
2026-03-30T01:05:00,node_001,8.313,7.153,9.696,0.8062,7.329,-0.04528,-0.3092,24.27,24.24,24.31,7.661,7.644,7.689,1,0.2588,0.9659,65,0,0,0,0,0,43,1
2026-03-30T01:10:00,node_001,7.205,6.252,8.45,0.6322,7.988,0.02867,-1.1078,24.26,24.24,24.31,7.658,7.623,7.679,1,0.2588,0.9659,70,0,0,0,0,0,45,1
2026-03-30T01:15:00,node_001,8.991,7.774,9.793,0.4576,8.883,0.01106,1.7864,24.25,24.24,24.31,7.659,7.637,7.693,1,0.2588,0.9659,75,0,0,0,0,0,44,1
2026-03-30T01:20:00,node_001,8.605,7.403,9.78,0.6465,7.923,-0.00774,-0.386,24.27,24.24,24.31,7.658,7.637,7.698,1,0.2588,0.9659,80,0,0,0,0,0,43,1
2026-03-30T01:25:00,node_001,8.587,7.502,9.908,0.7053,7.576,-0.04024,-0.0182,24.27,24.24,24.31,7.635,7.619,7.657,1,0.2588,0.9659,85,0,0,0,0,0,44,1
2026-03-30T01:30:00,node_001,7.814,7.197,8.946,0.5015,7.853,0.01552,-0.7732,24.29,24.24,24.31,7.617,7.595,7.641,1,0.2588,0.9659,90,0,0,0,0,0,44,1
2026-03-30T01:35:00,node_001,7.932,6.951,8.854,0.4723,7.368,0.00028,0.1179,24.28,24.24,24.31,7.615,7.596,7.634,1,0.2588,0.9659,95,0,0,0,0,0,44,1
2026-03-30T01:40:00,node_001,7.765,6.865,8.953,0.4632,7.691,0.02681,-0.1668,24.3,24.24,24.31,7.605,7.592,7.623,1,0.2588,0.9659,100,0,0,0,0,0,42,1
2026-03-30T01:45:00,node_001,7.818,6.981,8.945,0.5305,7.755,0.01195,0.0533,24.3,24.24,24.31,7.602,7.581,7.618,1,0.2588,0.9659,105,0,0,0,0,0,45,1
2026-03-30T01:50:00,node_001,7.923,6.991,10.006,0.6675,8.911,0.01887,0.1047,24.3,24.24,24.31,7.599,7.57,7.621,1,0.2588,0.9659,110,0,0,0,0,0,44,1
2026-03-30T01:55:00,node_001,8.869,7.656,9.863,0.6672,7.752,-0.03433,0.9465,24.29,24.24,24.31,7.594,7.57,7.613,1,0.2588,0.9659,115,0,0,0,0,0,41,1
2026-03-30T02:00:00,node_001,7.434,6.988,8.016,0.2381,7.194,-0.00204,-1.4352,24.3,24.24,24.31,7.591,7.567,7.61,2,0.5,0.866,120,0,0,0,0,0,45,1
2026-03-30T02:05:00,node_001,7.454,6.617,8.216,0.4532,8.156,0.03013,0.0197,24.31,24.24,24.31,7.589,7.568,7.614,2,0.5,0.866,125,0,0,0,0,0,44,1
2026-03-30T02:10:00,node_001,8.525,7.008,10.148,0.8498,7.472,-0.03601,1.0713,24.3,24.24,24.31,7.587,7.56,7.607,2,0.5,0.866,130,0,0,0,0,0,44,1
2026-03-30T02:15:00,node_001,7.986,6.717,9.53,0.882,8.939,0.04293,-0.5387,24.31,24.24,24.31,7.576,7.554,7.6,2,0.5,0.866,135,0,0,0,0,0,43,1
2026-03-30T02:20:00,node_001,8.731,7.455,9.857,0.5541,8.796,-0.00165,0.7446,24.31,24.24,24.31,7.57,7.547,7.587,2,0.5,0.866,140,0,0,0,0,0,44,1
2026-03-30T02:25:00,node_001,8.01,7.049,9.37,0.7704,9.108,-0.00427,-0.7207,24.31,24.24,24.31,7.563,7.544,7.583,2,0.5,0.866,145,0,0,0,0,0,44,1
2026-03-30T02:30:00,node_001,7.995,7.309,9.181,0.4267,8.288,-0.01822,-0.0147,24.31,24.24,24.38,7.561,7.543,7.587,2,0.5,0.866,150,0,0,0,0,0,43,1
2026-03-30T02:35:00,node_001,8.775,7.704,9.676,0.4806,8.398,0.00529,0.7797,24.31,24.31,24.31,7.555,7.527,7.581,2,0.5,0.866,155,0,0,0,0,0,45,1
2026-03-30T02:40:00,node_001,8.74,7.995,9.882,0.4677,8.853,0.00981,-0.0348,24.31,24.31,24.38,7.554,7.523,7.577,2,0.5,0.866,160,0,0,0,0,0,44,1
2026-03-30T02:45:00,node_001,7.909,7.224,9.264,0.4782,7.595,-0.01867,-0.8312,24.31,24.31,24.31,7.547,7.53,7.565,2,0.5,0.866,165,0,0,0,0,0,44,1
2026-03-30T02:50:00,node_001,7.588,6.739,8.495,0.5544,8.224,0.02839,-0.3206,24.31,24.24,24.38,7.542,7.507,7.557,2,0.5,0.866,170,0,0,0,0,0,43,1
2026-03-30T02:55:00,node_001,8.967,8.054,10.18,0.613,8.054,0.01508,1.3792,24.31,24.31,24.38,7.545,7.529,7.561,2,0.5,0.866,175,0,0,0,0,0,44,1
2026-03-30T03:00:00,node_001,8.757,8.049,9.599,0.3686,8.373,-8e-05,-0.21,24.31,24.31,24.38,7.541,7.507,7.557,3,0.7071,0.7071,180,0,0,0,0,0,44,1
2026-03-30T03:05:00,node_001,8.906,8.012,9.689,0.4353,8.012,-0.01096,0.1487,24.32,24.24,24.38,7.544,7.528,7.568,3,0.7071,0.7071,185,0,0,0,0,0,44,1
2026-03-30T03:10:00,node_001,7.366,6.864,8.202,0.3067,7.474,-0.01223,-1.5399,24.31,24.31,24.31,7.537,7.516,7.562,3,0.7071,0.7071,190,0,0,0,0,0,43,1
2026-03-30T03:15:00,node_001,7.773,7.374,8.176,0.2206,7.667,0.00798,0.4073,24.31,24.31,24.38,7.541,7.515,7.566,3,0.7071,0.7071,195,0,0,0,0,0,44,1
2026-03-30T03:20:00,node_001,7.75,7.064,8.989,0.4416,7.064,0.00754,-0.0228,24.32,24.31,24.38,7.54,7.522,7.557,3,0.7071,0.7071,200,0,0,0,0,0,45,1
2026-03-30T03:25:00,node_001,7.407,6.732,8.457,0.4891,7.926,0.02459,-0.3432,24.31,24.31,24.38,7.537,7.518,7.57,3,0.7071,0.7071,205,0,0,0,0,0,43,1
2026-03-30T03:30:00,node_001,7.673,7.308,8.087,0.2007,7.387,-0.00492,0.2663,24.32,24.31,24.38,7.539,7.521,7.562,3,0.7071,0.7071,210,0,0,0,0,0,44,1
2026-03-30T03:35:00,node_001,7.584,6.389,9.474,0.7581,7.153,0.01589,-0.0893,24.32,24.31,24.38,7.538,7.519,7.557,3,0.7071,0.7071,215,0,0,0,0,0,44,1
2026-03-30T03:40:00,node_001,7.644,7.02,9.071,0.5914,8.76,-0.00989,0.0599,24.31,24.24,24.38,7.537,7.51,7.563,3,0.7071,0.7071,220,0,0,0,0,0,44,1
2026-03-30T03:45:00,node_001,8.13,6.733,8.937,0.6427,8.247,-0.01473,0.4855,24.31,24.24,24.38,7.536,7.504,7.559,3,0.7071,0.7071,225,0,0,0,0,0,43,1
2026-03-30T03:50:00,node_001,8.674,7.576,10.25,0.7314,7.928,-0.03782,0.5441,24.31,24.31,24.31,7.536,7.512,7.554,3,0.7071,0.7071,230,0,0,0,0,0,44,1
2026-03-30T03:55:00,node_001,7.279,6.782,8.099,0.3114,7.268,-0.0113,-1.3946,24.31,24.31,24.38,7.535,7.512,7.553,3,0.7071,0.7071,235,0,0,0,0,0,44,1
2026-03-30T04:00:00,node_001,8.537,7.095,10.109,0.8902,9.747,0.04075,1.2577,24.31,24.31,24.38,7.533,7.512,7.546,4,0.866,0.5,240,0,0,0,0,0,43,1
2026-03-30T04:05:00,node_001,9.157,8.244,9.932,0.3513,9.262,-0.00776,0.6202,24.31,24.31,24.38,7.539,7.518,7.56,4,0.866,0.5,245,0,0,0,0,0,44,1
2026-03-30T04:10:00,node_001,8.724,7.546,9.687,0.5016,8.016,-0.00181,-0.4328,24.31,24.24,24.31,7.539,7.518,7.562,4,0.866,0.5,250,0,0,0,0,0,44,1
2026-03-30T04:15:00,node_001,8.791,7.821,9.912,0.4863,8.583,-0.00864,0.0674,24.3,24.24,24.31,7.539,7.523,7.556,4,0.866,0.5,255,0,0,0,0,0,45,1
2026-03-30T04:20:00,node_001,8.507,7.131,10.032,0.8148,7.898,-0.03663,-0.2842,24.31,24.24,24.31,7.537,7.507,7.558,4,0.866,0.5,260,0,0,0,0,0,42,1
2026-03-30T04:25:00,node_001,8.629,6.9,9.873,0.7867,9.043,0.04166,0.1222,24.31,24.24,24.31,7.537,7.515,7.563,4,0.866,0.5,265,0,0,0,0,0,44,1
2026-03-30T04:30:00,node_001,8.724,7.301,9.978,0.6592,7.756,-0.01304,0.0948,24.31,24.31,24.31,7.535,7.512,7.559,4,0.866,0.5,270,0,0,0,0,0,44,1
2026-03-30T04:35:00,node_001,7.469,6.858,8.812,0.4597,8.061,-0.02274,-1.2552,24.3,24.24,24.31,7.537,7.517,7.557,4,0.866,0.5,275,0,0,0,0,0,45,1
2026-03-30T04:40:00,node_001,8.609,7.593,9.837,0.563,9.002,0.0239,1.14,24.31,24.24,24.31,7.537,7.515,7.556,4,0.866,0.5,280,0,0,0,0,0,43,1
2026-03-30T04:45:00,node_001,8.282,6.958,9.721,0.6978,8.333,-0.01873,-0.3268,24.3,24.24,24.31,7.536,7.506,7.556,4,0.866,0.5,285,0,0,0,0,0,44,1
2026-03-30T04:50:00,node_001,7.966,6.36,9.696,0.8938,6.398,-0.05133,-0.3165,24.31,24.24,24.38,7.538,7.524,7.564,4,0.866,0.5,290,0,0,0,0,0,44,1
2026-03-30T04:55:00,node_001,8.119,6.477,9.854,0.8895,8.976,0.01696,0.1529,24.31,24.24,24.31,7.534,7.512,7.553,4,0.866,0.5,295,0,0,0,0,0,42,1
2026-03-30T05:00:00,node_001,7.928,7.018,9.338,0.6094,7.018,-0.04359,-0.1906,24.3,24.24,24.31,7.533,7.508,7.554,5,0.9659,0.2588,300,0,0,0,0,0,44,1
2026-03-30T05:05:00,node_001,7.359,6.74,7.884,0.3254,7.72,0.01734,-0.5694,24.31,24.24,24.31,7.532,7.517,7.555,5,0.9659,0.2588,305,0,0,0,0,0,45,1
2026-03-30T05:10:00,node_001,7.579,6.96,8.492,0.2988,8.492,0.00213,0.2199,24.3,24.24,24.31,7.532,7.509,7.562,5,0.9659,0.2588,310,0,0,0,0,0,44,1
2026-03-30T05:15:00,node_001,7.932,7.012,9.119,0.6796,7.015,-0.02589,0.3534,24.3,24.24,24.31,7.531,7.514,7.553,5,0.9659,0.2588,315,0,0,0,0,0,43,1
2026-03-30T05:20:00,node_001,7.241,6.751,7.891,0.3257,7.355,0.01129,-0.6905,24.29,24.24,24.31,7.532,7.511,7.557,5,0.9659,0.2588,320,0,0,0,0,0,44,1
2026-03-30T05:25:00,node_001,7.479,6.57,8.616,0.4585,7.289,-0.02714,0.2382,24.29,24.24,24.31,7.527,7.503,7.56,5,0.9659,0.2588,325,0,0,0,0,0,44,1
2026-03-30T05:30:00,node_001,7.522,6.787,8.225,0.3646,7.228,-0.00401,0.0433,24.29,24.24,24.31,7.53,7.509,7.552,5,0.9659,0.2588,330,0,0,0,0,0,44,1
2026-03-30T05:35:00,node_001,9.153,7.711,10.567,0.6892,9.236,0.03077,1.6314,24.29,24.24,24.31,7.535,7.508,7.552,5,0.9659,0.2588,335,0,0,0,0,0,43,1
2026-03-30T05:40:00,node_001,8.735,7.672,10.232,0.6528,9.736,0.00406,-0.4179,24.29,24.24,24.31,7.534,7.513,7.552,5,0.9659,0.2588,340,0,0,0,0,0,44,1
2026-03-30T05:45:00,node_001,9.186,8.095,10.162,0.4878,9.294,-0.00554,0.4511,24.29,24.24,24.31,7.533,7.506,7.562,5,0.9659,0.2588,345,0,0,0,0,0,44,1
2026-03-30T05:50:00,node_001,8.968,7.79,9.694,0.4966,8.945,-0.00302,-0.2184,24.28,24.24,24.31,7.528,7.509,7.547,5,0.9659,0.2588,350,0,0,0,0,0,43,1
2026-03-30T05:55:00,node_001,8.89,7.814,9.824,0.5042,7.814,-0.00203,-0.0782,24.28,24.24,24.31,7.528,7.497,7.55,5,0.9659,0.2588,355,0,0,0,0,0,44,1
2026-03-30T06:00:00,node_001,8.674,7.851,9.455,0.3944,8.525,0.00482,-0.2161,24.28,24.24,24.31,7.53,7.501,7.556,6,1.0,0.0,360,1,0,0,0,0,45,1
2026-03-30T06:05:00,node_001,8.155,7.004,9.36,0.695,7.037,-0.02674,-0.519,24.27,24.24,24.31,7.525,7.495,7.547,6,1.0,0.0,365,1,0,0,0,0,44,1
2026-03-30T06:10:00,node_001,8.336,7.089,9.836,0.7575,9.472,0.01616,0.1811,24.26,24.24,24.31,7.522,7.495,7.54,6,1.0,0.0,370,1,0,0,0,0,43,1
2026-03-30T06:15:00,node_001,8.483,7.446,9.874,0.6281,8.867,0.00927,0.1467,24.27,24.24,24.31,7.525,7.504,7.544,6,1.0,0.0,375,1,0,0,0,0,44,1
2026-03-30T06:20:00,node_001,8.775,7.548,9.615,0.5046,8.684,-0.01735,0.2921,24.28,24.24,24.31,7.523,7.48,7.543,6,1.0,0.0,380,1,0,0,0,0,44,1
2026-03-30T06:25:00,node_001,7.822,7.181,8.562,0.3841,8.434,0.00426,-0.9526,24.3,24.24,24.31,7.523,7.5,7.545,6,1.0,0.0,385,1,0,0,0,0,44,1
2026-03-30T06:30:00,node_001,8.064,6.873,9.459,0.804,6.873,-0.04969,0.2415,24.3,24.24,24.31,7.522,7.498,7.545,6,1.0,0.0,390,1,0,0,0,0,43,1
2026-03-30T06:35:00,node_001,7.479,6.928,8.701,0.3757,7.307,-0.00758,-0.5852,24.27,24.24,24.31,7.527,7.5,7.548,6,1.0,0.0,395,1,0,0,0,0,44,1
2026-03-30T06:40:00,node_001,7.604,6.617,8.34,0.5194,8.266,0.0335,0.1246,24.29,24.24,24.31,7.519,7.493,7.551,6,1.0,0.0,400,1,0,0,0,0,44,1
2026-03-30T06:45:00,node_001,8.157,7.316,9.811,0.7144,7.341,-0.01166,0.5534,24.29,24.24,24.31,7.522,7.498,7.54,6,1.0,0.0,405,1,0,0,0,0,43,1
2026-03-30T06:50:00,node_001,7.812,6.855,9.723,0.6377,9.723,0.02912,-0.3452,24.29,24.24,24.31,7.526,7.503,7.549,6,1.0,0.0,410,1,0,0,0,0,44,1
2026-03-30T06:55:00,node_001,9.137,7.867,9.978,0.562,9.189,0.02,1.3245,24.28,24.24,24.31,7.526,7.505,7.544,6,1.0,0.0,415,1,0,0,0,0,44,1
2026-03-30T07:00:00,node_001,9.283,7.997,10.28,0.5495,7.997,-0.00031,0.1456,24.29,24.24,24.31,7.529,7.504,7.552,7,0.9659,-0.2588,420,1,0,0,0,0,44,1
2026-03-30T07:05:00,node_001,8.274,7.131,9.846,0.7194,8.874,-0.03575,-1.0086,24.29,24.24,24.31,7.527,7.501,7.552,7,0.9659,-0.2588,425,1,0,0,0,0,43,1
2026-03-30T07:10:00,node_001,8.909,7.848,9.964,0.5977,9.053,0.01157,0.6346,24.3,24.24,24.31,7.522,7.501,7.546,7,0.9659,-0.2588,430,1,0,0,0,0,45,1
2026-03-30T07:15:00,node_001,7.734,7.214,8.764,0.386,7.9,-0.01081,-1.1755,24.3,24.24,24.31,7.52,7.495,7.541,7,0.9659,-0.2588,435,1,0,0,0,0,44,1
2026-03-30T07:20:00,node_001,8.507,7.628,9.916,0.6848,8.572,0.03227,0.7727,24.26,24.24,24.31,7.512,7.482,7.537,7,0.9659,-0.2588,440,1,0,0,0,0,42,1
2026-03-30T07:25:00,node_001,8.191,7.28,9.683,0.6678,9.683,0.03274,-0.3165,24.27,24.24,24.31,7.517,7.494,7.54,7,0.9659,-0.2588,445,1,0,0,0,0,44,1
2026-03-30T07:30:00,node_001,8.212,7.171,10.135,0.8882,7.23,-0.03688,0.021,24.28,24.24,24.31,7.517,7.495,7.538,7,0.9659,-0.2588,450,1,0,0,0,0,44,1
2026-03-30T07:35:00,node_001,7.927,7.153,8.907,0.5163,8.079,0.0411,-0.2851,24.28,24.24,24.31,7.512,7.49,7.533,7,0.9659,-0.2588,455,1,0,0,0,0,28,1
2026-03-30T07:40:00,node_001,7.456,7.088,8.008,0.3222,7.134,-0.11997,-0.4714,24.29,24.24,24.31,7.515,7.504,7.529,7,0.9659,-0.2588,460,1,0,0,0,0,9,1
2026-03-30T08:10:00,node_001,9.212,8.594,9.923,0.5495,9.923,0.3719,1.7556,24.26,24.24,24.31,7.509,7.487,7.52,8,0.866,-0.5,490,1,0,0,0,0,5,1
2026-03-30T08:15:00,node_001,8.138,7.024,9.433,0.8124,8.697,0.02027,-1.0738,24.26,24.24,24.31,7.503,7.479,7.525,8,0.866,-0.5,495,1,0,0,0,0,36,1
2026-03-30T08:20:00,node_001,7.914,6.87,9.336,0.6713,8.329,0.01023,-0.224,24.29,24.24,24.31,7.505,7.48,7.524,8,0.866,-0.5,500,1,0,0,0,0,33,1
2026-03-30T08:25:00,node_001,7.7,6.564,8.901,0.524,6.564,-0.01924,-0.2137,24.29,24.24,24.31,7.514,7.489,7.54,8,0.866,-0.5,505,1,0,0,0,0,36,1
2026-03-30T08:30:00,node_001,7.563,6.622,8.469,0.6047,7.934,0.00438,-0.137,24.28,24.24,24.31,7.507,7.474,7.528,8,0.866,-0.5,510,1,0,0,0,0,39,1
2026-03-30T08:35:00,node_001,7.573,6.49,9.528,0.8145,7.89,0.04102,0.0098,24.28,24.24,24.31,7.502,7.482,7.523,8,0.866,-0.5,515,1,0,0,0,0,39,1
2026-03-31T10:05:00,node_001,9.101,7.728,9.995,0.5347,9.835,0.0031,0.0,23.77,23.77,23.77,7.194,7.172,7.218,10,0.5,-0.866,605,1,0,0,0,0,35,1
2026-03-31T10:10:00,node_001,8.487,7.666,9.562,0.4332,8.938,0.00316,-0.614,23.77,23.77,23.77,7.198,7.173,7.218,10,0.5,-0.866,610,1,0,0,0,0,32,1
2026-03-31T10:15:00,node_001,8.102,7.097,8.709,0.4389,7.889,-0.03151,-0.3845,23.8,23.77,23.83,7.204,7.179,7.223,10,0.5,-0.866,615,1,0,0,0,0,35,1
2026-03-31T10:20:00,node_001,8.253,7.378,9.609,0.5684,7.514,-0.03454,0.1515,23.83,23.77,23.83,7.212,7.188,7.233,10,0.5,-0.866,620,1,0,0,0,0,27,1
2026-03-31T10:25:00,node_001,7.739,7.141,9.078,0.4929,7.701,-0.00141,-0.5135,23.84,23.83,23.9,7.217,7.199,7.235,10,0.5,-0.866,625,1,0,0,0,0,34,1
2026-03-31T10:30:00,node_001,8.177,7.142,9.761,0.7594,7.17,-0.06691,0.4384,23.84,23.83,23.9,7.221,7.196,7.244,10,0.5,-0.866,630,1,0,0,0,0,36,1
2026-04-01T18:10:00,node_001,6.804,6.208,7.744,0.405,7.135,-0.00872,-1.3725,28.66,28.66,28.73,8.028,7.995,8.06,18,-1.0,-0.0,1090,0,0,0,0,0,33,1
2026-04-01T18:15:00,node_001,7.827,7.057,9.5,0.5736,7.312,-0.00878,1.023,28.65,28.59,28.66,8.025,7.998,8.057,18,-1.0,-0.0,1095,0,0,0,0,0,46,1
2026-04-01T18:20:00,node_001,6.417,5.88,6.914,0.2826,6.215,-0.0224,-1.4101,28.62,28.59,28.66,8.036,7.993,8.07,18,-1.0,-0.0,1100,0,0,0,0,0,33,1
2026-04-01T18:25:00,node_001,6.414,5.785,7.066,0.3339,6.732,0.01911,-0.0032,28.59,28.52,28.66,8.02,7.994,8.052,18,-1.0,-0.0,1105,0,0,0,0,0,44,1
2026-04-01T18:30:00,node_001,7.967,6.786,9.995,0.7367,7.046,0.01735,1.5525,28.56,28.52,28.59,8.019,7.979,8.054,18,-1.0,-0.0,1110,0,0,0,0,0,46,1
2026-04-01T18:35:00,node_001,6.708,5.729,8.19,0.6019,6.339,-0.02744,-1.2594,28.53,28.52,28.59,8.014,7.985,8.044,18,-1.0,-0.0,1115,0,0,0,0,0,45,1
2026-04-01T18:40:00,node_001,6.507,5.604,8.002,0.6424,7.106,0.00048,-0.2005,28.53,28.52,28.59,8.008,7.975,8.04,18,-1.0,-0.0,1120,0,0,0,0,0,46,1
2026-04-01T18:45:00,node_001,6.965,5.613,8.777,0.9419,6.956,0.00294,0.4584,28.52,28.46,28.52,8.006,7.972,8.047,18,-1.0,-0.0,1125,0,0,0,0,0,44,1
2026-04-01T18:50:00,node_001,6.524,5.661,7.655,0.5368,7.208,-0.00323,-0.4412,28.51,28.46,28.52,7.999,7.97,8.027,18,-1.0,-0.0,1130,0,0,0,0,0,46,1
2026-04-01T18:55:00,node_001,6.873,5.708,9.234,0.9858,7.657,-0.06145,0.3494,28.47,28.46,28.52,7.995,7.97,8.02,18,-1.0,-0.0,1135,0,0,0,0,0,45,1
2026-04-01T19:00:00,node_001,6.912,5.829,8.753,0.7043,6.996,-0.04194,0.039,28.46,28.39,28.52,7.993,7.966,8.022,19,-0.9659,0.2588,1140,0,0,0,0,0,45,1
2026-04-01T19:05:00,node_001,6.393,5.761,7.837,0.5442,6.172,0.00314,-0.519,28.44,28.39,28.46,7.988,7.957,8.025,19,-0.9659,0.2588,1145,0,0,0,0,0,45,1
2026-04-01T19:10:00,node_001,7.949,5.906,9.953,1.174,7.81,0.05502,1.5555,28.4,28.39,28.46,7.986,7.932,8.022,19,-0.9659,0.2588,1150,0,0,0,0,0,46,1
2026-04-01T19:15:00,node_001,7.228,6.182,9.65,0.8003,7.12,-0.00088,-0.7208,28.39,28.32,28.46,7.979,7.947,8.021,19,-0.9659,0.2588,1155,0,0,0,0,0,45,1
2026-04-01T19:20:00,node_001,6.175,5.736,6.89,0.3275,5.761,-0.00542,-1.0529,28.37,28.32,28.39,7.969,7.928,7.989,19,-0.9659,0.2588,1160,0,0,0,0,0,45,1
2026-04-01T19:25:00,node_001,6.731,5.574,8.964,0.9752,6.398,0.02849,0.5564,28.34,28.32,28.39,7.965,7.93,7.994,19,-0.9659,0.2588,1165,0,0,0,0,0,45,1
2026-04-01T19:30:00,node_001,6.476,5.306,8.096,0.8289,6.944,0.03412,-0.2549,28.31,28.25,28.32,7.951,7.924,7.987,19,-0.9659,0.2588,1170,0,0,0,0,0,46,1
2026-04-01T19:35:00,node_001,6.776,5.776,7.965,0.5867,7.686,-0.00798,0.3003,28.27,28.25,28.32,7.907,7.86,7.954,19,-0.9659,0.2588,1175,0,0,0,0,0,44,1
2026-04-01T19:40:00,node_001,6.718,5.137,8.568,1.052,5.137,-0.07966,-0.0582,28.25,28.25,28.25,7.872,7.823,7.924,19,-0.9659,0.2588,1180,0,0,0,0,0,45,1
2026-04-01T19:45:00,node_001,5.889,5.11,7.008,0.5774,5.742,0.00457,-0.8288,28.25,28.18,28.25,7.843,7.792,7.881,19,-0.9659,0.2588,1185,0,0,0,0,0,46,1
2026-04-01T19:50:00,node_001,6.334,5.292,7.985,0.7863,5.517,-0.01409,0.4446,28.23,28.18,28.25,7.814,7.762,7.869,19,-0.9659,0.2588,1190,0,0,0,0,0,46,1
2026-04-01T19:55:00,node_001,6.152,5.457,7.268,0.4668,5.659,-0.00773,-0.182,28.18,28.12,28.25,7.777,7.74,7.82,19,-0.9659,0.2588,1195,0,0,0,0,0,44,1
2026-04-01T20:00:00,node_001,5.428,4.744,6.562,0.4657,5.355,0.00974,-0.7241,28.18,28.12,28.25,7.756,7.727,7.799,20,-0.866,0.5,1200,0,0,0,0,0,45,1
2026-04-01T20:05:00,node_001,6.014,5.314,6.98,0.5217,5.345,-0.01546,0.586,28.13,28.12,28.18,7.745,7.707,7.774,20,-0.866,0.5,1205,0,0,0,0,0,46,1
2026-04-01T20:10:00,node_001,4.713,4.365,5.377,0.2374,4.861,-0.00672,-1.3006,28.11,28.05,28.12,7.728,7.69,7.775,20,-0.866,0.5,1210,0,0,0,0,0,44,1
2026-04-01T20:15:00,node_001,5.155,4.547,5.816,0.2867,5.816,0.00716,0.4422,28.1,28.05,28.12,7.709,7.672,7.748,20,-0.866,0.5,1215,0,0,0,0,0,46,1
2026-04-01T20:20:00,node_001,6.105,5.354,6.937,0.4607,6.606,0.00824,0.9499,28.07,28.05,28.12,7.702,7.675,7.736,20,-0.866,0.5,1220,0,0,0,0,0,45,1
2026-04-01T20:25:00,node_001,5.702,5.147,6.548,0.4321,5.616,-0.00048,-0.4035,28.06,28.05,28.12,7.699,7.658,7.742,20,-0.866,0.5,1225,0,0,0,0,0,46,1
2026-04-01T20:30:00,node_001,5.575,5.041,6.445,0.3794,5.27,-0.00698,-0.1272,28.04,27.98,28.05,7.692,7.651,7.71,20,-0.866,0.5,1230,0,0,0,0,0,44,1
2026-04-01T20:35:00,node_001,6.928,4.895,8.264,0.9534,7.307,0.0468,1.3533,28.01,27.98,28.05,7.69,7.664,7.742,20,-0.866,0.5,1235,0,0,0,0,0,46,1
2026-04-01T20:40:00,node_001,6.263,5.608,7.254,0.3927,7.254,-0.01616,-0.6646,27.98,27.91,28.05,7.689,7.654,7.733,20,-0.866,0.5,1240,0,0,0,0,0,45,1
2026-04-01T20:45:00,node_001,7.828,6.768,8.834,0.6145,8.393,0.02388,1.565,27.97,27.91,27.98,7.68,7.649,7.707,20,-0.866,0.5,1245,0,0,0,0,0,45,1
2026-04-01T20:50:00,node_001,6.886,5.668,8.418,0.9367,5.935,-0.05472,-0.9424,27.93,27.91,27.98,7.677,7.644,7.705,20,-0.866,0.5,1250,0,0,0,0,0,45,1
2026-04-01T20:55:00,node_001,6.398,5.63,7.268,0.4285,6.015,0.01589,-0.4885,27.9,27.84,27.91,7.673,7.637,7.697,20,-0.866,0.5,1255,0,0,0,0,0,46,1
2026-04-01T21:00:00,node_001,5.986,5.427,6.49,0.2635,6.49,0.0084,-0.4121,27.89,27.84,27.91,7.668,7.644,7.705,21,-0.7071,0.7071,1260,0,0,0,0,0,45,1
2026-04-01T21:05:00,node_001,6.391,5.876,7.062,0.2701,6.342,-0.00575,0.4052,27.86,27.84,27.91,7.655,7.624,7.686,21,-0.7071,0.7071,1265,0,0,0,0,0,45,1
2026-04-01T21:10:00,node_001,6.591,6.003,7.043,0.2545,6.826,0.00958,0.1997,27.84,27.78,27.91,7.639,7.608,7.676,21,-0.7071,0.7071,1270,0,0,0,0,0,45,1
2026-04-01T21:15:00,node_001,6.451,5.869,6.983,0.2981,6.622,-0.00434,-0.1405,27.82,27.78,27.84,7.636,7.604,7.663,21,-0.7071,0.7071,1275,0,0,0,0,0,46,1
2026-04-01T21:20:00,node_001,6.875,5.995,8.791,0.8052,6.579,0.03514,0.4241,27.8,27.78,27.84,7.627,7.589,7.666,21,-0.7071,0.7071,1280,0,0,0,0,0,45,1
2026-04-01T21:25:00,node_001,6.757,6.344,7.446,0.2413,6.889,0.00606,-0.1179,27.79,27.78,27.84,7.626,7.594,7.656,21,-0.7071,0.7071,1285,0,0,0,0,0,44,1
2026-04-01T21:30:00,node_001,7.112,6.409,8.009,0.4243,6.905,0.01391,0.355,27.78,27.71,27.84,7.612,7.578,7.652,21,-0.7071,0.7071,1290,0,0,0,0,0,46,1
2026-04-01T21:35:00,node_001,6.843,6.459,7.48,0.2795,7.133,-0.00331,-0.2692,27.74,27.71,27.78,7.606,7.572,7.637,21,-0.7071,0.7071,1295,0,0,0,0,0,45,1
2026-04-01T21:40:00,node_001,6.745,6.208,7.444,0.2898,6.784,-0.00277,-0.0979,27.71,27.71,27.78,7.592,7.548,7.629,21,-0.7071,0.7071,1300,0,0,0,0,0,45,1
2026-04-01T21:45:00,node_001,7.1,6.489,8.425,0.4628,8.048,0.01138,0.3551,27.71,27.64,27.71,7.586,7.553,7.62,21,-0.7071,0.7071,1305,0,0,0,0,0,45,1
2026-04-01T21:50:00,node_001,7.149,6.233,8.955,0.7656,8.955,0.00959,0.0493,27.71,27.64,27.71,7.577,7.548,7.61,21,-0.7071,0.7071,1310,0,0,0,0,0,46,1
2026-04-01T21:55:00,node_001,7.144,6.391,8.815,0.5215,7.697,-0.01853,-0.0045,27.69,27.64,27.71,7.565,7.53,7.607,21,-0.7071,0.7071,1315,0,0,0,0,0,44,1
2026-04-01T22:00:00,node_001,6.985,6.309,7.596,0.3377,7.596,-0.00382,-0.1592,27.67,27.64,27.71,7.556,7.524,7.589,22,-0.5,0.866,1320,0,0,0,0,0,46,1
2026-04-01T22:05:00,node_001,7.255,6.421,8.115,0.5215,6.571,-0.03668,0.2698,27.64,27.57,27.64,7.545,7.508,7.579,22,-0.5,0.866,1325,0,0,0,0,0,45,1
2026-04-01T22:10:00,node_001,6.897,6.255,7.496,0.3149,6.822,0.00894,-0.3577,27.6,27.57,27.64,7.532,7.499,7.569,22,-0.5,0.866,1330,0,0,0,0,0,46,1
2026-04-01T22:15:00,node_001,7.141,6.213,7.707,0.3682,6.213,-0.00914,0.2439,27.59,27.57,27.64,7.525,7.491,7.554,22,-0.5,0.866,1335,0,0,0,0,0,44,1
2026-04-01T22:20:00,node_001,7.597,6.334,9.319,0.8635,7.886,-0.01132,0.4557,27.57,27.57,27.57,7.517,7.486,7.558,22,-0.5,0.866,1340,0,0,0,0,0,46,1
2026-04-01T22:25:00,node_001,7.256,6.621,8.505,0.4957,7.365,-0.02,-0.3411,27.55,27.5,27.57,7.505,7.463,7.545,22,-0.5,0.866,1345,0,0,0,0,0,45,1
2026-04-01T22:30:00,node_001,7.124,6.545,7.905,0.3103,7.869,0.01161,-0.1324,27.53,27.5,27.57,7.505,7.463,7.552,22,-0.5,0.866,1350,0,0,0,0,0,44,1
2026-04-01T22:35:00,node_001,7.144,6.475,8.074,0.312,8.074,0.00245,0.0196,27.52,27.5,27.57,7.495,7.464,7.53,22,-0.5,0.866,1355,0,0,0,0,0,46,1
2026-04-01T22:40:00,node_001,7.052,6.523,7.925,0.3444,6.968,-0.0116,-0.0919,27.51,27.5,27.57,7.494,7.452,7.524,22,-0.5,0.866,1360,0,0,0,0,0,45,1
2026-04-01T22:45:00,node_001,7.501,6.69,8.977,0.6075,7.749,0.0101,0.4492,27.49,27.44,27.5,7.492,7.452,7.539,22,-0.5,0.866,1365,0,0,0,0,0,46,1
2026-04-01T22:50:00,node_001,7.839,6.751,9.064,0.683,7.494,-0.037,0.3382,27.47,27.44,27.5,7.488,7.458,7.51,22,-0.5,0.866,1370,0,0,0,0,0,44,1
2026-04-01T22:55:00,node_001,7.172,6.794,7.88,0.266,7.409,-0.00521,-0.6668,27.44,27.37,27.5,7.481,7.443,7.515,22,-0.5,0.866,1375,0,0,0,0,0,46,1
2026-04-01T23:00:00,node_001,8.327,6.74,9.769,1.0102,8.497,0.0552,1.155,27.43,27.37,27.44,7.476,7.443,7.506,23,-0.2588,0.9659,1380,0,0,0,0,0,45,1
2026-04-01T23:05:00,node_001,7.409,6.863,8.293,0.3858,7.138,-0.02069,-0.9178,27.4,27.37,27.44,7.473,7.43,7.517,23,-0.2588,0.9659,1385,0,0,0,0,0,46,1
2026-04-01T23:10:00,node_001,7.273,6.489,8.447,0.5149,6.894,0.02457,-0.1362,27.37,27.37,27.44,7.47,7.426,7.514,23,-0.2588,0.9659,1390,0,0,0,0,0,43,1
2026-04-01T23:15:00,node_001,7.392,6.523,9.283,0.6829,8.659,0.01866,0.1188,27.35,27.3,27.37,7.461,7.418,7.501,23,-0.2588,0.9659,1395,0,0,0,0,0,46,1
2026-04-01T23:20:00,node_001,8.317,7.454,9.986,0.6951,8.261,0.03037,0.9247,27.32,27.3,27.37,7.461,7.43,7.502,23,-0.2588,0.9659,1400,0,0,0,0,0,45,1
2026-04-01T23:25:00,node_001,8.051,6.702,9.819,0.8236,6.721,-0.05479,-0.266,27.31,27.3,27.37,7.46,7.418,7.498,23,-0.2588,0.9659,1405,0,0,0,0,0,45,1
2026-04-01T23:30:00,node_001,7.269,6.599,8.41,0.4049,6.916,0.00379,-0.7824,27.3,27.23,27.3,7.452,7.39,7.485,23,-0.2588,0.9659,1410,0,0,0,0,0,45,1
2026-04-01T23:35:00,node_001,7.906,6.603,10.283,1.0563,7.058,-0.01191,0.6365,27.29,27.23,27.3,7.445,7.411,7.481,23,-0.2588,0.9659,1415,0,0,0,0,0,46,1
2026-04-01T23:40:00,node_001,7.856,6.784,10.175,0.8634,8.216,0.02863,-0.0497,27.26,27.23,27.3,7.439,7.408,7.476,23,-0.2588,0.9659,1420,0,0,0,0,0,45,1
2026-04-01T23:45:00,node_001,7.556,6.793,9.45,0.6921,7.219,-0.01631,-0.3002,27.24,27.23,27.3,7.437,7.406,7.47,23,-0.2588,0.9659,1425,0,0,0,0,0,44,1
2026-04-01T23:50:00,node_001,7.126,6.512,7.586,0.2642,6.809,-0.01235,-0.4304,27.23,27.16,27.3,7.435,7.402,7.463,23,-0.2588,0.9659,1430,0,0,0,0,0,46,1
2026-04-01T23:55:00,node_001,7.242,6.266,8.961,0.6563,6.272,-0.01115,0.1164,27.2,27.16,27.23,7.429,7.389,7.459,23,-0.2588,0.9659,1435,0,0,0,0,0,46,1
2026-04-02T00:00:00,node_001,7.051,6.291,8.741,0.4767,8.741,0.02466,-0.1911,27.17,27.16,27.23,7.431,7.376,7.476,0,0.0,1.0,0,0,0,0,0,0,45,1
2026-04-02T00:05:00,node_001,7.821,6.66,9.689,0.9456,7.175,0.0035,0.7697,27.16,27.1,27.16,7.425,7.395,7.459,0,0.0,1.0,5,0,0,0,0,0,44,1
2026-04-02T00:10:00,node_001,7.608,7.126,9.026,0.4313,8.824,0.02128,-0.2127,27.15,27.1,27.16,7.415,7.39,7.449,0,0.0,1.0,10,0,0,0,0,0,46,1
2026-04-09T14:55:00,node_001,6.458,5.608,7.741,0.635,5.689,-0.0004,0.0,28.26,28.25,28.32,8.453,8.431,8.489,14,-0.5,-0.866,895,1,0,0,0,0,24,1
2026-04-09T15:00:00,node_001,5.714,4.935,6.746,0.501,4.961,-0.02266,-0.7445,28.26,28.25,28.32,8.443,8.405,8.481,15,-0.7071,-0.7071,900,1,0,0,0,0,46,1
2026-04-09T15:05:00,node_001,6.158,4.751,7.287,0.6116,5.865,0.02368,0.444,28.27,28.25,28.32,8.411,8.375,8.452,15,-0.7071,-0.7071,905,1,0,0,0,0,44,1
2026-04-09T15:10:00,node_001,6.368,5.458,7.414,0.4935,6.353,0.00233,0.2098,28.27,28.25,28.32,8.389,8.351,8.428,15,-0.7071,-0.7071,910,1,0,0,0,0,45,1
2026-04-09T15:15:00,node_001,6.496,5.72,7.406,0.3945,7.37,-0.00353,0.1283,28.33,28.25,28.39,8.384,8.35,8.413,15,-0.7071,-0.7071,915,1,0,0,0,0,46,1
2026-04-09T15:20:00,node_001,6.72,4.986,8.62,1.0584,8.62,0.04431,0.224,28.34,28.32,28.39,8.409,8.361,8.458,15,-0.7071,-0.7071,920,1,0,0,0,0,44,1
2026-04-09T15:25:00,node_001,8.7,0.0,16.676,4.5707,13.167,0.09469,1.9804,26.77,22.47,28.32,8.073,7.337,8.394,15,-0.7071,-0.7071,925,1,0,0,0,0,45,1
2026-04-09T15:30:00,node_001,12.106,11.746,12.999,0.2954,11.746,-0.01872,3.4058,30.17,27.71,31.31,7.334,7.25,7.405,15,-0.7071,-0.7071,930,1,0,0,0,0,46,1
2026-04-09T15:35:00,node_001,11.649,11.19,12.935,0.4678,11.19,0.01204,-0.457,30.88,30.77,31.11,7.27,7.21,7.312,15,-0.7071,-0.7071,935,1,0,0,0,0,45,1
2026-04-09T15:40:00,node_001,13.027,10.997,14.138,0.8783,11.341,-0.03343,1.3783,30.68,30.63,30.77,7.218,7.186,7.259,15,-0.7071,-0.7071,940,1,0,0,0,0,44,1
2026-04-09T15:45:00,node_001,10.662,9.506,12.432,0.6451,10.868,-0.02284,-2.3646,30.6,30.56,30.63,7.236,7.204,7.271,15,-0.7071,-0.7071,945,1,0,0,0,0,45,1
2026-04-09T15:50:00,node_001,10.346,9.11,11.753,0.6326,9.849,-0.02957,-0.3156,30.56,30.5,30.56,7.254,7.201,7.307,15,-0.7071,-0.7071,950,1,0,0,0,0,46,1
2026-04-09T15:55:00,node_001,10.39,8.513,11.394,0.8004,11.027,-0.02099,0.0442,30.51,30.43,30.56,7.282,7.225,7.321,15,-0.7071,-0.7071,955,1,0,0,0,0,44,1
2026-04-09T16:00:00,node_001,10.628,9.501,11.648,0.5917,10.371,-0.00493,0.2383,30.44,30.43,30.5,7.301,7.268,7.341,16,-0.866,-0.5,960,1,0,0,0,0,45,1
2026-04-09T16:05:00,node_001,9.412,7.729,11.539,1.0999,9.261,0.01018,-1.216,30.39,30.36,30.43,7.321,7.274,7.358,16,-0.866,-0.5,965,1,0,0,0,0,46,1
2026-04-09T16:10:00,node_001,9.86,8.881,10.803,0.4347,9.698,-0.0011,0.448,30.36,30.29,30.43,7.343,7.292,7.376,16,-0.866,-0.5,970,1,0,0,0,0,46,1
2026-04-09T16:15:00,node_001,9.938,8.827,12.064,0.7868,10.153,0.00985,0.0778,30.3,30.22,30.36,7.358,7.32,7.401,16,-0.866,-0.5,975,1,0,0,0,0,44,1
2026-04-09T16:20:00,node_001,9.804,8.436,11.137,0.7581,8.436,-0.02513,-0.1339,30.26,30.22,30.29,7.36,7.317,7.402,16,-0.866,-0.5,980,1,0,0,0,0,45,1
2026-04-09T16:25:00,node_001,9.888,8.386,11.182,0.7573,11.171,-0.02537,0.0839,30.22,30.16,30.29,7.36,7.311,7.408,16,-0.866,-0.5,985,1,0,0,0,0,46,1
2026-04-09T16:30:00,node_001,10.059,8.165,11.973,1.052,11.973,0.01086,0.1705,30.18,30.16,30.22,7.375,7.326,7.416,16,-0.866,-0.5,990,1,0,0,0,0,45,1
2026-04-09T16:35:00,node_001,10.124,8.965,12.35,0.922,10.193,-0.05341,0.0654,30.14,30.09,30.22,7.388,7.355,7.425,16,-0.866,-0.5,995,1,0,0,0,0,44,1
2026-04-09T16:40:00,node_001,9.215,7.564,11.046,0.9841,7.564,-0.04955,-0.9086,30.09,30.09,30.16,7.403,7.357,7.439,16,-0.866,-0.5,1000,1,0,0,0,0,46,1
2026-04-09T16:45:00,node_001,8.659,7.817,9.919,0.6285,7.861,-0.01073,-0.5561,30.07,30.02,30.09,7.427,7.402,7.464,16,-0.866,-0.5,1005,1,0,0,0,0,45,1
2026-04-09T16:50:00,node_001,9.827,8.08,11.776,1.1421,10.351,0.06992,1.168,30.03,30.02,30.09,7.443,7.403,7.484,16,-0.866,-0.5,1010,1,0,0,0,0,45,1
2026-04-09T16:55:00,node_001,9.916,8.669,10.992,0.5802,8.934,0.00192,0.0889,30.0,29.95,30.02,7.461,7.428,7.494,16,-0.866,-0.5,1015,1,0,0,0,0,45,1
2026-04-09T17:00:00,node_001,8.999,7.848,10.907,0.7716,9.668,0.03831,-0.9173,29.97,29.88,30.02,7.477,7.43,7.51,17,-0.9659,-0.2588,1020,1,0,0,0,0,46,1
2026-04-09T17:05:00,node_001,8.863,7.545,10.85,0.8973,10.242,0.02998,-0.1361,29.93,29.88,29.95,7.498,7.461,7.528,17,-0.9659,-0.2588,1025,1,0,0,0,0,45,1
2026-04-09T17:10:00,node_001,9.057,8.093,10.291,0.6562,8.3,-0.01402,0.1939,29.89,29.88,29.95,7.516,7.477,7.559,17,-0.9659,-0.2588,1030,1,0,0,0,0,42,1
2026-04-09T17:15:00,node_001,8.723,7.513,10.536,0.7987,8.826,-0.02483,-0.334,29.88,29.82,29.88,7.53,7.495,7.56,17,-0.9659,-0.2588,1035,1,0,0,0,0,46,1
2026-04-09T17:20:00,node_001,8.772,7.837,10.512,0.711,8.51,-0.00567,0.0488,29.83,29.82,29.88,7.545,7.494,7.587,17,-0.9659,-0.2588,1040,1,0,0,0,0,45,1
2026-04-09T17:25:00,node_001,9.491,8.53,11.311,0.7781,10.12,0.03103,0.7186,29.81,29.75,29.82,7.562,7.515,7.614,17,-0.9659,-0.2588,1045,1,0,0,0,0,42,1
2026-04-09T17:30:00,node_001,9.328,8.42,10.761,0.6856,8.555,-0.04359,-0.1626,29.76,29.75,29.82,7.576,7.513,7.615,17,-0.9659,-0.2588,1050,1,0,0,0,0,45,1
2026-04-09T17:35:00,node_001,8.48,7.708,9.809,0.4617,8.681,0.01061,-0.8477,29.74,29.68,29.82,7.605,7.55,7.65,17,-0.9659,-0.2588,1055,1,0,0,0,0,46,1
2026-04-09T17:40:00,node_001,9.408,8.175,11.141,0.768,10.283,0.03398,0.9281,29.7,29.68,29.75,7.612,7.578,7.65,17,-0.9659,-0.2588,1060,1,0,0,0,0,45,1
2026-04-09T17:45:00,node_001,9.352,7.969,11.05,0.7822,7.969,-0.05151,-0.0561,29.68,29.61,29.75,7.624,7.59,7.653,17,-0.9659,-0.2588,1065,1,0,0,0,0,45,1
2026-04-09T17:50:00,node_001,8.478,7.665,10.682,0.8511,8.216,0.04268,-0.8742,29.63,29.61,29.68,7.637,7.599,7.682,17,-0.9659,-0.2588,1070,1,0,0,0,0,45,1
2026-04-09T17:55:00,node_001,8.273,7.464,9.104,0.3811,7.464,-0.00819,-0.2051,29.61,29.54,29.61,7.65,7.611,7.685,17,-0.9659,-0.2588,1075,1,0,0,0,0,46,1
2026-04-09T18:00:00,node_001,8.662,7.55,10.2,0.6658,8.852,0.01004,0.3885,29.58,29.54,29.61,7.664,7.634,7.697,18,-1.0,-0.0,1080,0,0,0,0,0,43,1
2026-04-09T18:05:00,node_001,8.45,7.392,9.754,0.5463,9.11,-0.01347,-0.2117,29.55,29.54,29.61,7.681,7.644,7.734,18,-1.0,-0.0,1085,0,0,0,0,0,46,1
2026-04-09T18:10:00,node_001,9.088,8.204,10.653,0.6858,8.823,-0.00941,0.6378,29.5,29.48,29.54,7.685,7.651,7.725,18,-1.0,-0.0,1090,0,0,0,0,0,45,1
2026-04-09T18:15:00,node_001,8.692,7.557,9.986,0.7493,7.913,-0.01699,-0.3956,29.47,29.41,29.48,7.704,7.669,7.732,18,-1.0,-0.0,1095,0,0,0,0,0,46,1
2026-04-09T18:20:00,node_001,7.36,6.794,8.214,0.3805,8.106,-0.00347,-1.332,29.44,29.41,29.48,7.717,7.659,7.76,18,-1.0,-0.0,1100,0,0,0,0,0,43,1
2026-04-09T18:25:00,node_001,8.356,7.793,9.694,0.4063,8.775,0.01236,0.9956,29.41,29.34,29.48,7.731,7.69,7.774,18,-1.0,-0.0,1105,0,0,0,0,0,46,1
2026-04-09T18:30:00,node_001,8.254,7.128,10.407,0.8625,7.198,-0.05819,-0.102,29.37,29.34,29.41,7.744,7.705,7.807,18,-1.0,-0.0,1110,0,0,0,0,0,45,1
2026-04-09T18:35:00,node_001,8.116,7.32,9.778,0.6402,9.778,-0.00593,-0.1378,29.34,29.34,29.34,7.754,7.712,7.807,18,-1.0,-0.0,1115,0,0,0,0,0,46,1
2026-04-09T18:40:00,node_001,8.928,7.601,10.922,1.0065,7.606,-0.07064,0.8115,29.33,29.27,29.34,7.771,7.729,7.81,18,-1.0,-0.0,1120,0,0,0,0,0,44,1
2026-04-09T18:45:00,node_001,8.083,7.087,9.316,0.5548,7.723,0.01268,-0.845,29.29,29.27,29.34,7.791,7.735,7.838,18,-1.0,-0.0,1125,0,0,0,0,0,46,1
2026-04-09T18:50:00,node_001,7.959,7.146,10.296,0.7885,10.114,0.03478,-0.1239,29.27,29.2,29.27,7.796,7.751,7.852,18,-1.0,-0.0,1130,0,0,0,0,0,45,1
2026-04-09T18:55:00,node_001,8.383,7.498,10.438,0.7704,9.326,-0.03645,0.4238,29.24,29.2,29.27,7.807,7.757,7.859,18,-1.0,-0.0,1135,0,0,0,0,0,44,1
2026-04-09T19:00:00,node_001,8.018,7.364,9.617,0.5992,7.399,-0.03337,-0.3645,29.21,29.2,29.27,7.809,7.757,7.882,19,-0.9659,0.2588,1140,0,0,0,0,0,46,1
2026-04-09T19:05:00,node_001,8.256,7.35,9.352,0.5329,8.398,0.01825,0.2376,29.2,29.14,29.2,7.818,7.766,7.888,19,-0.9659,0.2588,1145,0,0,0,0,0,45,1
2026-04-27T20:50:00,node_001,3.004,2.229,3.896,0.5684,2.229,-0.1476,0.0,33.09,33.08,33.15,10.326,10.302,10.345,20,-0.866,0.5,1250,0,0,0,0,0,13,1
2026-04-27T20:55:00,node_001,2.936,2.076,3.936,0.5099,2.164,-0.01006,-0.0681,33.1,33.08,33.15,10.33,10.289,10.378,20,-0.866,0.5,1255,0,0,0,0,0,45,1
2026-04-27T21:00:00,node_001,2.49,1.516,3.515,0.5218,1.617,-0.00946,-0.4455,33.1,33.08,33.15,10.331,10.293,10.362,21,-0.7071,0.7071,1260,0,0,0,0,0,46,1
2026-04-27T21:05:00,node_001,2.407,1.713,3.36,0.4403,2.634,0.03069,-0.0831,33.09,33.08,33.15,10.325,10.265,10.377,21,-0.7071,0.7071,1265,0,0,0,0,0,44,1
2026-04-27T21:10:00,node_001,2.773,2.064,3.52,0.3169,2.251,-0.01473,0.3665,33.08,33.08,33.08,10.317,10.277,10.368,21,-0.7071,0.7071,1270,0,0,0,0,0,46,1
2026-04-27T21:15:00,node_001,3.047,2.14,4.523,0.6699,3.936,0.02129,0.2743,33.08,33.08,33.08,10.313,10.27,10.357,21,-0.7071,0.7071,1275,0,0,0,0,0,45,1
2026-04-27T21:20:00,node_001,3.156,2.371,4.663,0.5339,2.42,-0.0091,0.1095,33.08,33.01,33.08,10.319,10.257,10.376,21,-0.7071,0.7071,1280,0,0,0,0,0,44,1
2026-04-27T21:25:00,node_001,3.58,2.388,4.877,0.6374,3.434,0.03101,0.4237,33.08,33.08,33.15,10.313,10.246,10.354,21,-0.7071,0.7071,1285,0,0,0,0,0,46,1
2026-04-27T21:30:00,node_001,2.767,1.931,3.3,0.3765,3.113,-0.00156,-0.8125,33.08,33.08,33.08,10.317,10.261,10.354,21,-0.7071,0.7071,1290,0,0,0,0,0,45,1
2026-04-27T21:35:00,node_001,2.869,2.403,3.769,0.3119,3.769,9e-05,0.1023,33.08,33.01,33.08,10.306,10.248,10.356,21,-0.7071,0.7071,1295,0,0,0,0,0,45,1
2026-04-27T21:40:00,node_001,3.247,2.573,4.146,0.4264,2.707,0.00286,0.3783,33.08,33.01,33.08,10.31,10.268,10.353,21,-0.7071,0.7071,1300,0,0,0,0,0,45,1
2026-04-27T21:45:00,node_001,2.806,2.093,4.122,0.5608,3.192,0.02578,-0.4407,33.07,33.01,33.08,10.314,10.274,10.354,21,-0.7071,0.7071,1305,0,0,0,0,0,46,1
2026-04-27T21:50:00,node_001,3.25,2.684,3.996,0.3356,3.701,0.01612,0.4442,33.07,33.01,33.08,10.308,10.263,10.355,21,-0.7071,0.7071,1310,0,0,0,0,0,45,1
2026-04-27T21:55:00,node_001,3.111,2.532,3.974,0.3959,3.21,0.00278,-0.1395,33.03,33.01,33.08,10.295,10.25,10.367,21,-0.7071,0.7071,1315,0,0,0,0,0,45,1
2026-04-27T22:00:00,node_001,3.231,2.485,4.2,0.396,2.921,0.00877,0.1196,33.01,32.94,33.08,10.314,10.262,10.357,22,-0.5,0.866,1320,0,0,0,0,0,45,1
2026-04-27T22:05:00,node_001,3.46,2.765,4.382,0.3876,3.452,0.00532,0.2288,32.96,32.94,33.01,10.314,10.264,10.36,22,-0.5,0.866,1325,0,0,0,0,0,46,1
2026-04-27T22:10:00,node_001,3.699,2.538,4.647,0.514,4.035,0.00848,0.239,32.92,32.88,32.94,10.319,10.28,10.366,22,-0.5,0.866,1330,0,0,0,0,0,45,1
