pond_id,prediction_timestamp,current_do,hour_of_day,minimum_future_do,time_to_first_low_do_minutes
ara2_0677080b,2025-12-15T02:45:00.000000,4.43,2,2.88,120.0
ara2_0677080b,2025-12-15T03:00:00.000000,4.26,3,2.59,105.0
ara2_0677080b,2025-12-15T03:15:00.000000,4.15,3,2.29,90.0
ara2_0677080b,2025-12-15T03:30:00.000000,3.91,3,2.09,75.0
ara2_0677080b,2025-12-15T03:45:00.000000,3.78,3,1.94,60.0
ara2_0677080b,2025-12-15T04:00:00.000000,3.66,4,1.69,45.0
ara2_0677080b,2025-12-15T04:15:00.000000,3.43,4,1.53,30.0
ara2_0677080b,2025-12-15T04:30:00.000000,3.14,4,1.33,15.0
ara2_0677080b,2025-12-15T22:45:00.000000,3.99,22,2.81,90.0
ara2_0677080b,2025-12-15T23:00:00.000000,3.79,23,2.61,75.0
ara2_0677080b,2025-12-15T23:15:00.000000,3.58,23,2.48,60.0
ara2_0677080b,2025-12-15T23:30:00.000000,3.32,23,2.43,45.0
ara2_0677080b,2025-12-15T23:45:00.000000,3.29,23,2.38,30.0
ara2_0677080b,2025-12-16T00:00:00.000000,3.02,0,2.34,15.0
ara2_0677080b,2025-12-16T00:30:00.000000,3.03,0,2.08,15.0
ara2_0677080b,2025-12-18T02:15:00.000000,3.95,2,2.58,75.0
ara2_0677080b,2025-12-18T02:30:00.000000,3.75,2,2.39,60.0
ara2_0677080b,2025-12-18T02:45:00.000000,3.42,2,2.23,45.0
ara2_0677080b,2025-12-18T03:00:00.000000,3.26,3,2.06,30.0
ara2_0677080b,2025-12-18T03:15:00.000000,3.1,3,1.92,15.0
ara2_0677080b,2025-12-18T23:15:00.000000,4.04,23,2.84,120.0
ara2_0677080b,2025-12-18T23:30:00.000000,3.9,23,2.61,105.0
ara2_0677080b,2025-12-18T23:45:00.000000,3.75,23,2.36,90.0
ara2_0677080b,2025-12-19T00:00:00.000000,3.64,0,2.27,75.0
ara2_0677080b,2025-12-19T00:15:00.000000,3.56,0,1.99,60.0
ara2_0677080b,2025-12-19T00:30:00.000000,3.44,0,1.73,45.0
ara2_0677080b,2025-12-19T00:45:00.000000,3.24,0,1.67,30.0
ara2_0677080b,2025-12-19T01:00:00.000000,3.05,1,1.53,15.0
ara2_0677080b,2025-12-19T22:45:00.000000,5.02,22,2.93,120.0
ara2_0677080b,2025-12-19T23:00:00.000000,4.68,23,2.56,105.0
ara2_0677080b,2025-12-19T23:15:00.000000,4.27,23,2.54,90.0
ara2_0677080b,2025-12-19T23:30:00.000000,4.09,23,2.42,75.0
ara2_0677080b,2025-12-19T23:45:00.000000,3.72,23,2.29,60.0
ara2_0677080b,2025-12-20T00:00:00.000000,3.57,0,2.09,45.0
ara2_0677080b,2025-12-20T00:15:00.000000,3.38,0,1.92,30.0
ara2_0677080b,2025-12-20T00:30:00.000000,3.1,0,1.76,15.0
ara2_0677080b,2025-12-20T20:45:00.000000,4.14,20,2.76,105.0
ara2_0677080b,2025-12-20T21:00:00.000000,3.97,21,2.63,90.0
ara2_0677080b,2025-12-20T21:15:00.000000,3.82,21,2.52,75.0
ara2_0677080b,2025-12-20T21:30:00.000000,3.66,21,2.5,60.0
ara2_0677080b,2025-12-20T21:45:00.000000,3.48,21,2.44,45.0
ara2_0677080b,2025-12-20T22:00:00.000000,3.3,22,2.22,30.0
ara2_0677080b,2025-12-20T22:15:00.000000,3.14,22,2.09,15.0
ara2_0677080b,2025-12-21T21:15:00.000000,4.37,21,2.99,120.0
ara2_0677080b,2025-12-21T21:30:00.000000,4.27,21,2.59,105.0
ara2_0677080b,2025-12-21T21:45:00.000000,4.21,21,2.52,90.0
ara2_0677080b,2025-12-21T22:00:00.000000,4.06,22,2.51,75.0
ara2_0677080b,2025-12-21T22:15:00.000000,3.92,22,2.3,60.0
ara2_0677080b,2025-12-21T22:30:00.000000,3.85,22,2.16,45.0
ara2_0677080b,2025-12-21T22:45:00.000000,3.43,22,1.96,30.0
ara2_0677080b,2025-12-21T23:00:00.000000,3.22,23,1.96,15.0
ara2_0677080b,2025-12-22T21:00:00.000000,3.71,21,2.75,120.0
ara2_0677080b,2025-12-22T21:15:00.000000,3.46,21,2.52,105.0
ara2_0677080b,2025-12-22T21:30:00.000000,3.3,21,2.42,90.0
ara2_0677080b,2025-12-22T21:45:00.000000,3.15,21,2.34,75.0
ara2_0677080b,2025-12-22T22:00:00.000000,3.02,22,2.26,60.0
ara2_0677080b,2025-12-22T22:15:00.000000,3.25,22,2.03,45.0
ara2_0677080b,2025-12-22T22:30:00.000000,3.1,22,1.83,30.0
ara2_0677080b,2025-12-22T22:45:00.000000,3.05,22,1.7,15.0
ara2_0677080b,2025-12-23T21:30:00.000000,5.01,21,2.74,120.0
ara2_0677080b,2025-12-23T21:45:00.000000,4.83,21,2.74,105.0
ara2_0677080b,2025-12-23T22:00:00.000000,4.55,22,2.74,90.0
ara2_0677080b,2025-12-23T22:15:00.000000,4.3,22,2.74,75.0
ara2_0677080b,2025-12-23T22:30:00.000000,4.06,22,2.74,60.0
ara2_0677080b,2025-12-23T22:45:00.000000,3.85,22,2.74,45.0
ara2_0677080b,2025-12-23T23:00:00.000000,3.56,23,2.65,30.0
ara2_0677080b,2025-12-23T23:15:00.000000,3.18,23,2.65,15.0
ara2_0677080b,2025-12-25T02:30:00.000000,3.34,2,2.59,30.0
ara2_0677080b,2025-12-25T02:45:00.000000,3.03,2,2.59,15.0
ara2_0677080b,2025-12-25T21:00:00.000000,4.69,21,2.89,120.0
ara2_0677080b,2025-12-25T21:15:00.000000,4.0,21,2.89,105.0
ara2_0677080b,2025-12-25T21:30:00.000000,4.04,21,2.89,90.0
ara2_0677080b,2025-12-25T21:45:00.000000,3.84,21,2.89,75.0
ara2_0677080b,2025-12-25T22:00:00.000000,3.5,22,2.89,60.0
ara2_0677080b,2025-12-25T22:15:00.000000,3.27,22,2.89,45.0
ara2_0677080b,2025-12-25T22:30:00.000000,3.1,22,2.89,30.0
ara2_0677080b,2025-12-25T22:45:00.000000,3.01,22,2.89,15.0
ara2_0677080b,2026-01-03T21:15:00.000000,5.5,21,1.01,120.0
ara2_0677080b,2026-01-03T21:30:00.000000,5.21,21,1.01,105.0
ara2_0677080b,2026-01-03T21:45:00.000000,4.91,21,1.01,90.0
ara2_0677080b,2026-01-03T22:00:00.000000,4.57,22,1.01,75.0
ara2_0677080b,2026-01-03T22:15:00.000000,4.25,22,1.01,60.0
ara2_0677080b,2026-01-03T22:30:00.000000,4.02,22,1.01,45.0
ara2_0677080b,2026-01-03T22:45:00.000000,3.75,22,1.01,30.0
ara2_0677080b,2026-01-03T23:00:00.000000,3.56,23,1.01,15.0
ara2_0677080b,2026-01-05T00:15:00.000000,4.47,0,2.96,120.0
ara2_0677080b,2026-01-05T00:30:00.000000,4.23,0,2.83,105.0
ara2_0677080b,2026-01-05T00:45:00.000000,3.89,0,2.7,90.0
ara2_0677080b,2026-01-05T01:00:00.000000,3.66,1,2.55,75.0
ara2_0677080b,2026-01-05T01:15:00.000000,3.54,1,2.55,60.0
ara2_0677080b,2026-01-05T01:30:00.000000,3.44,1,2.55,45.0
ara2_0677080b,2026-01-05T01:45:00.000000,3.32,1,2.55,30.0
ara2_0677080b,2026-01-05T02:00:00.000000,3.13,2,2.55,15.0
ara2_0677080b,2026-01-05T22:15:00.000000,4.07,22,2.65,75.0
ara2_0677080b,2026-01-05T22:30:00.000000,3.71,22,2.64,60.0
ara2_0677080b,2026-01-05T22:45:00.000000,3.23,22,2.47,45.0
ara2_0677080b,2026-01-05T23:00:00.000000,3.59,23,2.35,30.0
ara2_0677080b,2026-01-05T23:15:00.000000,3.21,23,2.35,15.0
ara2_0677080b,2026-01-07T00:00:00.000000,4.52,0,2.89,120.0
ara2_0677080b,2026-01-07T00:15:00.000000,4.45,0,2.09,105.0
ara2_0677080b,2026-01-07T00:30:00.000000,3.95,0,1.66,90.0
ara2_0677080b,2026-01-07T00:45:00.000000,4.03,0,1.56,75.0
ara2_0677080b,2026-01-07T01:00:00.000000,4.02,1,1.55,60.0
ara2_0677080b,2026-01-07T01:15:00.000000,3.92,1,1.4,45.0
ara2_0677080b,2026-01-07T01:30:00.000000,3.73,1,1.26,30.0
ara2_0677080b,2026-01-07T01:45:00.000000,3.31,1,1.26,15.0
ara2_0677080b,2026-01-07T21:45:00.000000,3.69,21,2.97,120.0
ara2_0677080b,2026-01-07T22:00:00.000000,3.51,22,2.81,105.0
ara2_0677080b,2026-01-07T22:15:00.000000,3.62,22,2.81,90.0
ara2_0677080b,2026-01-07T22:30:00.000000,3.5,22,2.81,75.0
ara2_0677080b,2026-01-07T22:45:00.000000,3.38,22,2.81,60.0
ara2_0677080b,2026-01-07T23:00:00.000000,3.22,23,2.76,45.0
ara2_0677080b,2026-01-07T23:15:00.000000,3.24,23,2.54,30.0
ara2_0677080b,2026-01-07T23:30:00.000000,3.28,23,2.29,15.0
ara2_0677080b,2026-01-08T00:15:00.000000,3.01,0,2.12,15.0
ara2_0677080b,2026-01-08T22:00:00.000000,4.32,22,2.93,120.0
ara2_0677080b,2026-01-08T22:15:00.000000,4.02,22,2.79,105.0
ara2_0677080b,2026-01-08T22:30:00.000000,3.66,22,2.63,90.0
ara2_0677080b,2026-01-08T22:45:00.000000,3.51,22,2.47,75.0
ara2_0677080b,2026-01-08T23:00:00.000000,3.54,23,2.33,60.0
ara2_0677080b,2026-01-08T23:15:00.000000,3.44,23,2.17,45.0
ara2_0677080b,2026-01-08T23:30:00.000000,3.3,23,2.07,30.0
ara2_0677080b,2026-01-08T23:45:00.000000,3.03,23,1.9,15.0
ara2_0677080b,2026-01-09T20:00:00.000000,4.37,20,2.92,120.0
ara2_0677080b,2026-01-09T20:15:00.000000,4.2,20,2.92,105.0
ara2_0677080b,2026-01-09T20:30:00.000000,3.96,20,2.92,90.0
ara2_0677080b,2026-01-09T20:45:00.000000,3.78,20,2.92,75.0
ara2_0677080b,2026-01-09T21:00:00.000000,3.58,21,2.92,60.0
ara2_0677080b,2026-01-09T21:15:00.000000,3.37,21,2.87,45.0
ara2_0677080b,2026-01-09T21:30:00.000000,3.21,21,2.6,30.0
ara2_0677080b,2026-01-09T21:45:00.000000,3.02,21,2.46,15.0
ara2_0677080b,2026-01-09T22:45:00.000000,3.06,22,1.37,15.0
ara2_0677080b,2026-01-10T17:00:00.000000,5.76,17,2.43,120.0
ara2_0677080b,2026-01-10T17:15:00.000000,5.69,17,1.98,105.0
ara2_0677080b,2026-01-10T17:30:00.000000,5.39,17,1.77,90.0
ara2_0677080b,2026-01-10T17:45:00.000000,5.06,17,1.58,75.0
ara2_0677080b,2026-01-10T18:00:00.000000,4.66,18,1.58,60.0
ara2_0677080b,2026-01-10T18:15:00.000000,3.97,18,1.51,45.0
ara2_0677080b,2026-01-10T18:30:00.000000,3.47,18,1.33,30.0
ara2_0677080b,2026-01-10T18:45:00.000000,3.14,18,1.33,15.0
ara2_0677080b,2026-01-11T19:30:00.000000,4.68,19,2.9,120.0
ara2_0677080b,2026-01-11T19:45:00.000000,4.57,19,2.75,105.0
ara2_0677080b,2026-01-11T20:00:00.000000,4.21,20,2.66,90.0
ara2_0677080b,2026-01-11T20:15:00.000000,3.87,20,2.49,75.0
ara2_0677080b,2026-01-11T20:30:00.000000,3.88,20,2.32,60.0
ara2_0677080b,2026-01-11T20:45:00.000000,3.45,20,2.32,45.0
ara2_0677080b,2026-01-11T21:00:00.000000,3.16,21,2.32,30.0
ara2_0677080b,2026-01-11T21:15:00.000000,3.05,21,2.32,15.0
ara2_0677080b,2026-01-11T22:45:00.000000,3.16,22,2.39,15.0
ara2_0677080b,2026-01-12T21:45:00.000000,4.04,21,2.98,120.0
ara2_0677080b,2026-01-12T22:00:00.000000,4.31,22,2.76,105.0
ara2_0677080b,2026-01-12T22:15:00.000000,4.34,22,2.51,90.0
ara2_0677080b,2026-01-12T22:30:00.000000,4.07,22,2.35,75.0
ara2_0677080b,2026-01-12T22:45:00.000000,4.11,22,2.18,60.0
ara2_0677080b,2026-01-12T23:00:00.000000,3.86,23,1.96,45.0
ara2_0677080b,2026-01-12T23:15:00.000000,3.48,23,1.75,30.0
ara2_0677080b,2026-01-12T23:30:00.000000,3.22,23,1.64,15.0
ara2_0677080b,2026-01-13T17:45:00.000000,14.26,17,1.93,120.0
ara2_0677080b,2026-01-13T18:00:00.000000,14.58,18,1.93,105.0
ara2_0677080b,2026-01-13T18:15:00.000000,14.38,18,1.93,90.0
ara2_0677080b,2026-01-13T18:30:00.000000,13.63,18,1.93,75.0
ara2_0677080b,2026-01-13T18:45:00.000000,13.04,18,1.93,60.0
ara2_0677080b,2026-01-13T19:00:00.000000,11.87,19,1.93,45.0
ara2_0677080b,2026-01-13T19:15:00.000000,10.88,19,1.93,30.0
ara2_0677080b,2026-01-13T19:30:00.000000,10.24,19,1.93,15.0
ara2_0677080b,2026-01-14T01:30:00.000000,4.83,1,2.9,120.0
ara2_0677080b,2026-01-14T01:45:00.000000,4.49,1,2.62,105.0
ara2_0677080b,2026-01-14T02:00:00.000000,4.2,2,2.53,90.0
ara2_0677080b,2026-01-14T02:15:00.000000,3.9,2,2.31,75.0
ara2_0677080b,2026-01-14T02:30:00.000000,3.54,2,2.13,60.0
ara2_0677080b,2026-01-14T02:45:00.000000,3.49,2,1.88,45.0
ara2_0677080b,2026-01-14T03:00:00.000000,3.34,3,1.72,30.0
ara2_0677080b,2026-01-14T03:15:00.000000,3.11,3,1.48,15.0
ara2_0677080b,2026-01-15T22:00:00.000000,3.84,22,2.97,120.0
ara2_0677080b,2026-01-15T22:15:00.000000,4.06,22,2.71,105.0
ara2_0677080b,2026-01-15T22:30:00.000000,3.92,22,2.71,90.0
ara2_0677080b,2026-01-15T22:45:00.000000,3.89,22,2.71,75.0
ara2_0677080b,2026-01-15T23:00:00.000000,3.66,23,2.71,60.0
ara2_0677080b,2026-01-15T23:15:00.000000,3.64,23,2.71,45.0
ara2_0677080b,2026-01-15T23:30:00.000000,3.48,23,2.71,30.0
ara2_0677080b,2026-01-15T23:45:00.000000,3.26,23,2.71,15.0
ara2_0677080b,2026-01-16T15:45:00.000000,14.01,15,2.93,120.0
ara2_0677080b,2026-01-16T16:00:00.000000,13.63,16,2.93,105.0
ara2_0677080b,2026-01-16T16:15:00.000000,13.61,16,2.93,90.0
ara2_0677080b,2026-01-16T16:30:00.000000,13.25,16,2.93,75.0
ara2_0677080b,2026-01-16T16:45:00.000000,13.37,16,2.93,60.0
ara2_0677080b,2026-01-16T17:00:00.000000,13.05,17,2.93,45.0
ara2_0677080b,2026-01-16T17:15:00.000000,12.28,17,2.93,30.0
ara2_0677080b,2026-01-16T17:30:00.000000,12.02,17,2.93,15.0
ara2_0677080b,2026-01-16T22:45:00.000000,3.65,22,2.98,120.0
ara2_0677080b,2026-01-16T23:00:00.000000,4.11,23,2.96,105.0
ara2_0677080b,2026-01-16T23:15:00.000000,3.52,23,2.8,90.0
ara2_0677080b,2026-01-16T23:30:00.000000,3.21,23,2.36,75.0
ara2_0677080b,2026-01-16T23:45:00.000000,3.34,23,2.03,60.0
ara2_0677080b,2026-01-17T00:00:00.000000,3.54,0,2.03,45.0
ara2_0677080b,2026-01-17T00:15:00.000000,3.31,0,2.03,30.0
ara2_0677080b,2026-01-17T00:30:00.000000,3.09,0,1.97,15.0
ara2_0677080b,2026-01-26T02:45:00.000000,4.67,2,2.96,120.0
ara2_0677080b,2026-01-26T03:00:00.000000,4.49,3,2.76,105.0
ara2_0677080b,2026-01-26T03:15:00.000000,4.05,3,2.65,90.0
ara2_0677080b,2026-01-26T03:30:00.000000,3.84,3,2.48,75.0
ara2_0677080b,2026-01-26T03:45:00.000000,3.69,3,2.38,60.0
ara2_0677080b,2026-01-26T04:00:00.000000,3.55,4,2.22,45.0
ara2_0677080b,2026-01-26T04:15:00.000000,3.29,4,2.17,30.0
ara2_0677080b,2026-01-26T04:30:00.000000,3.09,4,2.02,15.0
ara2_0677080b,2026-01-27T04:45:00.000000,3.31,4,2.99,120.0
ara2_0677080b,2026-01-27T05:00:00.000000,3.28,5,2.99,105.0
ara2_0677080b,2026-01-27T05:15:00.000000,3.26,5,2.99,90.0
ara2_0677080b,2026-01-27T05:30:00.000000,3.16,5,2.99,75.0
ara2_0677080b,2026-01-27T05:45:00.000000,3.29,5,2.99,60.0
ara2_0677080b,2026-01-27T06:00:00.000000,3.16,6,2.99,45.0
ara2_0677080b,2026-01-27T06:15:00.000000,3.06,6,2.99,30.0
ara2_0677080b,2026-01-27T06:30:00.000000,3.13,6,2.99,15.0
ara2_0677080b,2026-01-28T02:45:00.000000,4.07,2,2.91,120.0
ara2_0677080b,2026-01-28T03:00:00.000000,3.77,3,2.74,105.0
ara2_0677080b,2026-01-28T03:15:00.000000,3.72,3,2.03,90.0
ara2_0677080b,2026-01-28T03:30:00.000000,3.33,3,2.03,75.0
ara2_0677080b,2026-01-28T03:45:00.000000,3.45,3,1.69,60.0
ara2_0677080b,2026-01-28T04:00:00.000000,3.25,4,1.69,45.0
ara2_0677080b,2026-01-28T04:15:00.000000,3.03,4,1.63,30.0
ara2_0677080b,2026-01-28T04:30:00.000000,3.15,4,1.41,15.0
ara2_0677080b,2026-01-29T01:15:00.000000,4.57,1,2.98,120.0
ara2_0677080b,2026-01-29T01:30:00.000000,4.18,1,2.85,105.0
ara2_0677080b,2026-01-29T01:45:00.000000,4.2,1,2.7,90.0
ara2_0677080b,2026-01-29T02:00:00.000000,4.07,2,2.61,75.0
ara2_0677080b,2026-01-29T02:15:00.000000,3.86,2,2.42,60.0
ara2_0677080b,2026-01-29T02:30:00.000000,3.77,2,2.22,45.0
ara2_0677080b,2026-01-29T02:45:00.000000,3.34,2,2.15,30.0
ara2_0677080b,2026-01-29T03:00:00.000000,3.11,3,1.98,15.0
ara2_0677080b,2026-01-30T00:15:00.000000,3.86,0,2.68,120.0
ara2_0677080b,2026-01-30T00:30:00.000000,3.91,0,2.55,105.0
ara2_0677080b,2026-01-30T00:45:00.000000,4.09,0,2.26,90.0
ara2_0677080b,2026-01-30T01:00:00.000000,3.95,1,1.96,75.0
ara2_0677080b,2026-01-30T01:15:00.000000,3.59,1,1.51,60.0
ara2_0677080b,2026-01-30T01:30:00.000000,3.26,1,1.39,45.0
ara2_0677080b,2026-01-30T01:45:00.000000,3.43,1,0.92,30.0
ara2_0677080b,2026-01-30T02:00:00.000000,3.06,2,0.92,15.0
ara2_0677080b,2026-01-30T10:15:00.000000,3.23,10,2.37,60.0
ara2_0677080b,2026-01-30T10:30:00.000000,3.35,10,2.37,45.0
ara2_0677080b,2026-01-30T10:45:00.000000,3.9,10,2.37,30.0
ara2_0677080b,2026-01-30T11:00:00.000000,4.44,11,2.37,15.0
ara2_0f143c64,2026-01-02T04:00:00.000000,3.68,4,2.96,120.0
ara2_0f143c64,2026-01-02T04:15:00.000000,3.86,4,2.96,105.0
ara2_0f143c64,2026-01-02T04:30:00.000000,3.7,4,2.96,90.0
ara2_0f143c64,2026-01-02T04:45:00.000000,3.59,4,2.96,75.0
ara2_0f143c64,2026-01-02T05:00:00.000000,3.3,5,2.57,60.0
ara2_0f143c64,2026-01-02T05:15:00.000000,3.18,5,2.53,45.0
ara2_0f143c64,2026-01-02T05:30:00.000000,3.67,5,2.45,30.0
ara2_0f143c64,2026-01-02T05:45:00.000000,3.2,5,2.4,15.0
ara2_0f143c64,2026-01-02T06:30:00.000000,3.19,6,2.4,30.0
ara2_0f143c64,2026-01-02T06:45:00.000000,3.17,6,2.4,15.0
ara2_0f143c64,2026-01-03T03:45:00.000000,3.6,3,2.94,120.0
ara2_0f143c64,2026-01-03T04:00:00.000000,3.86,4,2.53,105.0
ara2_0f143c64,2026-01-03T04:15:00.000000,3.62,4,2.53,90.0
ara2_0f143c64,2026-01-03T04:30:00.000000,3.67,4,2.51,75.0
ara2_0f143c64,2026-01-03T04:45:00.000000,3.38,4,2.17,60.0
ara2_0f143c64,2026-01-03T05:00:00.000000,3.29,5,2.0,45.0
ara2_0f143c64,2026-01-03T05:15:00.000000,3.36,5,2.0,30.0
ara2_0f143c64,2026-01-03T05:30:00.000000,3.23,5,2.0,15.0
ara2_0f143c64,2026-01-04T04:45:00.000000,3.66,4,2.93,120.0
ara2_0f143c64,2026-01-04T05:00:00.000000,3.61,5,2.92,105.0
ara2_0f143c64,2026-01-04T05:15:00.000000,3.51,5,2.89,90.0
ara2_0f143c64,2026-01-04T05:30:00.000000,3.43,5,2.89,75.0
ara2_0f143c64,2026-01-04T05:45:00.000000,3.34,5,2.87,60.0
ara2_0f143c64,2026-01-04T06:00:00.000000,3.25,6,2.87,45.0
ara2_0f143c64,2026-01-04T06:15:00.000000,3.17,6,2.87,30.0
ara2_0f143c64,2026-01-04T06:30:00.000000,3.05,6,2.87,15.0
ara2_0f143c64,2026-01-05T07:00:00.000000,3.11,7,2.75,30.0
ara2_0f143c64,2026-01-05T07:15:00.000000,3.2,7,2.75,15.0
ara2_0f143c64,2026-01-08T03:45:00.000000,4.81,3,2.89,120.0
ara2_0f143c64,2026-01-08T04:00:00.000000,4.55,4,2.89,105.0
ara2_0f143c64,2026-01-08T04:15:00.000000,4.03,4,2.86,90.0
ara2_0f143c64,2026-01-08T04:30:00.000000,3.8,4,2.86,75.0
ara2_0f143c64,2026-01-08T04:45:00.000000,3.64,4,2.84,60.0
ara2_0f143c64,2026-01-08T05:00:00.000000,3.43,5,2.84,45.0
ara2_0f143c64,2026-01-08T05:15:00.000000,3.18,5,2.84,30.0
ara2_0f143c64,2026-01-08T05:30:00.000000,3.11,5,2.84,15.0
ara2_0f143c64,2026-01-08T06:00:00.000000,3.01,6,2.84,15.0
ara2_0f143c64,2026-01-09T04:30:00.000000,3.58,4,2.95,120.0
ara2_0f143c64,2026-01-09T04:45:00.000000,3.54,4,2.93,105.0
ara2_0f143c64,2026-01-09T05:00:00.000000,3.47,5,2.87,90.0
ara2_0f143c64,2026-01-09T05:15:00.000000,3.37,5,2.81,75.0
ara2_0f143c64,2026-01-09T05:30:00.000000,3.3,5,2.81,60.0
ara2_0f143c64,2026-01-09T05:45:00.000000,3.16,5,2.81,45.0
ara2_0f143c64,2026-01-09T06:00:00.000000,3.11,6,2.81,30.0
ara2_0f143c64,2026-01-09T06:15:00.000000,3.02,6,2.81,15.0
ara2_0f143c64,2026-01-11T01:45:00.000000,3.73,1,2.86,120.0
ara2_0f143c64,2026-01-11T02:00:00.000000,3.64,2,2.86,105.0
ara2_0f143c64,2026-01-11T02:15:00.000000,3.53,2,2.86,90.0
ara2_0f143c64,2026-01-11T02:30:00.000000,3.48,2,2.86,75.0
ara2_0f143c64,2026-01-11T02:45:00.000000,3.38,2,2.86,60.0
ara2_0f143c64,2026-01-11T03:00:00.000000,3.4,3,2.86,45.0
ara2_0f143c64,2026-01-11T03:15:00.000000,3.35,3,2.86,30.0
ara2_0f143c64,2026-01-11T03:30:00.000000,3.04,3,2.86,15.0
ara2_0f143c64,2026-01-12T03:45:00.000000,3.39,3,2.63,120.0
ara2_0f143c64,2026-01-12T04:00:00.000000,3.43,4,2.63,105.0
ara2_0f143c64,2026-01-12T04:15:00.000000,3.53,4,2.44,90.0
ara2_0f143c64,2026-01-12T04:30:00.000000,3.45,4,2.31,75.0
ara2_0f143c64,2026-01-12T04:45:00.000000,3.33,4,2.31,60.0
ara2_0f143c64,2026-01-12T05:00:00.000000,3.12,5,2.31,45.0
ara2_0f143c64,2026-01-12T05:15:00.000000,3.14,5,2.31,30.0
ara2_0f143c64,2026-01-12T05:30:00.000000,3.03,5,2.31,15.0
ara2_0f143c64,2026-01-13T02:15:00.000000,4.18,2,2.57,120.0
ara2_0f143c64,2026-01-13T02:30:00.000000,3.54,2,2.57,105.0
ara2_0f143c64,2026-01-13T02:45:00.000000,3.43,2,2.57,90.0
ara2_0f143c64,2026-01-13T03:00:00.000000,3.76,3,2.57,75.0
ara2_0f143c64,2026-01-13T03:15:00.000000,3.4,3,2.44,60.0
ara2_0f143c64,2026-01-13T03:30:00.000000,3.17,3,2.4,45.0
ara2_0f143c64,2026-01-13T03:45:00.000000,3.07,3,2.4,30.0
ara2_0f143c64,2026-01-13T04:00:00.000000,3.04,4,2.4,15.0
ara2_0f143c64,2026-01-17T04:45:00.000000,3.78,4,2.94,120.0
ara2_0f143c64,2026-01-17T05:00:00.000000,4.03,5,2.94,105.0
ara2_0f143c64,2026-01-17T05:15:00.000000,4.03,5,2.94,90.0
ara2_0f143c64,2026-01-17T05:30:00.000000,3.3,5,2.53,75.0
ara2_0f143c64,2026-01-17T05:45:00.000000,3.39,5,2.53,60.0
ara2_0f143c64,2026-01-17T06:00:00.000000,3.33,6,2.53,45.0
ara2_0f143c64,2026-01-17T06:15:00.000000,3.53,6,2.53,30.0
ara2_0f143c64,2026-01-17T06:30:00.000000,3.48,6,2.53,15.0
ara2_0f143c64,2026-01-17T07:00:00.000000,3.09,7,2.53,30.0
ara2_0f143c64,2026-01-17T07:15:00.000000,3.07,7,2.53,15.0
ara2_0f143c64,2026-01-18T00:00:00.000000,5.23,0,2.98,120.0
ara2_0f143c64,2026-01-18T00:15:00.000000,4.82,0,2.76,105.0
ara2_0f143c64,2026-01-18T00:30:00.000000,4.51,0,2.54,90.0
ara2_0f143c64,2026-01-18T00:45:00.000000,4.11,0,2.41,75.0
ara2_0f143c64,2026-01-18T01:00:00.000000,3.83,1,2.17,60.0
ara2_0f143c64,2026-01-18T01:15:00.000000,3.54,1,1.98,45.0
ara2_0f143c64,2026-01-18T01:30:00.000000,3.26,1,1.96,30.0
ara2_0f143c64,2026-01-18T01:45:00.000000,3.11,1,1.79,15.0
ara2_0f143c64,2026-01-19T00:45:00.000000,7.22,0,2.27,120.0
ara2_0f143c64,2026-01-19T01:00:00.000000,7.13,1,2.27,105.0
ara2_0f143c64,2026-01-19T01:15:00.000000,6.85,1,2.27,90.0
ara2_0f143c64,2026-01-19T01:30:00.000000,6.62,1,2.27,75.0
ara2_0f143c64,2026-01-19T01:45:00.000000,6.5,1,2.27,60.0
ara2_0f143c64,2026-01-19T02:00:00.000000,6.48,2,2.14,45.0
ara2_0f143c64,2026-01-19T02:15:00.000000,6.32,2,2.14,30.0
ara2_0f143c64,2026-01-19T02:30:00.000000,5.45,2,2.14,15.0
ara2_0f143c64,2026-01-19T03:00:00.000000,3.05,3,2.14,60.0
ara2_0f143c64,2026-01-19T03:15:00.000000,3.65,3,2.14,45.0
ara2_0f143c64,2026-01-19T03:30:00.000000,4.22,3,2.14,30.0
ara2_0f143c64,2026-01-19T03:45:00.000000,4.64,3,2.14,15.0
ara2_0f143c64,2026-01-20T04:15:00.000000,4.53,4,2.83,120.0
ara2_0f143c64,2026-01-20T04:30:00.000000,4.43,4,2.83,105.0
ara2_0f143c64,2026-01-20T04:45:00.000000,4.33,4,2.83,90.0
ara2_0f143c64,2026-01-20T05:00:00.000000,4.22,5,2.83,75.0
ara2_0f143c64,2026-01-20T05:15:00.000000,4.2,5,2.83,60.0
ara2_0f143c64,2026-01-20T05:30:00.000000,4.12,5,2.83,45.0
ara2_0f143c64,2026-01-20T05:45:00.000000,3.98,5,2.83,30.0
ara2_0f143c64,2026-01-20T06:00:00.000000,4.0,6,2.83,15.0
ara2_0f143c64,2026-01-24T21:45:00.000000,9.57,21,1.52,30.0
ara2_0f143c64,2026-01-24T22:00:00.000000,10.3,22,1.52,15.0
ara2_148f1633,2026-01-11T04:15:03.000000,3.4,4,2.93,120.0
ara2_148f1633,2026-01-11T04:30:03.000000,3.35,4,2.93,105.0
ara2_148f1633,2026-01-11T04:45:03.000000,3.17,4,2.81,90.0
ara2_148f1633,2026-01-11T05:00:03.000000,3.21,5,2.81,75.0
ara2_148f1633,2026-01-11T05:15:03.000000,3.2,5,2.81,60.0
ara2_148f1633,2026-01-11T05:30:03.000000,3.25,5,2.81,45.0
ara2_148f1633,2026-01-11T05:45:03.000000,3.14,5,2.81,30.0
ara2_148f1633,2026-01-11T06:00:03.000000,3.11,6,2.81,15.0
ara2_148f1633,2026-01-13T01:45:04.000000,3.52,1,2.88,120.0
ara2_148f1633,2026-01-13T02:00:04.000000,3.41,2,2.88,105.0
ara2_148f1633,2026-01-13T02:15:04.000000,3.22,2,2.88,90.0
ara2_148f1633,2026-01-13T02:30:04.000000,3.42,2,2.88,75.0
ara2_148f1633,2026-01-13T02:45:04.000000,3.46,2,2.72,60.0
ara2_148f1633,2026-01-13T03:00:04.000000,3.57,3,2.72,45.0
ara2_148f1633,2026-01-13T03:15:04.000000,3.07,3,2.72,30.0
ara2_148f1633,2026-01-13T03:30:04.000000,3.13,3,2.56,15.0
ara2_148f1633,2026-01-13T04:00:04.000000,3.0,4,2.56,45.0
ara2_148f1633,2026-01-13T04:15:04.000000,3.17,4,2.56,30.0
ara2_148f1633,2026-01-13T04:30:04.000000,3.08,4,2.56,15.0
ara2_148f1633,2026-01-13T05:00:04.000000,3.38,5,2.56,30.0
ara2_148f1633,2026-01-13T05:15:04.000000,3.25,5,2.56,15.0
ara2_148f1633,2026-01-13T05:45:04.000000,3.0,5,2.79,30.0
ara2_148f1633,2026-01-13T06:00:04.000000,3.06,6,2.79,15.0
ara2_148f1633,2026-01-14T23:45:04.000000,8.27,23,2.55,120.0
ara2_148f1633,2026-01-15T00:00:04.000000,7.72,0,2.55,105.0
ara2_148f1633,2026-01-15T00:15:04.000000,7.27,0,2.55,90.0
ara2_148f1633,2026-01-15T00:30:04.000000,7.75,0,2.55,75.0
ara2_148f1633,2026-01-15T00:45:04.000000,8.07,0,2.55,60.0
ara2_148f1633,2026-01-15T01:00:04.000000,8.09,1,2.55,45.0
ara2_148f1633,2026-01-15T01:15:04.000000,7.79,1,2.55,30.0
ara2_148f1633,2026-01-15T01:30:04.000000,7.7,1,2.55,15.0
ara2_148f1633,2026-01-15T05:30:05.000000,4.34,5,2.99,120.0
ara2_148f1633,2026-01-15T05:45:04.000000,4.41,5,2.68,105.0
ara2_148f1633,2026-01-15T06:00:04.000000,4.32,6,2.68,90.0
ara2_148f1633,2026-01-15T06:15:04.000000,4.18,6,2.68,75.0
ara2_148f1633,2026-01-15T06:30:04.000000,3.53,6,2.68,60.0
ara2_148f1633,2026-01-15T06:45:04.000000,3.34,6,2.68,45.0
ara2_148f1633,2026-01-15T07:00:04.000000,3.06,7,2.68,30.0
ara2_148f1633,2026-01-15T07:15:04.000000,3.35,7,2.68,15.0
ara2_148f1633,2026-01-17T08:15:05.000000,3.01,8,2.83,30.0
ara2_148f1633,2026-01-17T08:30:05.000000,3.09,8,2.83,15.0
ara2_148f1633,2026-01-18T04:30:06.000000,3.49,4,2.87,120.0
ara2_148f1633,2026-01-18T04:45:06.000000,3.37,4,2.87,105.0
ara2_148f1633,2026-01-18T05:00:06.000000,3.26,5,2.67,90.0
ara2_148f1633,2026-01-18T05:15:06.000000,3.53,5,2.45,75.0
ara2_148f1633,2026-01-18T05:30:06.000000,3.36,5,2.45,60.0
ara2_148f1633,2026-01-18T05:45:06.000000,3.13,5,2.45,45.0
ara2_148f1633,2026-01-18T06:00:06.000000,3.14,6,2.45,30.0
ara2_148f1633,2026-01-18T06:15:06.000000,3.08,6,2.45,15.0
ara2_148f1633,2026-01-23T01:45:08.000000,3.82,1,2.91,105.0
ara2_148f1633,2026-01-23T02:00:08.000000,3.52,2,2.85,90.0
ara2_148f1633,2026-01-23T02:15:08.000000,3.15,2,2.83,75.0
ara2_148f1633,2026-01-23T02:30:08.000000,3.15,2,2.83,60.0
ara2_148f1633,2026-01-23T02:45:08.000000,3.09,2,2.83,45.0
ara2_148f1633,2026-01-23T03:00:08.000000,3.08,3,2.66,30.0
ara2_148f1633,2026-01-23T03:15:07.000000,3.04,3,2.59,15.0
ara2_148f1633,2026-01-23T03:45:07.000000,3.03,3,2.38,15.0
ara2_148f1633,2026-01-23T04:30:07.000000,3.32,4,2.3,30.0
ara2_148f1633,2026-01-23T04:45:07.000000,3.16,4,2.3,15.0
ara2_148f1633,2026-01-23T10:00:08.000000,3.34,10,2.78,105.0
ara2_148f1633,2026-01-23T10:15:08.000000,3.99,10,2.78,90.0
ara2_148f1633,2026-01-23T10:30:08.000000,3.61,10,2.78,75.0
ara2_148f1633,2026-01-23T10:45:08.000000,4.86,10,2.78,60.0
ara2_148f1633,2026-01-23T11:00:08.000000,3.88,11,2.78,45.0
ara2_148f1633,2026-01-23T11:15:08.000000,4.2,11,2.68,30.0
ara2_148f1633,2026-01-23T11:30:08.000000,3.41,11,2.68,15.0
ara2_148f1633,2026-01-23T12:30:08.000000,3.18,12,2.68,30.0
ara2_148f1633,2026-01-23T12:45:08.000000,3.16,12,2.68,15.0
ara2_148f1633,2026-01-24T02:30:08.000000,3.83,2,2.91,120.0
ara2_148f1633,2026-01-24T02:45:08.000000,3.64,2,2.82,105.0
ara2_148f1633,2026-01-24T03:00:08.000000,3.59,3,2.77,90.0
ara2_148f1633,2026-01-24T03:15:08.000000,3.51,3,2.63,75.0
ara2_148f1633,2026-01-24T03:30:08.000000,3.27,3,2.6,60.0
ara2_148f1633,2026-01-24T03:45:08.000000,3.25,3,2.6,45.0
ara2_148f1633,2026-01-24T04:00:08.000000,3.19,4,2.56,30.0
ara2_148f1633,2026-01-24T04:15:08.000000,3.03,4,2.34,15.0
ara2_148f1633,2026-01-25T01:30:09.000000,3.77,1,2.88,120.0
ara2_148f1633,2026-01-25T01:45:09.000000,3.66,1,2.71,105.0
ara2_148f1633,2026-01-25T02:00:09.000000,3.58,2,2.42,90.0
ara2_148f1633,2026-01-25T02:15:09.000000,3.45,2,2.42,75.0
ara2_148f1633,2026-01-25T02:30:09.000000,3.45,2,2.33,60.0
ara2_148f1633,2026-01-25T02:45:09.000000,3.33,2,2.08,45.0
ara2_148f1633,2026-01-25T03:00:09.000000,3.15,3,1.96,30.0
ara2_148f1633,2026-01-25T03:15:09.000000,3.05,3,1.79,15.0
ara2_148f1633,2026-01-25T10:45:09.000000,3.79,10,2.95,120.0
ara2_148f1633,2026-01-25T11:00:09.000000,4.35,11,2.95,105.0
ara2_148f1633,2026-01-25T11:15:09.000000,4.26,11,2.95,90.0
ara2_148f1633,2026-01-25T11:30:09.000000,4.55,11,2.95,75.0
ara2_148f1633,2026-01-25T11:45:09.000000,4.21,11,2.95,60.0
ara2_148f1633,2026-01-25T12:00:09.000000,3.74,12,2.95,45.0
ara2_148f1633,2026-01-25T12:15:09.000000,3.7,12,2.95,30.0
ara2_148f1633,2026-01-25T12:30:09.000000,3.34,12,2.95,15.0
ara2_148f1633,2026-01-26T01:00:09.000000,3.93,1,2.93,120.0
ara2_148f1633,2026-01-26T01:15:09.000000,3.92,1,2.93,105.0
ara2_148f1633,2026-01-26T01:30:09.000000,3.72,1,2.78,90.0
ara2_148f1633,2026-01-26T01:45:09.000000,3.65,1,2.65,75.0
ara2_148f1633,2026-01-26T02:00:09.000000,3.55,2,2.65,60.0
ara2_148f1633,2026-01-26T02:15:09.000000,3.45,2,2.62,45.0
ara2_148f1633,2026-01-26T02:30:09.000000,3.24,2,2.44,30.0
ara2_148f1633,2026-01-26T02:45:09.000000,3.13,2,2.33,15.0
ara2_148f1633,2026-01-27T03:00:09.000000,4.06,3,2.96,120.0
ara2_148f1633,2026-01-27T03:15:09.000000,3.95,3,2.79,105.0
ara2_148f1633,2026-01-27T03:30:10.000000,3.76,3,2.65,90.0
ara2_148f1633,2026-01-27T03:45:10.000000,3.55,3,2.65,75.0
ara2_148f1633,2026-01-27T04:00:10.000000,3.4,4,2.65,60.0
ara2_148f1633,2026-01-27T04:15:10.000000,3.44,4,2.65,45.0
ara2_148f1633,2026-01-27T04:30:10.000000,3.29,4,2.65,30.0
ara2_148f1633,2026-01-27T04:45:10.000000,3.14,4,2.65,15.0
ara2_148f1633,2026-01-28T03:00:10.000000,3.93,3,2.93,120.0
ara2_148f1633,2026-01-28T03:15:10.000000,4.01,3,2.86,105.0
ara2_148f1633,2026-01-28T03:30:10.000000,3.72,3,2.66,90.0
ara2_148f1633,2026-01-28T03:45:10.000000,3.65,3,2.57,75.0
ara2_148f1633,2026-01-28T04:00:10.000000,3.47,4,2.38,60.0
ara2_148f1633,2026-01-28T04:15:10.000000,3.44,4,2.38,45.0
ara2_148f1633,2026-01-28T04:30:10.000000,3.46,4,2.38,30.0
ara2_148f1633,2026-01-28T04:45:10.000000,3.3,4,2.38,15.0
ara2_148f1633,2026-01-29T02:15:10.000000,3.92,2,2.85,120.0
ara2_148f1633,2026-01-29T02:30:10.000000,3.86,2,2.8,105.0
ara2_148f1633,2026-01-29T02:45:10.000000,3.62,2,2.61,90.0
ara2_148f1633,2026-01-29T03:00:10.000000,3.76,3,2.61,75.0
ara2_148f1633,2026-01-29T03:15:10.000000,3.6,3,2.48,60.0
ara2_148f1633,2026-01-29T03:30:11.000000,3.22,3,2.24,45.0
ara2_148f1633,2026-01-29T03:45:11.000000,3.1,3,2.23,30.0
ara2_148f1633,2026-01-29T04:00:11.000000,3.11,4,2.21,15.0
ara2_148f1633,2026-01-30T00:30:11.000000,3.91,0,2.96,120.0
ara2_148f1633,2026-01-30T00:45:11.000000,3.84,0,2.9,105.0
ara2_148f1633,2026-01-30T01:00:11.000000,3.68,1,2.66,90.0
ara2_148f1633,2026-01-30T01:15:11.000000,3.49,1,2.55,75.0
ara2_148f1633,2026-01-30T01:30:11.000000,3.51,1,2.55,60.0
ara2_148f1633,2026-01-30T01:45:11.000000,3.0,1,2.33,45.0
ara2_148f1633,2026-01-30T02:00:11.000000,3.22,2,2.25,30.0
ara2_148f1633,2026-01-30T02:15:11.000000,3.16,2,1.98,15.0
ara2_148f1633,2026-01-30T09:45:11.000000,3.06,9,2.77,60.0
ara2_148f1633,2026-01-30T10:00:11.000000,3.34,10,2.77,45.0
ara2_148f1633,2026-01-30T10:15:11.000000,3.48,10,2.77,30.0
ara2_148f1633,2026-01-30T10:30:11.000000,3.46,10,2.77,15.0
ara2_148f1633,2026-01-30T11:00:11.000000,3.08,11,2.77,15.0
ara2_176528d3,2025-12-14T10:45:00.000000,6.46,10,1.87,120.0
ara2_176528d3,2025-12-14T11:00:00.000000,6.32,11,1.87,105.0
ara2_176528d3,2025-12-14T11:15:00.000000,6.45,11,1.87,90.0
ara2_176528d3,2025-12-14T11:30:00.000000,6.72,11,1.87,75.0
ara2_176528d3,2025-12-14T11:45:00.000000,6.23,11,1.87,60.0
ara2_176528d3,2025-12-14T12:00:00.000000,6.63,12,1.87,45.0
ara2_176528d3,2025-12-14T12:15:00.000000,6.47,12,1.87,30.0
ara2_176528d3,2025-12-14T12:30:00.000000,6.5,12,1.87,15.0
ara2_176528d3,2025-12-14T22:15:00.000000,10.24,22,2.74,120.0
ara2_176528d3,2025-12-14T22:30:00.000000,10.28,22,2.74,105.0
ara2_176528d3,2025-12-14T22:45:00.000000,10.3,22,2.74,90.0
ara2_176528d3,2025-12-14T23:00:00.000000,9.13,23,2.74,75.0
ara2_176528d3,2025-12-14T23:15:00.000000,9.01,23,2.74,60.0
ara2_176528d3,2025-12-14T23:30:00.000000,8.7,23,2.74,45.0
ara2_176528d3,2025-12-14T23:45:00.000000,8.7,23,2.74,30.0
ara2_176528d3,2025-12-15T00:00:00.000000,8.51,0,2.74,15.0
ara2_176528d3,2025-12-15T02:15:00.000000,6.56,2,0.6,120.0
ara2_176528d3,2025-12-15T02:30:00.000000,6.31,2,0.6,105.0
ara2_176528d3,2025-12-15T02:45:00.000000,5.97,2,0.6,90.0
ara2_176528d3,2025-12-15T03:00:00.000000,5.88,3,0.6,75.0
ara2_176528d3,2025-12-15T03:15:00.000000,5.59,3,0.6,60.0
ara2_176528d3,2025-12-15T03:30:00.000000,5.28,3,0.6,45.0
ara2_176528d3,2025-12-15T03:45:00.000000,5.23,3,0.6,30.0
ara2_176528d3,2025-12-15T04:00:00.000000,4.88,4,0.6,15.0
ara2_176528d3,2025-12-15T06:00:00.000000,3.19,6,2.85,90.0
ara2_176528d3,2025-12-15T06:15:00.000000,3.4,6,2.85,75.0
ara2_176528d3,2025-12-15T06:30:00.000000,3.56,6,2.85,60.0
ara2_176528d3,2025-12-15T06:45:00.000000,3.64,6,2.85,45.0
ara2_176528d3,2025-12-15T07:00:00.000000,3.68,7,2.85,30.0
ara2_176528d3,2025-12-15T07:15:00.000000,3.67,7,2.85,15.0
ara2_176528d3,2025-12-16T04:45:00.000000,3.88,4,2.74,120.0
ara2_176528d3,2025-12-16T05:00:00.000000,4.16,5,2.72,105.0
ara2_176528d3,2025-12-16T05:15:00.000000,4.08,5,2.72,90.0
ara2_176528d3,2025-12-16T05:30:00.000000,3.65,5,2.72,75.0
ara2_176528d3,2025-12-16T05:45:00.000000,3.78,5,2.72,60.0
ara2_176528d3,2025-12-16T06:00:00.000000,3.74,6,2.72,45.0
ara2_176528d3,2025-12-16T06:15:00.000000,3.69,6,2.72,30.0
ara2_176528d3,2025-12-16T06:30:00.000000,3.5,6,2.72,15.0
ara2_176528d3,2025-12-17T02:00:00.000000,4.71,2,2.96,120.0
ara2_176528d3,2025-12-17T02:15:00.000000,4.48,2,2.96,105.0
ara2_176528d3,2025-12-17T02:30:00.000000,4.19,2,2.84,90.0
ara2_176528d3,2025-12-17T02:45:00.000000,3.72,2,2.76,75.0
ara2_176528d3,2025-12-17T03:00:00.000000,3.35,3,2.37,60.0
ara2_176528d3,2025-12-17T03:15:00.000000,3.26,3,2.18,45.0
ara2_176528d3,2025-12-17T03:30:00.000000,3.0,3,2.03,30.0
ara2_176528d3,2025-12-17T03:45:00.000000,3.13,3,0.44,15.0
ara2_176528d3,2025-12-17T04:15:00.000000,3.02,4,0.44,15.0
ara2_176528d3,2025-12-18T02:30:00.000000,3.64,2,2.45,90.0
ara2_176528d3,2025-12-18T02:45:00.000000,3.44,2,2.28,75.0
ara2_176528d3,2025-12-18T03:00:00.000000,3.25,3,2.12,60.0
ara2_176528d3,2025-12-18T03:15:00.000000,3.21,3,1.93,45.0
ara2_176528d3,2025-12-18T03:30:00.000000,3.13,3,1.79,30.0
ara2_176528d3,2025-12-18T03:45:00.000000,3.03,3,1.69,15.0
ara2_176528d3,2025-12-18T18:15:00.000000,6.83,18,0.49,120.0
ara2_176528d3,2025-12-18T18:30:00.000000,6.3,18,0.49,105.0
ara2_176528d3,2025-12-18T18:45:00.000000,6.08,18,0.49,90.0
ara2_176528d3,2025-12-18T19:00:00.000000,5.84,19,0.49,75.0
ara2_176528d3,2025-12-18T19:15:00.000000,5.57,19,0.49,60.0
ara2_176528d3,2025-12-18T19:30:00.000000,5.48,19,0.49,45.0
ara2_176528d3,2025-12-18T19:45:00.000000,5.61,19,0.49,30.0
ara2_176528d3,2025-12-18T20:00:00.000000,5.31,20,0.49,15.0
ara2_176528d3,2025-12-18T23:00:00.000000,3.62,23,2.92,120.0
ara2_176528d3,2025-12-18T23:15:00.000000,3.54,23,2.82,105.0
ara2_176528d3,2025-12-18T23:30:00.000000,3.53,23,2.63,90.0
ara2_176528d3,2025-12-18T23:45:00.000000,3.37,23,2.48,75.0
ara2_176528d3,2025-12-19T00:00:00.000000,3.33,0,2.33,60.0
ara2_176528d3,2025-12-19T00:15:00.000000,3.16,0,2.33,45.0
ara2_176528d3,2025-12-19T00:30:00.000000,3.13,0,2.16,30.0
ara2_176528d3,2025-12-19T00:45:00.000000,3.04,0,2.08,15.0
ara2_176528d3,2025-12-20T00:00:00.000000,3.78,0,1.06,90.0
ara2_176528d3,2025-12-20T00:15:00.000000,3.77,0,0.63,75.0
ara2_176528d3,2025-12-20T00:30:00.000000,3.71,0,0.63,60.0
ara2_176528d3,2025-12-20T00:45:00.000000,3.65,0,0.63,45.0
ara2_176528d3,2025-12-20T01:00:00.000000,3.42,1,0.63,30.0
ara2_176528d3,2025-12-20T01:15:00.000000,3.05,1,0.63,15.0
ara2_176528d3,2025-12-20T22:00:00.000000,5.51,22,1.84,120.0
ara2_176528d3,2025-12-20T22:15:00.000000,5.34,22,1.84,105.0
ara2_176528d3,2025-12-20T22:30:00.000000,5.21,22,1.84,90.0
ara2_176528d3,2025-12-20T22:45:00.000000,5.06,22,1.84,75.0
ara2_176528d3,2025-12-20T23:00:00.000000,4.97,23,1.84,60.0
ara2_176528d3,2025-12-20T23:15:00.000000,4.73,23,1.84,45.0
ara2_176528d3,2025-12-20T23:30:00.000000,4.54,23,1.84,30.0
ara2_176528d3,2025-12-20T23:45:00.000000,4.46,23,1.84,15.0
ara2_176528d3,2025-12-21T00:30:00.000000,3.07,0,2.31,105.0
ara2_176528d3,2025-12-21T00:45:00.000000,3.33,0,2.27,90.0
ara2_176528d3,2025-12-21T01:00:00.000000,3.39,1,2.13,75.0
ara2_176528d3,2025-12-21T01:15:00.000000,3.51,1,1.94,60.0
ara2_176528d3,2025-12-21T01:30:00.000000,3.51,1,1.69,45.0
ara2_176528d3,2025-12-21T01:45:00.000000,3.4,1,1.38,30.0
ara2_176528d3,2025-12-21T02:00:00.000000,3.31,2,1.23,15.0
ara2_176528d3,2025-12-21T18:00:00.000000,9.97,18,2.43,120.0
ara2_176528d3,2025-12-21T18:15:00.000000,10.44,18,2.43,105.0
ara2_176528d3,2025-12-21T18:30:00.000000,10.46,18,2.43,90.0
ara2_176528d3,2025-12-21T18:45:00.000000,11.06,18,2.43,75.0
ara2_176528d3,2025-12-21T19:00:00.000000,10.83,19,2.43,60.0
ara2_176528d3,2025-12-21T19:15:00.000000,11.0,19,2.43,45.0
ara2_176528d3,2025-12-21T19:30:00.000000,10.81,19,2.43,30.0
ara2_176528d3,2025-12-21T19:45:00.000000,10.17,19,2.43,15.0
ara2_176528d3,2025-12-22T21:45:00.000000,8.72,21,2.27,120.0
ara2_176528d3,2025-12-22T22:00:00.000000,9.16,22,2.27,105.0
ara2_176528d3,2025-12-22T22:15:00.000000,9.18,22,2.27,90.0
ara2_176528d3,2025-12-22T22:30:00.000000,9.15,22,2.27,75.0
ara2_176528d3,2025-12-22T22:45:00.000000,9.04,22,2.27,60.0
ara2_176528d3,2025-12-22T23:00:00.000000,8.67,23,2.27,45.0
ara2_176528d3,2025-12-22T23:15:00.000000,8.41,23,2.27,30.0
ara2_176528d3,2025-12-22T23:30:00.000000,8.45,23,2.27,15.0
ara2_176528d3,2025-12-23T04:00:00.000000,5.12,4,2.83,120.0
ara2_176528d3,2025-12-23T04:15:00.000000,4.73,4,2.61,105.0
ara2_176528d3,2025-12-23T04:30:00.000000,4.41,4,2.48,90.0
ara2_176528d3,2025-12-23T04:45:00.000000,4.06,4,2.42,75.0
ara2_176528d3,2025-12-23T05:00:00.000000,3.78,5,2.27,60.0
ara2_176528d3,2025-12-23T05:15:00.000000,3.6,5,2.27,45.0
ara2_176528d3,2025-12-23T05:30:00.000000,3.31,5,2.27,30.0
ara2_176528d3,2025-12-23T05:45:00.000000,3.09,5,2.27,15.0
ara2_176528d3,2025-12-24T03:30:00.000000,4.92,3,2.98,120.0
ara2_176528d3,2025-12-24T03:45:00.000000,4.71,3,2.88,105.0
ara2_176528d3,2025-12-24T04:00:00.000000,4.53,4,2.73,90.0
ara2_176528d3,2025-12-24T04:15:00.000000,3.51,4,2.73,75.0
ara2_176528d3,2025-12-24T04:30:00.000000,3.7,4,2.73,60.0
ara2_176528d3,2025-12-24T04:45:00.000000,3.46,4,2.5,45.0
ara2_176528d3,2025-12-24T05:00:00.000000,3.41,5,2.32,30.0
ara2_176528d3,2025-12-24T05:15:00.000000,3.34,5,2.32,15.0
ara2_176528d3,2025-12-24T09:00:00.000000,3.04,9,2.95,15.0
ara2_176528d3,2025-12-24T16:30:00.000000,10.83,16,1.4,120.0
ara2_176528d3,2025-12-24T16:45:00.000000,10.59,16,1.4,105.0
ara2_176528d3,2025-12-24T17:00:00.000000,10.91,17,1.4,90.0
ara2_176528d3,2025-12-24T17:15:00.000000,10.59,17,1.4,75.0
ara2_176528d3,2025-12-24T17:30:00.000000,10.31,17,1.4,60.0
ara2_176528d3,2025-12-24T17:45:00.000000,10.02,17,1.4,45.0
ara2_176528d3,2025-12-24T18:00:00.000000,9.71,18,1.4,30.0
ara2_176528d3,2025-12-24T18:15:00.000000,9.35,18,1.4,15.0
ara2_176528d3,2025-12-25T01:45:00.000000,5.12,1,2.64,105.0
ara2_176528d3,2025-12-25T02:00:00.000000,4.84,2,2.64,90.0
ara2_176528d3,2025-12-25T02:15:00.000000,4.55,2,2.64,75.0
ara2_176528d3,2025-12-25T02:30:00.000000,4.07,2,2.64,60.0
ara2_176528d3,2025-12-25T02:45:00.000000,3.71,2,2.64,45.0
ara2_176528d3,2025-12-25T03:00:00.000000,3.4,3,2.64,30.0
ara2_176528d3,2025-12-25T03:15:00.000000,3.14,3,2.64,15.0
ara2_176528d3,2025-12-25T22:00:00.000000,3.63,22,2.69,90.0
ara2_176528d3,2025-12-25T22:15:00.000000,3.31,22,2.65,75.0
ara2_176528d3,2025-12-25T22:30:00.000000,3.26,22,2.61,60.0
ara2_176528d3,2025-12-25T22:45:00.000000,3.24,22,2.49,45.0
ara2_176528d3,2025-12-25T23:00:00.000000,3.04,23,2.31,30.0
ara2_176528d3,2025-12-25T23:15:00.000000,3.03,23,2.3,15.0
ara2_176528d3,2025-12-26T22:15:00.000000,4.87,22,2.66,120.0
ara2_176528d3,2025-12-26T22:30:00.000000,4.78,22,2.66,105.0
ara2_176528d3,2025-12-26T22:45:00.000000,4.73,22,2.66,90.0
ara2_176528d3,2025-12-26T23:00:00.000000,4.5,23,2.66,75.0
ara2_176528d3,2025-12-26T23:15:00.000000,4.43,23,2.66,60.0
ara2_176528d3,2025-12-26T23:30:00.000000,4.45,23,2.66,45.0
ara2_176528d3,2025-12-26T23:45:00.000000,4.25,23,2.66,30.0
ara2_176528d3,2025-12-27T00:00:00.000000,4.0,0,2.66,15.0
ara2_176528d3,2025-12-27T03:00:00.000000,3.06,3,1.98,15.0
ara2_176528d3,2025-12-27T11:30:00.000000,3.7,11,0.84,120.0
ara2_176528d3,2025-12-27T11:45:00.000000,4.06,11,0.84,105.0
ara2_176528d3,2025-12-27T12:00:00.000000,3.93,12,0.84,90.0
ara2_176528d3,2025-12-27T12:15:00.000000,3.95,12,0.84,75.0
ara2_176528d3,2025-12-27T12:30:00.000000,4.54,12,0.84,60.0
ara2_176528d3,2025-12-27T12:45:00.000000,4.56,12,0.84,45.0
ara2_176528d3,2025-12-27T13:00:00.000000,4.75,13,0.84,30.0
ara2_176528d3,2025-12-27T13:15:00.000000,5.02,13,0.84,15.0
ara2_176528d3,2025-12-27T18:30:00.000000,4.88,18,1.75,120.0
ara2_176528d3,2025-12-27T18:45:00.000000,4.99,18,1.75,105.0
ara2_176528d3,2025-12-27T19:00:00.000000,4.88,19,1.75,90.0
ara2_176528d3,2025-12-27T19:15:00.000000,4.76,19,1.75,75.0
ara2_176528d3,2025-12-27T19:30:00.000000,4.84,19,1.75,60.0
ara2_176528d3,2025-12-27T19:45:00.000000,4.77,19,1.75,45.0
ara2_176528d3,2025-12-27T20:00:00.000000,4.69,20,1.75,30.0
ara2_176528d3,2025-12-27T20:15:00.000000,4.53,20,1.75,15.0
ara2_176528d3,2025-12-27T21:45:00.000000,3.56,21,2.86,120.0
ara2_176528d3,2025-12-27T22:00:00.000000,3.55,22,2.65,105.0
ara2_176528d3,2025-12-27T22:15:00.000000,3.14,22,2.45,90.0
ara2_176528d3,2025-12-27T22:30:00.000000,3.23,22,2.35,75.0
ara2_176528d3,2025-12-27T22:45:00.000000,3.24,22,2.35,60.0
ara2_176528d3,2025-12-27T23:00:00.000000,3.12,23,2.01,45.0
ara2_176528d3,2025-12-27T23:15:00.000000,3.18,23,2.01,30.0
ara2_176528d3,2025-12-27T23:30:00.000000,3.08,23,2.01,15.0
ara2_176528d3,2025-12-28T20:15:00.000000,3.7,20,2.8,120.0
ara2_176528d3,2025-12-28T20:30:00.000000,4.06,20,0.83,105.0
ara2_176528d3,2025-12-28T20:45:00.000000,3.88,20,0.83,90.0
ara2_176528d3,2025-12-28T21:00:00.000000,3.76,21,0.83,75.0
ara2_176528d3,2025-12-28T21:15:00.000000,3.5,21,0.83,60.0
ara2_176528d3,2025-12-28T21:30:00.000000,3.45,21,0.83,45.0
ara2_176528d3,2025-12-28T21:45:00.000000,3.4,21,0.83,30.0
ara2_176528d3,2025-12-28T22:00:00.000000,3.08,22,0.83,15.0
ara2_176528d3,2025-12-29T21:15:00.000000,4.44,21,2.65,120.0
ara2_176528d3,2025-12-29T21:30:00.000000,4.23,21,2.65,105.0
ara2_176528d3,2025-12-29T21:45:00.000000,3.72,21,2.65,90.0
ara2_176528d3,2025-12-29T22:00:00.000000,3.5,22,2.65,75.0
ara2_176528d3,2025-12-29T22:15:00.000000,3.28,22,2.65,60.0
ara2_176528d3,2025-12-29T22:30:00.000000,3.17,22,2.65,45.0
ara2_176528d3,2025-12-29T22:45:00.000000,3.15,22,2.65,30.0
ara2_176528d3,2025-12-29T23:00:00.000000,3.39,23,2.65,15.0
ara2_176528d3,2025-12-29T23:45:00.000000,3.45,23,2.9,105.0
ara2_176528d3,2025-12-30T00:00:00.000000,3.61,0,2.74,90.0
ara2_176528d3,2025-12-30T00:15:00.000000,3.57,0,2.67,75.0
ara2_176528d3,2025-12-30T00:30:00.000000,3.38,0,2.61,60.0
ara2_176528d3,2025-12-30T00:45:00.000000,3.27,0,2.48,45.0
ara2_176528d3,2025-12-30T01:00:00.000000,3.14,1,2.37,30.0
ara2_176528d3,2025-12-30T01:15:00.000000,3.05,1,2.37,15.0
ara2_176528d3,2025-12-31T18:15:00.000000,3.94,18,1.94,120.0
ara2_176528d3,2025-12-31T18:30:00.000000,4.1,18,1.94,105.0
ara2_176528d3,2025-12-31T18:45:00.000000,5.19,18,1.94,90.0
ara2_176528d3,2025-12-31T19:00:00.000000,5.34,19,1.94,75.0
ara2_176528d3,2025-12-31T19:15:00.000000,5.26,19,1.94,60.0
ara2_176528d3,2025-12-31T19:30:00.000000,5.02,19,1.94,45.0
ara2_176528d3,2025-12-31T19:45:00.000000,4.71,19,1.94,30.0
ara2_176528d3,2025-12-31T20:00:00.000000,4.26,20,1.94,15.0
ara2_176528d3,2025-12-31T21:15:00.000000,3.23,21,0.76,120.0
ara2_176528d3,2025-12-31T21:30:00.000000,3.02,21,0.76,105.0
ara2_176528d3,2025-12-31T21:45:00.000000,3.91,21,0.76,90.0
ara2_176528d3,2025-12-31T22:00:00.000000,3.8,22,0.76,75.0
ara2_176528d3,2025-12-31T22:15:00.000000,3.99,22,0.76,60.0
ara2_176528d3,2025-12-31T22:30:00.000000,4.18,22,0.76,45.0
ara2_176528d3,2025-12-31T22:45:00.000000,4.01,22,0.76,30.0
ara2_176528d3,2025-12-31T23:00:00.000000,3.71,23,0.76,15.0
ara2_176528d3,2026-01-01T19:00:00.000000,7.51,19,2.14,120.0
ara2_176528d3,2026-01-01T19:15:00.000000,7.17,19,2.14,105.0
ara2_176528d3,2026-01-01T19:30:00.000000,6.93,19,2.14,90.0
ara2_176528d3,2026-01-01T19:45:00.000000,6.66,19,2.14,75.0
ara2_176528d3,2026-01-01T20:00:00.000000,6.29,20,2.14,60.0
ara2_176528d3,2026-01-01T20:15:00.000000,6.17,20,2.14,45.0
ara2_176528d3,2026-01-01T20:30:00.000000,5.83,20,2.14,30.0
ara2_176528d3,2026-01-01T20:45:00.000000,5.15,20,2.14,15.0
ara2_176528d3,2026-01-01T21:45:00.000000,3.4,21,2.78,120.0
ara2_176528d3,2026-01-01T22:00:00.000000,3.79,22,2.78,105.0
ara2_176528d3,2026-01-01T22:15:00.000000,3.8,22,2.36,90.0
ara2_176528d3,2026-01-01T22:30:00.000000,3.51,22,2.36,75.0
ara2_176528d3,2026-01-01T22:45:00.000000,3.71,22,2.36,60.0
ara2_176528d3,2026-01-01T23:00:00.000000,3.57,23,2.36,45.0
ara2_176528d3,2026-01-01T23:15:00.000000,3.11,23,2.36,30.0
ara2_176528d3,2026-01-01T23:30:00.000000,3.09,23,2.36,15.0
ara2_176528d3,2026-01-02T01:15:00.000000,3.12,1,1.98,15.0
ara2_176528d3,2026-01-02T11:30:00.000000,3.36,11,2.36,60.0
ara2_176528d3,2026-01-02T11:45:00.000000,3.58,11,2.36,45.0
ara2_176528d3,2026-01-02T12:00:00.000000,3.66,12,2.36,30.0
ara2_176528d3,2026-01-02T12:15:00.000000,3.71,12,2.36,15.0
ara2_176528d3,2026-01-02T23:30:00.000000,5.4,23,2.79,120.0
ara2_176528d3,2026-01-02T23:45:00.000000,4.93,23,2.29,105.0
ara2_176528d3,2026-01-03T00:00:00.000000,4.91,0,1.0,90.0
ara2_176528d3,2026-01-03T00:15:00.000000,4.68,0,1.0,75.0
ara2_176528d3,2026-01-03T00:30:00.000000,4.05,0,1.0,60.0
ara2_176528d3,2026-01-03T00:45:00.000000,3.46,0,1.0,45.0
ara2_176528d3,2026-01-03T01:00:00.000000,3.61,1,1.0,30.0
ara2_176528d3,2026-01-03T01:15:00.000000,3.06,1,1.0,15.0
ara2_176528d3,2026-01-04T02:30:00.000000,3.63,2,2.99,120.0
ara2_176528d3,2026-01-04T02:45:00.000000,3.58,2,2.92,105.0
ara2_176528d3,2026-01-04T03:00:00.000000,3.29,3,2.67,90.0
ara2_176528d3,2026-01-04T03:15:00.000000,3.34,3,2.43,75.0
ara2_176528d3,2026-01-04T03:30:00.000000,3.21,3,2.35,60.0
ara2_176528d3,2026-01-04T03:45:00.000000,3.31,3,2.11,45.0
ara2_176528d3,2026-01-04T04:00:00.000000,3.15,4,2.11,30.0
ara2_176528d3,2026-01-04T04:15:00.000000,3.09,4,2.11,15.0
ara2_176528d3,2026-01-05T02:45:00.000000,3.91,2,2.98,120.0
ara2_176528d3,2026-01-05T03:00:00.000000,3.84,3,2.84,105.0
ara2_176528d3,2026-01-05T03:15:00.000000,3.7,3,2.76,90.0
ara2_176528d3,2026-01-05T03:30:00.000000,3.38,3,2.64,75.0
ara2_176528d3,2026-01-05T03:45:00.000000,3.25,3,2.6,60.0
ara2_176528d3,2026-01-05T04:00:00.000000,3.19,4,2.47,45.0
ara2_176528d3,2026-01-05T04:15:00.000000,3.21,4,2.34,30.0
ara2_176528d3,2026-01-05T04:30:00.000000,3.1,4,2.23,15.0
ara2_176528d3,2026-01-06T04:00:00.000000,3.65,4,2.89,120.0
ara2_176528d3,2026-01-06T04:15:00.000000,3.42,4,2.87,105.0
ara2_176528d3,2026-01-06T04:30:00.000000,3.41,4,2.82,90.0
ara2_176528d3,2026-01-06T04:45:00.000000,3.4,4,2.76,75.0
ara2_176528d3,2026-01-06T05:00:00.000000,3.34,5,2.68,60.0
ara2_176528d3,2026-01-06T05:15:00.000000,3.24,5,2.49,45.0
ara2_176528d3,2026-01-06T05:30:00.000000,3.15,5,2.49,30.0
ara2_176528d3,2026-01-06T05:45:00.000000,3.1,5,2.49,15.0
ara2_176528d3,2026-01-06T08:45:00.000000,3.0,8,2.95,15.0
ara2_176528d3,2026-01-09T21:30:00.000000,5.6,21,2.76,120.0
ara2_176528d3,2026-01-09T21:45:00.000000,4.98,21,2.76,105.0
ara2_176528d3,2026-01-09T22:00:00.000000,5.05,22,2.76,90.0
ara2_176528d3,2026-01-09T22:15:00.000000,4.77,22,2.76,75.0
ara2_176528d3,2026-01-09T22:30:00.000000,4.65,22,2.76,60.0
ara2_176528d3,2026-01-09T22:45:00.000000,4.47,22,2.76,45.0
ara2_176528d3,2026-01-09T23:00:00.000000,4.39,23,2.76,30.0
ara2_176528d3,2026-01-09T23:15:00.000000,4.34,23,2.76,15.0
ara2_176528d3,2026-01-10T10:45:00.000000,3.9,10,1.7,120.0
ara2_176528d3,2026-01-10T11:00:00.000000,4.14,11,1.7,105.0
ara2_176528d3,2026-01-10T11:15:00.000000,4.27,11,1.7,90.0
ara2_176528d3,2026-01-10T11:30:00.000000,4.47,11,1.7,75.0
ara2_176528d3,2026-01-10T11:45:00.000000,4.68,11,1.7,60.0
ara2_176528d3,2026-01-10T12:00:00.000000,4.71,12,1.7,45.0
ara2_176528d3,2026-01-10T12:15:00.000000,4.81,12,1.7,30.0
ara2_176528d3,2026-01-10T12:30:00.000000,4.81,12,1.7,15.0
ara2_176528d3,2026-01-12T09:30:00.000000,3.0,9,2.97,30.0
ara2_176528d3,2026-01-12T09:45:00.000000,3.01,9,2.97,15.0
ara2_176528d3,2026-01-15T04:45:00.000000,4.82,4,2.82,120.0
ara2_176528d3,2026-01-15T05:00:00.000000,4.7,5,2.53,105.0
ara2_176528d3,2026-01-15T05:15:00.000000,4.77,5,2.23,90.0
ara2_176528d3,2026-01-15T05:30:00.000000,4.48,5,2.23,75.0
ara2_176528d3,2026-01-15T05:45:00.000000,3.72,5,2.18,60.0
ara2_176528d3,2026-01-15T06:00:00.000000,3.49,6,2.18,45.0
ara2_176528d3,2026-01-15T06:15:00.000000,3.02,6,1.29,30.0
ara2_176528d3,2026-01-15T06:30:00.000000,3.18,6,0.88,15.0
ara2_176528d3,2026-01-15T09:30:00.000000,3.36,9,2.8,15.0
ara2_176528d3,2026-01-16T10:30:00.000000,3.17,10,2.05,30.0
ara2_176528d3,2026-01-16T10:45:00.000000,3.09,10,2.05,15.0
ara2_176528d3,2026-01-16T19:30:00.000000,5.26,19,1.36,120.0
ara2_176528d3,2026-01-16T19:45:00.000000,5.17,19,1.36,105.0
ara2_176528d3,2026-01-16T20:00:00.000000,5.09,20,1.36,90.0
ara2_176528d3,2026-01-16T20:15:00.000000,4.41,20,1.36,75.0
ara2_176528d3,2026-01-16T20:30:00.000000,4.55,20,1.36,60.0
ara2_176528d3,2026-01-16T20:45:00.000000,4.76,20,1.36,45.0
ara2_176528d3,2026-01-16T21:00:00.000000,4.36,21,1.36,30.0
ara2_176528d3,2026-01-16T21:15:00.000000,3.96,21,1.36,15.0
ara2_176528d3,2026-01-16T22:30:00.000000,3.94,22,2.46,120.0
ara2_176528d3,2026-01-16T22:45:00.000000,3.51,22,2.46,105.0
ara2_176528d3,2026-01-16T23:00:00.000000,3.77,23,0.86,90.0
ara2_176528d3,2026-01-16T23:15:00.000000,3.37,23,0.86,75.0
ara2_176528d3,2026-01-16T23:30:00.000000,3.57,23,0.86,60.0
ara2_176528d3,2026-01-16T23:45:00.000000,3.44,23,0.86,45.0
ara2_176528d3,2026-01-17T00:00:00.000000,3.41,0,0.86,30.0
ara2_176528d3,2026-01-17T00:15:00.000000,3.16,0,0.86,15.0
ara2_176528d3,2026-01-17T15:15:00.000000,4.15,15,2.39,120.0
ara2_176528d3,2026-01-17T15:30:00.000000,5.64,15,1.86,105.0
ara2_176528d3,2026-01-17T15:45:00.000000,5.72,15,1.86,90.0
ara2_176528d3,2026-01-17T16:00:00.000000,6.09,16,1.86,75.0
ara2_176528d3,2026-01-17T16:15:00.000000,5.46,16,1.86,60.0
ara2_176528d3,2026-01-17T16:30:00.000000,4.38,16,1.86,45.0
ara2_176528d3,2026-01-17T16:45:00.000000,3.42,16,1.86,30.0
ara2_176528d3,2026-01-17T17:00:00.000000,3.09,17,1.86,15.0
ara2_176528d3,2026-01-17T18:00:00.000000,3.54,18,2.78,120.0
ara2_176528d3,2026-01-17T18:15:00.000000,3.42,18,2.38,105.0
ara2_176528d3,2026-01-17T18:30:00.000000,3.07,18,2.38,90.0
ara2_176528d3,2026-01-17T18:45:00.000000,3.53,18,2.38,75.0
ara2_176528d3,2026-01-17T19:00:00.000000,3.83,19,2.38,60.0
ara2_176528d3,2026-01-17T19:15:00.000000,3.47,19,2.38,45.0
ara2_176528d3,2026-01-17T19:30:00.000000,3.33,19,2.38,30.0
ara2_176528d3,2026-01-17T19:45:00.000000,3.39,19,2.38,15.0
ara2_176528d3,2026-01-22T15:15:00.000000,9.43,15,2.74,120.0
ara2_176528d3,2026-01-22T15:30:00.000000,10.25,15,2.74,105.0
ara2_176528d3,2026-01-22T15:45:00.000000,11.56,15,2.74,90.0
ara2_176528d3,2026-01-22T16:00:00.000000,12.39,16,2.74,75.0
ara2_176528d3,2026-01-22T16:15:00.000000,12.57,16,2.74,60.0
ara2_176528d3,2026-01-22T16:30:00.000000,13.26,16,2.74,45.0
ara2_176528d3,2026-01-22T16:45:00.000000,13.4,16,2.74,30.0
ara2_176528d3,2026-01-22T17:00:00.000000,13.36,17,2.74,15.0
ara2_176528d3,2026-01-25T01:30:00.000000,3.55,1,2.97,120.0
ara2_176528d3,2026-01-25T01:45:00.000000,3.61,1,2.71,105.0
ara2_176528d3,2026-01-25T02:00:00.000000,3.48,2,2.49,90.0
ara2_176528d3,2026-01-25T02:15:00.000000,3.4,2,2.49,75.0
ara2_176528d3,2026-01-25T02:30:00.000000,3.34,2,2.44,60.0
ara2_176528d3,2026-01-25T02:45:00.000000,3.19,2,2.23,45.0
ara2_176528d3,2026-01-25T03:00:00.000000,3.06,3,2.14,30.0
ara2_176528d3,2026-01-25T03:15:00.000000,3.0,3,2.11,15.0
ara2_176528d3,2026-01-25T09:30:00.000000,3.09,9,1.46,120.0
ara2_176528d3,2026-01-25T09:45:00.000000,3.38,9,1.46,105.0
ara2_176528d3,2026-01-25T10:00:00.000000,3.2,10,1.46,90.0
ara2_176528d3,2026-01-25T10:15:00.000000,3.36,10,1.46,75.0
ara2_176528d3,2026-01-25T10:30:00.000000,3.7,10,1.46,60.0
ara2_176528d3,2026-01-25T10:45:00.000000,4.34,10,1.46,45.0
ara2_176528d3,2026-01-25T11:00:00.000000,4.38,11,1.46,30.0
ara2_176528d3,2026-01-25T11:15:00.000000,4.39,11,1.46,15.0
ara2_176528d3,2026-01-26T09:00:00.000000,3.27,9,2.28,75.0
ara2_176528d3,2026-01-26T09:15:00.000000,3.37,9,2.28,60.0
ara2_176528d3,2026-01-26T09:30:00.000000,3.64,9,2.28,45.0
ara2_176528d3,2026-01-26T09:45:00.000000,3.68,9,2.28,30.0
ara2_176528d3,2026-01-26T10:00:00.000000,3.66,10,2.28,15.0
ara2_176528d3,2026-01-27T02:30:00.000000,5.77,2,2.75,90.0
ara2_176528d3,2026-01-27T02:45:00.000000,5.62,2,2.75,75.0
ara2_176528d3,2026-01-27T03:00:00.000000,5.33,3,2.75,60.0
ara2_176528d3,2026-01-27T03:15:00.000000,5.17,3,2.75,45.0
ara2_176528d3,2026-01-27T03:30:00.000000,5.0,3,2.75,30.0
ara2_176528d3,2026-01-27T03:45:00.000000,4.79,3,2.75,15.0
ara2_176528d3,2026-01-27T12:45:00.000000,7.78,12,1.86,120.0
ara2_176528d3,2026-01-27T13:00:00.000000,8.25,13,1.86,105.0
ara2_176528d3,2026-01-27T13:15:00.000000,8.85,13,1.86,90.0
ara2_176528d3,2026-01-27T13:30:00.000000,9.75,13,1.86,75.0
ara2_176528d3,2026-01-27T13:45:00.000000,11.48,13,1.86,60.0
ara2_176528d3,2026-01-27T14:00:00.000000,12.59,14,1.86,45.0
ara2_176528d3,2026-01-27T14:15:00.000000,10.58,14,1.86,30.0
ara2_176528d3,2026-01-27T14:30:00.000000,13.74,14,1.86,15.0
ara2_176528d3,2026-01-28T07:30:00.000000,3.09,7,2.77,90.0
ara2_176528d3,2026-01-28T07:45:00.000000,3.25,7,2.77,75.0
ara2_176528d3,2026-01-28T08:00:00.000000,3.27,8,2.77,60.0
ara2_176528d3,2026-01-28T08:15:00.000000,3.0,8,2.77,45.0
ara2_176528d3,2026-01-28T08:30:00.000000,3.1,8,2.77,30.0
ara2_176528d3,2026-01-28T08:45:00.000000,3.07,8,2.77,15.0
ara2_176528d3,2026-01-29T02:15:00.000000,7.62,2,1.6,120.0
ara2_176528d3,2026-01-29T02:30:00.000000,7.37,2,1.6,105.0
ara2_176528d3,2026-01-29T02:45:00.000000,7.02,2,1.6,90.0
ara2_176528d3,2026-01-29T03:00:00.000000,7.02,3,1.6,75.0
ara2_176528d3,2026-01-29T03:15:00.000000,3.45,3,1.6,60.0
ara2_176528d3,2026-01-29T03:30:00.000000,6.39,3,1.6,45.0
ara2_176528d3,2026-01-29T03:45:00.000000,5.46,3,1.6,30.0
ara2_176528d3,2026-01-29T04:00:00.000000,5.75,4,1.6,15.0
ara2_176528d3,2026-01-29T04:30:00.000000,4.99,4,2.64,120.0
ara2_176528d3,2026-01-29T04:45:00.000000,4.68,4,2.64,105.0
ara2_176528d3,2026-01-29T05:00:00.000000,4.4,5,2.4,90.0
ara2_176528d3,2026-01-29T05:15:00.000000,4.01,5,2.36,75.0
ara2_176528d3,2026-01-29T05:30:00.000000,3.77,5,2.28,60.0
ara2_176528d3,2026-01-29T05:45:00.000000,3.49,5,2.18,45.0
ara2_176528d3,2026-01-29T06:00:00.000000,3.32,6,2.18,30.0
ara2_176528d3,2026-01-29T06:15:00.000000,3.03,6,2.18,15.0
ara2_176528d3,2026-01-29T09:00:00.000000,3.17,9,2.7,15.0
ara2_176528d3,2026-01-30T03:15:00.000000,4.18,3,2.73,120.0
ara2_176528d3,2026-01-30T03:30:00.000000,4.04,3,2.54,105.0
ara2_176528d3,2026-01-30T03:45:00.000000,3.95,3,2.22,90.0
ara2_176528d3,2026-01-30T04:00:00.000000,3.89,4,2.17,75.0
ara2_176528d3,2026-01-30T04:15:00.000000,3.76,4,2.05,60.0
ara2_176528d3,2026-01-30T04:30:00.000000,3.48,4,1.68,45.0
ara2_176528d3,2026-01-30T04:45:00.000000,3.23,4,1.64,30.0
ara2_176528d3,2026-01-30T05:00:00.000000,3.1,5,1.64,15.0
ara2_29660d32,2025-11-30T05:30:01.000000,4.02,5,2.87,120.0
ara2_29660d32,2025-11-30T05:45:01.000000,3.89,5,2.76,105.0
ara2_29660d32,2025-11-30T06:00:01.000000,3.71,6,2.59,90.0
ara2_29660d32,2025-11-30T06:15:01.000000,3.62,6,2.47,75.0
ara2_29660d32,2025-11-30T06:30:01.000000,3.41,6,2.43,60.0
ara2_29660d32,2025-11-30T06:45:01.000000,3.26,6,2.28,45.0
ara2_29660d32,2025-11-30T07:00:01.000000,3.16,7,2.09,30.0
ara2_29660d32,2025-11-30T07:15:01.000000,3.01,7,1.92,15.0
ara2_29660d32,2025-11-30T23:45:01.000000,4.44,23,2.86,120.0
ara2_29660d32,2025-12-01T00:00:01.000000,4.21,0,2.7,105.0
ara2_29660d32,2025-12-01T00:15:01.000000,4.02,0,2.55,90.0
ara2_29660d32,2025-12-01T00:30:01.000000,3.74,0,2.38,75.0
ara2_29660d32,2025-12-01T00:45:01.000000,3.57,0,2.16,60.0
ara2_29660d32,2025-12-01T01:00:01.000000,3.42,1,1.96,45.0
ara2_29660d32,2025-12-01T01:15:01.000000,3.18,1,1.96,30.0
ara2_29660d32,2025-12-01T01:30:01.000000,3.0,1,1.81,15.0
ara2_29660d32,2025-12-01T16:30:01.000000,3.1,16,2.97,15.0
ara2_29660d32,2025-12-02T00:45:01.000000,3.62,0,2.98,120.0
ara2_29660d32,2025-12-02T01:00:01.000000,3.52,1,2.9,105.0
ara2_29660d32,2025-12-02T01:15:01.000000,3.44,1,2.81,90.0
ara2_29660d32,2025-12-02T01:30:01.000000,3.28,1,2.65,75.0
ara2_29660d32,2025-12-02T01:45:01.000000,3.21,1,2.64,60.0
ara2_29660d32,2025-12-02T02:00:01.000000,3.08,2,2.57,45.0
ara2_29660d32,2025-12-02T02:15:01.000000,3.04,2,2.49,30.0
ara2_29660d32,2025-12-02T02:30:01.000000,3.05,2,2.3,15.0
ara2_29660d32,2025-12-02T21:30:01.000000,4.14,21,2.87,120.0
ara2_29660d32,2025-12-02T21:45:01.000000,4.22,21,2.71,105.0
ara2_29660d32,2025-12-02T22:00:01.000000,4.07,22,2.71,90.0
ara2_29660d32,2025-12-02T22:15:01.000000,3.93,22,2.71,75.0
ara2_29660d32,2025-12-02T22:30:01.000000,3.6,22,2.56,60.0
ara2_29660d32,2025-12-02T22:45:01.000000,3.53,22,2.4,45.0
ara2_29660d32,2025-12-02T23:00:01.000000,3.43,23,2.18,30.0
ara2_29660d32,2025-12-02T23:15:01.000000,3.21,23,2.11,15.0
ara2_29660d32,2025-12-03T00:00:00.000000,3.27,0,1.78,0.0
ara2_29660d32,2025-12-03T19:45:02.000000,4.84,19,2.63,90.0
ara2_29660d32,2025-12-03T20:00:02.000000,4.74,20,2.6,75.0
ara2_29660d32,2025-12-03T20:15:02.000000,4.13,20,2.3,60.0
ara2_29660d32,2025-12-03T20:30:02.000000,3.89,20,2.24,45.0
ara2_29660d32,2025-12-03T20:45:02.000000,3.5,20,2.12,30.0
ara2_29660d32,2025-12-03T21:00:02.000000,3.28,21,1.98,15.0
ara2_29660d32,2025-12-03T23:45:00.000000,3.3,23,2.63,90.0
ara2_29660d32,2025-12-04T00:00:01.000000,3.27,0,2.34,75.0
ara2_29660d32,2025-12-04T00:15:01.000000,3.19,0,2.04,60.0
ara2_29660d32,2025-12-04T00:30:01.000000,3.07,0,1.92,45.0
ara2_29660d32,2025-12-04T00:45:01.000000,3.05,0,1.84,30.0
ara2_29660d32,2025-12-04T01:00:01.000000,3.07,1,1.73,15.0
ara2_29660d32,2025-12-05T04:30:02.000000,3.76,4,2.31,120.0
ara2_29660d32,2025-12-05T04:45:02.000000,3.7,4,2.27,105.0
ara2_29660d32,2025-12-05T05:00:02.000000,3.57,5,2.27,90.0
ara2_29660d32,2025-12-05T05:15:02.000000,3.47,5,2.27,75.0
ara2_29660d32,2025-12-05T05:30:02.000000,3.42,5,2.27,60.0
ara2_29660d32,2025-12-05T05:45:02.000000,3.33,5,2.27,45.0
ara2_29660d32,2025-12-05T06:00:02.000000,3.2,6,2.27,30.0
ara2_29660d32,2025-12-05T06:15:02.000000,3.12,6,2.27,15.0
ara2_29660d32,2025-12-06T05:15:02.000000,3.25,5,2.99,120.0
ara2_29660d32,2025-12-06T05:30:02.000000,3.33,5,2.97,105.0
ara2_29660d32,2025-12-06T05:45:02.000000,3.2,5,2.97,90.0
ara2_29660d32,2025-12-06T06:00:02.000000,3.5,6,2.97,75.0
ara2_29660d32,2025-12-06T06:15:02.000000,3.32,6,2.97,60.0
ara2_29660d32,2025-12-06T06:30:02.000000,3.19,6,2.97,45.0
ara2_29660d32,2025-12-06T06:45:02.000000,3.07,6,2.97,30.0
ara2_29660d32,2025-12-06T07:00:02.000000,3.02,7,2.97,15.0
ara2_29660d32,2025-12-07T04:45:03.000000,3.65,4,2.84,120.0
ara2_29660d32,2025-12-07T05:00:03.000000,3.6,5,2.66,105.0
ara2_29660d32,2025-12-07T05:15:03.000000,3.63,5,2.48,90.0
ara2_29660d32,2025-12-07T05:30:03.000000,3.5,5,2.48,75.0
ara2_29660d32,2025-12-07T05:45:03.000000,3.45,5,2.48,60.0
ara2_29660d32,2025-12-07T06:00:03.000000,3.34,6,2.48,45.0
ara2_29660d32,2025-12-07T06:15:03.000000,3.15,6,2.48,30.0
ara2_29660d32,2025-12-07T06:30:03.000000,3.05,6,2.48,15.0
ara2_29660d32,2025-12-08T06:30:03.000000,3.65,6,2.96,120.0
ara2_29660d32,2025-12-08T06:45:03.000000,3.45,6,2.96,105.0
ara2_29660d32,2025-12-08T07:00:03.000000,3.24,7,2.96,90.0
ara2_29660d32,2025-12-08T07:15:03.000000,3.2,7,2.96,75.0
ara2_29660d32,2025-12-08T07:30:03.000000,3.18,7,2.96,60.0
ara2_29660d32,2025-12-08T07:45:03.000000,3.3,7,2.96,45.0
ara2_29660d32,2025-12-08T08:00:03.000000,3.39,8,2.96,30.0
ara2_29660d32,2025-12-08T08:15:03.000000,3.58,8,2.96,15.0
ara2_29660d32,2025-12-09T05:15:03.000000,3.17,5,2.92,120.0
ara2_29660d32,2025-12-09T05:30:03.000000,3.58,5,2.92,105.0
ara2_29660d32,2025-12-09T05:45:03.000000,3.48,5,2.92,90.0
ara2_29660d32,2025-12-09T06:00:03.000000,3.25,6,2.92,75.0
ara2_29660d32,2025-12-09T06:15:03.000000,3.29,6,2.92,60.0
ara2_29660d32,2025-12-09T06:30:03.000000,3.22,6,2.92,45.0
ara2_29660d32,2025-12-09T06:45:03.000000,3.15,6,2.92,30.0
ara2_29660d32,2025-12-09T07:00:03.000000,3.02,7,2.92,15.0
ara2_29660d32,2025-12-10T02:15:03.000000,3.87,2,2.78,120.0
ara2_29660d32,2025-12-10T02:30:03.000000,3.82,2,2.78,105.0
ara2_29660d32,2025-12-10T02:45:03.000000,3.5,2,2.78,90.0
ara2_29660d32,2025-12-10T03:00:03.000000,3.6,3,2.61,75.0
ara2_29660d32,2025-12-10T03:15:03.000000,3.48,3,2.61,60.0
ara2_29660d32,2025-12-10T03:30:03.000000,3.27,3,0.1,45.0
ara2_29660d32,2025-12-10T03:45:03.000000,3.11,3,0.1,30.0
ara2_29660d32,2025-12-10T04:00:03.000000,3.2,4,0.1,15.0
ara2_29660d32,2025-12-14T17:15:00.000000,12.22,17,1.95,120.0
ara2_29660d32,2025-12-14T17:30:00.000000,11.48,17,1.95,105.0
ara2_29660d32,2025-12-14T17:45:00.000000,11.04,17,1.95,90.0
ara2_29660d32,2025-12-14T18:00:00.000000,10.47,18,1.95,75.0
ara2_29660d32,2025-12-14T18:15:00.000000,10.24,18,1.95,60.0
ara2_29660d32,2025-12-14T18:30:00.000000,9.66,18,1.95,45.0
ara2_29660d32,2025-12-14T18:45:00.000000,9.24,18,1.95,30.0
ara2_29660d32,2025-12-14T19:00:00.000000,8.77,19,1.95,15.0
ara2_29660d32,2025-12-15T00:15:00.000000,4.19,0,2.81,120.0
ara2_29660d32,2025-12-15T00:30:00.000000,3.16,0,2.66,105.0
ara2_29660d32,2025-12-15T00:45:00.000000,3.65,0,2.4,90.0
ara2_29660d32,2025-12-15T01:00:00.000000,3.57,1,2.4,75.0
ara2_29660d32,2025-12-15T01:15:00.000000,3.38,1,2.37,60.0
ara2_29660d32,2025-12-15T01:30:00.000000,3.51,1,2.34,45.0
ara2_29660d32,2025-12-15T01:45:00.000000,3.37,1,2.2,30.0
ara2_29660d32,2025-12-15T02:00:00.000000,3.23,2,2.14,15.0
ara2_29660d32,2025-12-16T00:15:00.000000,4.06,0,2.17,120.0
ara2_29660d32,2025-12-16T00:30:00.000000,4.09,0,2.12,105.0
ara2_29660d32,2025-12-16T00:45:00.000000,3.95,0,2.12,90.0
ara2_29660d32,2025-12-16T01:00:00.000000,3.72,1,2.12,75.0
ara2_29660d32,2025-12-16T01:15:00.000000,3.62,1,1.78,60.0
ara2_29660d32,2025-12-16T01:30:00.000000,3.34,1,1.6,45.0
ara2_29660d32,2025-12-16T01:45:00.000000,3.36,1,1.48,30.0
ara2_29660d32,2025-12-16T02:00:00.000000,3.35,2,1.48,15.0
ara2_29660d32,2025-12-16T23:45:00.000000,5.19,23,2.98,120.0
ara2_29660d32,2025-12-17T00:00:00.000000,4.96,0,2.76,105.0
ara2_29660d32,2025-12-17T00:15:00.000000,4.54,0,2.26,90.0
ara2_29660d32,2025-12-17T00:30:00.000000,4.2,0,1.85,75.0
ara2_29660d32,2025-12-17T00:45:00.000000,3.75,0,1.85,60.0
ara2_29660d32,2025-12-17T01:00:00.000000,3.52,1,1.85,45.0
ara2_29660d32,2025-12-17T01:15:00.000000,3.28,1,1.85,30.0
ara2_29660d32,2025-12-17T01:30:00.000000,3.11,1,1.85,15.0
ara2_29660d32,2025-12-18T02:15:00.000000,3.53,2,2.21,60.0
ara2_29660d32,2025-12-18T02:30:00.000000,3.28,2,1.53,45.0
ara2_29660d32,2025-12-18T02:45:00.000000,3.19,2,1.4,30.0
ara2_29660d32,2025-12-18T03:00:00.000000,3.07,3,1.17,15.0
ara2_29660d32,2025-12-18T20:15:00.000000,5.38,20,2.64,120.0
ara2_29660d32,2025-12-18T20:30:00.000000,5.4,20,2.29,105.0
ara2_29660d32,2025-12-18T20:45:00.000000,4.73,20,2.21,90.0
ara2_29660d32,2025-12-18T21:00:00.000000,4.48,21,2.09,75.0
ara2_29660d32,2025-12-18T21:15:00.000000,4.38,21,2.05,60.0
ara2_29660d32,2025-12-18T21:30:00.000000,3.66,21,1.88,45.0
ara2_29660d32,2025-12-18T21:45:00.000000,3.72,21,1.69,30.0
ara2_29660d32,2025-12-18T22:00:00.000000,3.04,22,1.69,15.0
ara2_29660d32,2025-12-19T21:45:00.000000,4.46,21,2.91,120.0
ara2_29660d32,2025-12-19T22:00:00.000000,4.24,22,2.91,105.0
ara2_29660d32,2025-12-19T22:15:00.000000,4.08,22,2.79,90.0
ara2_29660d32,2025-12-19T22:30:00.000000,3.99,22,2.75,75.0
ara2_29660d32,2025-12-19T22:45:00.000000,3.9,22,2.66,60.0
ara2_29660d32,2025-12-19T23:00:00.000000,3.73,23,2.63,45.0
ara2_29660d32,2025-12-19T23:15:00.000000,3.28,23,2.53,30.0
ara2_29660d32,2025-12-19T23:30:00.000000,3.23,23,2.48,15.0
ara2_29660d32,2025-12-21T00:30:00.000000,4.21,0,2.36,120.0
ara2_29660d32,2025-12-21T00:45:00.000000,4.03,0,2.25,105.0
ara2_29660d32,2025-12-21T01:00:00.000000,3.84,1,2.25,90.0
ara2_29660d32,2025-12-21T01:15:00.000000,3.65,1,2.25,75.0
ara2_29660d32,2025-12-21T01:30:00.000000,3.49,1,2.25,60.0
ara2_29660d32,2025-12-21T01:45:00.000000,3.38,1,2.15,45.0
ara2_29660d32,2025-12-21T02:00:00.000000,3.33,2,2.05,30.0
ara2_29660d32,2025-12-21T02:15:00.000000,3.06,2,1.98,15.0
ara2_29660d32,2025-12-21T22:15:00.000000,3.45,22,2.23,120.0
ara2_29660d32,2025-12-21T22:30:00.000000,3.68,22,2.23,105.0
ara2_29660d32,2025-12-21T22:45:00.000000,4.01,22,2.23,90.0
ara2_29660d32,2025-12-21T23:00:00.000000,3.92,23,2.23,75.0
ara2_29660d32,2025-12-21T23:15:00.000000,3.85,23,2.23,60.0
ara2_29660d32,2025-12-21T23:30:00.000000,3.76,23,2.23,45.0
ara2_29660d32,2025-12-21T23:45:00.000000,3.65,23,2.23,30.0
ara2_29660d32,2025-12-22T00:00:00.000000,3.43,0,2.23,15.0
ara2_29660d32,2025-12-22T19:45:00.000000,8.01,19,2.63,120.0
ara2_29660d32,2025-12-22T20:00:00.000000,7.93,20,2.58,105.0
ara2_29660d32,2025-12-22T20:15:00.000000,7.6,20,2.33,90.0
ara2_29660d32,2025-12-22T20:30:00.000000,6.72,20,1.77,75.0
ara2_29660d32,2025-12-22T20:45:00.000000,6.13,20,1.69,60.0
ara2_29660d32,2025-12-22T21:00:00.000000,4.73,21,1.62,45.0
ara2_29660d32,2025-12-22T21:15:00.000000,3.88,21,1.58,30.0
ara2_29660d32,2025-12-22T21:30:00.000000,3.26,21,1.53,15.0
ara2_29660d32,2025-12-23T18:45:00.000000,7.13,18,2.69,120.0
ara2_29660d32,2025-12-23T19:00:00.000000,6.51,19,2.54,105.0
ara2_29660d32,2025-12-23T19:15:00.000000,5.65,19,2.54,90.0
ara2_29660d32,2025-12-23T19:30:00.000000,5.37,19,2.23,75.0
ara2_29660d32,2025-12-23T19:45:00.000000,4.89,19,1.8,60.0
ara2_29660d32,2025-12-23T20:00:00.000000,5.15,20,1.8,45.0
ara2_29660d32,2025-12-23T20:15:00.000000,4.11,20,0.73,30.0
ara2_29660d32,2025-12-23T20:30:00.000000,4.1,20,0.73,15.0
ara2_29660d32,2025-12-24T07:15:00.000000,8.46,7,0.33,30.0
ara2_29660d32,2025-12-24T07:30:00.000000,8.88,7,0.33,15.0
ara2_29660d32,2025-12-27T19:15:00.000000,5.09,19,2.66,120.0
ara2_29660d32,2025-12-27T19:30:00.000000,4.49,19,2.54,105.0
ara2_29660d32,2025-12-27T19:45:00.000000,4.04,19,2.43,90.0
ara2_29660d32,2025-12-27T20:00:00.000000,4.35,20,2.24,75.0
ara2_29660d32,2025-12-27T20:15:00.000000,3.79,20,2.01,60.0
ara2_29660d32,2025-12-27T20:30:00.000000,3.21,20,2.01,45.0
ara2_29660d32,2025-12-27T20:45:00.000000,3.31,20,1.8,30.0
ara2_29660d32,2025-12-27T21:00:00.000000,3.14,21,1.72,15.0
ara2_29660d32,2025-12-28T18:15:00.000000,7.1,18,2.9,120.0
ara2_29660d32,2025-12-28T18:30:00.000000,5.37,18,2.9,105.0
ara2_29660d32,2025-12-28T18:45:00.000000,5.19,18,2.16,90.0
ara2_29660d32,2025-12-28T19:00:00.000000,4.52,19,1.94,75.0
ara2_29660d32,2025-12-28T19:15:00.000000,4.0,19,1.77,60.0
ara2_29660d32,2025-12-28T19:30:00.000000,3.56,19,1.62,45.0
ara2_29660d32,2025-12-28T19:45:00.000000,3.35,19,1.62,30.0
ara2_29660d32,2025-12-28T20:00:00.000000,3.12,20,1.51,15.0
ara2_29660d32,2025-12-30T23:45:00.000000,4.1,23,2.55,30.0
ara2_29660d32,2025-12-31T00:00:00.000000,3.57,0,2.43,15.0
ara2_29660d32,2025-12-31T02:30:00.000000,3.48,2,1.78,30.0
ara2_29660d32,2025-12-31T02:45:00.000000,3.02,2,1.45,15.0
ara2_29660d32,2025-12-31T22:00:00.000000,3.67,22,2.95,120.0
ara2_29660d32,2025-12-31T22:15:00.000000,3.56,22,2.62,105.0
ara2_29660d32,2025-12-31T22:30:00.000000,3.07,22,2.62,90.0
ara2_29660d32,2025-12-31T22:45:00.000000,3.92,22,2.51,75.0
ara2_29660d32,2025-12-31T23:00:00.000000,3.86,23,2.33,60.0
ara2_29660d32,2025-12-31T23:15:00.000000,3.88,23,2.02,45.0
ara2_29660d32,2025-12-31T23:30:00.000000,3.8,23,1.94,30.0
ara2_29660d32,2025-12-31T23:45:00.000000,3.21,23,1.27,15.0
ara2_29660d32,2026-01-01T17:30:00.000000,6.95,17,2.96,120.0
ara2_29660d32,2026-01-01T17:45:00.000000,6.08,17,1.92,105.0
ara2_29660d32,2026-01-01T18:00:00.000000,5.34,18,1.92,90.0
ara2_29660d32,2026-01-01T18:15:00.000000,5.34,18,1.79,75.0
ara2_29660d32,2026-01-01T18:30:00.000000,4.87,18,1.79,60.0
ara2_29660d32,2026-01-01T18:45:00.000000,4.09,18,1.79,45.0
ara2_29660d32,2026-01-01T19:00:00.000000,4.02,19,1.79,30.0
ara2_29660d32,2026-01-01T19:15:00.000000,3.02,19,1.79,15.0
ara2_29660d32,2026-01-02T17:45:00.000000,6.45,17,2.45,120.0
ara2_29660d32,2026-01-02T18:00:00.000000,5.83,18,2.08,105.0
ara2_29660d32,2026-01-02T18:15:00.000000,5.91,18,2.01,90.0
ara2_29660d32,2026-01-02T18:30:00.000000,6.1,18,1.16,75.0
ara2_29660d32,2026-01-02T18:45:00.000000,5.18,18,0.99,60.0
ara2_29660d32,2026-01-02T19:00:00.000000,4.11,19,0.99,45.0
ara2_29660d32,2026-01-02T19:15:00.000000,3.81,19,0.85,30.0
ara2_29660d32,2026-01-02T19:30:00.000000,3.26,19,0.72,15.0
ara2_29660d32,2026-01-05T00:45:00.000000,3.8,0,2.2,90.0
ara2_29660d32,2026-01-05T01:00:00.000000,3.71,1,2.2,75.0
ara2_29660d32,2026-01-05T01:15:00.000000,3.77,1,2.06,60.0
ara2_29660d32,2026-01-05T01:30:00.000000,3.67,1,2.06,45.0
ara2_29660d32,2026-01-05T01:45:00.000000,3.44,1,2.06,30.0
ara2_29660d32,2026-01-05T02:00:00.000000,3.43,2,2.06,15.0
ara2_29660d32,2026-01-05T10:00:00.000000,3.19,10,2.32,90.0
ara2_29660d32,2026-01-05T10:15:00.000000,4.1,10,2.32,75.0
ara2_29660d32,2026-01-05T10:30:00.000000,4.85,10,2.32,60.0
ara2_29660d32,2026-01-05T10:45:00.000000,5.34,10,2.32,45.0
ara2_29660d32,2026-01-05T11:00:00.000000,5.83,11,2.32,30.0
ara2_29660d32,2026-01-05T11:15:00.000000,6.3,11,2.32,15.0
ara2_29660d32,2026-01-06T00:00:00.000000,4.2,0,2.89,120.0
ara2_29660d32,2026-01-06T00:15:00.000000,4.17,0,1.81,105.0
ara2_29660d32,2026-01-06T00:30:00.000000,3.99,0,1.81,90.0
ara2_29660d32,2026-01-06T00:45:00.000000,3.72,0,1.81,75.0
ara2_29660d32,2026-01-06T01:00:00.000000,3.61,1,1.81,60.0
ara2_29660d32,2026-01-06T01:15:00.000000,3.58,1,1.81,45.0
ara2_29660d32,2026-01-06T01:30:00.000000,3.38,1,1.81,30.0
ara2_29660d32,2026-01-06T01:45:00.000000,3.18,1,1.81,15.0
ara2_29660d32,2026-01-07T00:45:00.000000,3.92,0,2.73,120.0
ara2_29660d32,2026-01-07T01:00:00.000000,3.87,1,2.73,105.0
ara2_29660d32,2026-01-07T01:15:00.000000,3.63,1,2.73,90.0
ara2_29660d32,2026-01-07T01:30:00.000000,3.43,1,2.73,75.0
ara2_29660d32,2026-01-07T01:45:00.000000,3.31,1,2.65,60.0
ara2_29660d32,2026-01-07T02:00:00.000000,3.27,2,2.52,45.0
ara2_29660d32,2026-01-07T02:15:00.000000,3.04,2,2.25,30.0
ara2_29660d32,2026-01-07T02:30:00.000000,3.01,2,1.78,15.0
ara2_29660d32,2026-01-07T03:00:00.000000,3.07,3,1.23,15.0
ara2_29660d32,2026-01-08T01:45:00.000000,4.48,1,2.91,120.0
ara2_29660d32,2026-01-08T02:00:00.000000,4.33,2,2.73,105.0
ara2_29660d32,2026-01-08T02:15:00.000000,3.83,2,2.43,90.0
ara2_29660d32,2026-01-08T02:30:00.000000,3.79,2,2.41,75.0
ara2_29660d32,2026-01-08T02:45:00.000000,3.71,2,1.68,60.0
ara2_29660d32,2026-01-08T03:00:00.000000,3.63,3,1.68,45.0
ara2_29660d32,2026-01-08T03:15:00.000000,3.42,3,1.68,30.0
ara2_29660d32,2026-01-08T03:30:00.000000,3.06,3,1.68,15.0
ara2_29660d32,2026-01-09T04:15:00.000000,3.09,4,1.94,15.0
ara2_29660d32,2026-01-10T20:45:00.000000,4.01,20,2.9,120.0
ara2_29660d32,2026-01-10T21:00:00.000000,3.92,21,2.87,105.0
ara2_29660d32,2026-01-10T21:15:00.000000,3.73,21,2.87,90.0
ara2_29660d32,2026-01-10T21:30:00.000000,3.62,21,2.69,75.0
ara2_29660d32,2026-01-10T21:45:00.000000,3.55,21,2.54,60.0
ara2_29660d32,2026-01-10T22:00:00.000000,3.44,22,2.41,45.0
ara2_29660d32,2026-01-10T22:15:00.000000,3.25,22,2.29,30.0
ara2_29660d32,2026-01-10T22:30:00.000000,3.02,22,2.15,15.0
ara2_29660d32,2026-01-11T23:15:00.000000,3.37,23,2.59,90.0
ara2_29660d32,2026-01-11T23:30:00.000000,3.14,23,2.55,75.0
ara2_29660d32,2026-01-11T23:45:00.000000,3.24,23,2.55,60.0
ara2_29660d32,2026-01-12T00:00:00.000000,3.34,0,2.55,45.0
ara2_29660d32,2026-01-12T00:15:00.000000,3.14,0,2.45,30.0
ara2_29660d32,2026-01-12T00:30:00.000000,3.05,0,2.3,15.0
ara2_29660d32,2026-01-12T23:45:00.000000,4.01,23,2.82,120.0
ara2_29660d32,2026-01-13T00:00:00.000000,3.33,0,2.82,105.0
ara2_29660d32,2026-01-13T00:15:00.000000,3.45,0,2.82,90.0
ara2_29660d32,2026-01-13T00:30:00.000000,3.44,0,2.82,75.0
ara2_29660d32,2026-01-13T00:45:00.000000,3.17,0,2.82,60.0
ara2_29660d32,2026-01-13T01:00:00.000000,3.34,1,2.82,45.0
ara2_29660d32,2026-01-13T01:15:00.000000,3.25,1,2.82,30.0
ara2_29660d32,2026-01-13T01:30:00.000000,3.23,1,2.82,15.0
ara2_29660d32,2026-01-13T16:00:00.000000,11.2,16,1.36,120.0
ara2_29660d32,2026-01-13T16:15:00.000000,11.63,16,1.36,105.0
ara2_29660d32,2026-01-13T16:30:00.000000,11.51,16,1.36,90.0
ara2_29660d32,2026-01-13T16:45:00.000000,10.94,16,1.36,75.0
ara2_29660d32,2026-01-13T17:00:00.000000,11.13,17,1.36,60.0
ara2_29660d32,2026-01-13T17:15:00.000000,11.16,17,1.36,45.0
ara2_29660d32,2026-01-13T17:30:00.000000,11.08,17,1.36,30.0
ara2_29660d32,2026-01-13T17:45:00.000000,11.28,17,1.36,15.0
ara2_29660d32,2026-01-15T01:15:00.000000,3.88,1,2.61,120.0
ara2_29660d32,2026-01-15T01:30:00.000000,3.42,1,2.44,105.0
ara2_29660d32,2026-01-15T01:45:00.000000,3.77,1,1.41,90.0
ara2_29660d32,2026-01-15T02:00:00.000000,3.43,2,1.41,75.0
ara2_29660d32,2026-01-15T02:15:00.000000,3.56,2,1.41,60.0
ara2_29660d32,2026-01-15T02:30:00.000000,3.44,2,1.41,45.0
ara2_29660d32,2026-01-15T02:45:00.000000,3.22,2,1.37,30.0
ara2_29660d32,2026-01-15T03:00:00.000000,3.44,3,1.37,15.0
ara2_29660d32,2026-01-15T20:15:00.000000,4.38,20,2.97,120.0
ara2_29660d32,2026-01-15T20:30:00.000000,4.34,20,2.97,105.0
ara2_29660d32,2026-01-15T20:45:00.000000,3.92,20,2.8,90.0
ara2_29660d32,2026-01-15T21:00:00.000000,3.46,21,2.58,75.0
ara2_29660d32,2026-01-15T21:15:00.000000,3.56,21,2.45,60.0
ara2_29660d32,2026-01-15T21:30:00.000000,3.21,21,2.4,45.0
ara2_29660d32,2026-01-15T21:45:00.000000,3.58,21,2.4,30.0
ara2_29660d32,2026-01-15T22:00:00.000000,3.45,22,2.4,15.0
ara2_29660d32,2026-01-15T22:30:00.000000,3.05,22,2.27,15.0
ara2_29660d32,2026-01-17T17:30:00.000000,9.41,17,2.67,120.0
ara2_29660d32,2026-01-17T17:45:00.000000,8.99,17,2.53,105.0
ara2_29660d32,2026-01-17T18:00:00.000000,9.21,18,1.79,90.0
ara2_29660d32,2026-01-17T18:15:00.000000,8.59,18,0.73,75.0
ara2_29660d32,2026-01-17T18:30:00.000000,4.73,18,0.56,60.0
ara2_29660d32,2026-01-17T18:45:00.000000,4.04,18,0.42,45.0
ara2_29660d32,2026-01-17T19:00:00.000000,4.42,19,0.42,30.0
ara2_29660d32,2026-01-17T19:15:00.000000,5.02,19,0.38,15.0
ara2_29660d32,2026-01-19T02:15:00.000000,3.62,2,2.84,120.0
ara2_29660d32,2026-01-19T02:30:00.000000,3.47,2,2.33,105.0
ara2_29660d32,2026-01-19T02:45:00.000000,4.0,2,2.26,90.0
ara2_29660d32,2026-01-19T03:00:00.000000,3.7,3,1.94,75.0
ara2_29660d32,2026-01-19T03:15:00.000000,3.55,3,1.74,60.0
ara2_29660d32,2026-01-19T03:30:00.000000,3.42,3,1.6,45.0
ara2_29660d32,2026-01-19T03:45:00.000000,3.24,3,1.59,30.0
ara2_29660d32,2026-01-19T04:00:00.000000,3.15,4,1.46,15.0
ara2_29660d32,2026-01-19T09:15:00.000000,3.04,9,2.84,15.0
ara2_29660d32,2026-01-21T01:00:00.000000,3.83,1,2.69,120.0
ara2_29660d32,2026-01-21T01:15:00.000000,3.73,1,2.43,105.0
ara2_29660d32,2026-01-21T01:30:00.000000,3.57,1,2.42,90.0
ara2_29660d32,2026-01-21T01:45:00.000000,3.44,1,2.3,75.0
ara2_29660d32,2026-01-21T02:00:00.000000,3.34,2,2.12,60.0
ara2_29660d32,2026-01-21T02:15:00.000000,3.5,2,1.99,45.0
ara2_29660d32,2026-01-21T02:30:00.000000,3.38,2,1.73,30.0
ara2_29660d32,2026-01-21T02:45:00.000000,3.01,2,1.73,15.0
ara2_29660d32,2026-01-22T01:15:00.000000,3.85,1,2.83,120.0
ara2_29660d32,2026-01-22T01:30:00.000000,3.8,1,2.7,105.0
ara2_29660d32,2026-01-22T01:45:00.000000,3.65,1,2.52,90.0
ara2_29660d32,2026-01-22T02:00:00.000000,3.41,2,2.35,75.0
ara2_29660d32,2026-01-22T02:15:00.000000,3.51,2,2.28,60.0
ara2_29660d32,2026-01-22T02:30:00.000000,3.5,2,1.95,45.0
ara2_29660d32,2026-01-22T02:45:00.000000,3.37,2,1.93,30.0
ara2_29660d32,2026-01-22T03:00:00.000000,3.16,3,1.63,15.0
ara2_29660d32,2026-01-23T01:45:00.000000,3.03,1,1.76,15.0
ara2_29660d32,2026-01-24T01:30:00.000000,3.83,1,2.48,90.0
ara2_29660d32,2026-01-24T01:45:00.000000,3.76,1,2.41,75.0
ara2_29660d32,2026-01-24T02:00:00.000000,3.68,2,2.07,60.0
ara2_29660d32,2026-01-24T02:15:00.000000,3.54,2,1.93,45.0
ara2_29660d32,2026-01-24T02:30:00.000000,3.54,2,1.83,30.0
ara2_29660d32,2026-01-24T02:45:00.000000,3.21,2,1.83,15.0
ara2_29660d32,2026-01-25T01:30:00.000000,4.19,1,2.94,120.0
ara2_29660d32,2026-01-25T01:45:00.000000,3.98,1,2.69,105.0
ara2_29660d32,2026-01-25T02:00:00.000000,3.89,2,2.48,90.0
ara2_29660d32,2026-01-25T02:15:00.000000,3.48,2,2.13,75.0
ara2_29660d32,2026-01-25T02:30:00.000000,3.41,2,1.66,60.0
ara2_29660d32,2026-01-25T02:45:00.000000,3.5,2,1.63,45.0
ara2_29660d32,2026-01-25T03:00:00.000000,3.32,3,1.62,30.0
ara2_29660d32,2026-01-25T03:15:00.000000,3.15,3,1.62,15.0
ara2_29660d32,2026-01-26T02:30:00.000000,4.01,2,2.82,120.0
ara2_29660d32,2026-01-26T02:45:00.000000,3.84,2,2.37,105.0
ara2_29660d32,2026-01-26T03:00:00.000000,3.72,3,1.93,90.0
ara2_29660d32,2026-01-26T03:15:00.000000,3.58,3,1.93,75.0
ara2_29660d32,2026-01-26T03:30:00.000000,3.49,3,1.85,60.0
ara2_29660d32,2026-01-26T03:45:00.000000,3.4,3,1.83,45.0
ara2_29660d32,2026-01-26T04:00:00.000000,3.23,4,1.83,30.0
ara2_29660d32,2026-01-26T04:15:00.000000,3.04,4,1.66,15.0
ara2_29660d32,2026-01-26T23:45:00.000000,3.89,23,2.96,120.0
ara2_29660d32,2026-01-27T00:00:00.000000,3.7,0,2.96,105.0
ara2_29660d32,2026-01-27T00:15:00.000000,3.63,0,2.96,90.0
ara2_29660d32,2026-01-27T00:30:00.000000,3.41,0,2.82,75.0
ara2_29660d32,2026-01-27T00:45:00.000000,3.47,0,2.82,60.0
ara2_29660d32,2026-01-27T01:00:00.000000,3.38,1,2.82,45.0
ara2_29660d32,2026-01-27T01:15:00.000000,3.28,1,2.82,30.0
ara2_29660d32,2026-01-27T01:30:00.000000,3.06,1,2.82,15.0
ara2_29660d32,2026-01-27T02:00:00.000000,3.1,2,2.82,30.0
ara2_29660d32,2026-01-27T02:15:00.000000,3.03,2,2.82,15.0
ara2_29660d32,2026-01-27T02:45:00.000000,3.54,2,2.93,60.0
ara2_29660d32,2026-01-27T03:00:00.000000,3.32,3,2.93,45.0
ara2_29660d32,2026-01-27T03:15:00.000000,3.35,3,2.79,30.0
ara2_29660d32,2026-01-27T03:30:00.000000,3.08,3,2.56,15.0
ara2_29660d32,2026-01-27T04:15:00.000000,3.36,4,2.44,60.0
ara2_29660d32,2026-01-27T04:30:00.000000,3.15,4,2.44,45.0
ara2_29660d32,2026-01-27T04:45:00.000000,3.32,4,2.44,30.0
ara2_29660d32,2026-01-27T05:00:00.000000,3.18,5,2.44,15.0
ara2_29660d32,2026-01-28T03:45:00.000000,3.74,3,2.95,120.0
ara2_29660d32,2026-01-28T04:00:00.000000,3.62,4,2.86,105.0
ara2_29660d32,2026-01-28T04:15:00.000000,3.44,4,2.62,90.0
ara2_29660d32,2026-01-28T04:30:00.000000,3.16,4,2.5,75.0
ara2_29660d32,2026-01-28T04:45:00.000000,3.04,4,2.39,60.0
ara2_29660d32,2026-01-28T05:00:00.000000,3.02,5,2.28,45.0
ara2_29660d32,2026-01-28T05:15:00.000000,3.0,5,2.03,30.0
ara2_29660d32,2026-01-28T05:30:00.000000,3.04,5,2.03,15.0
ara2_29660d32,2026-01-29T03:15:00.000000,4.43,3,2.95,120.0
ara2_29660d32,2026-01-29T03:30:00.000000,4.26,3,2.95,105.0
ara2_29660d32,2026-01-29T03:45:00.000000,3.85,3,2.95,90.0
ara2_29660d32,2026-01-29T04:00:00.000000,3.9,4,2.79,75.0
ara2_29660d32,2026-01-29T04:15:00.000000,3.73,4,2.79,60.0
ara2_29660d32,2026-01-29T04:30:00.000000,3.67,4,2.79,45.0
ara2_29660d32,2026-01-29T04:45:00.000000,3.71,4,2.79,30.0
ara2_29660d32,2026-01-29T05:00:00.000000,3.36,5,2.79,15.0
ara2_29660d32,2026-01-29T05:30:00.000000,3.17,5,2.79,30.0
ara2_29660d32,2026-01-29T05:45:00.000000,3.0,5,2.79,15.0
ara2_29660d32,2026-01-30T02:00:00.000000,4.1,2,2.89,120.0
ara2_29660d32,2026-01-30T02:15:00.000000,4.11,2,2.82,105.0
ara2_29660d32,2026-01-30T02:30:00.000000,3.86,2,2.53,90.0
ara2_29660d32,2026-01-30T02:45:00.000000,3.75,2,2.33,75.0
ara2_29660d32,2026-01-30T03:00:00.000000,3.53,3,2.18,60.0
ara2_29660d32,2026-01-30T03:15:00.000000,3.37,3,2.18,45.0
ara2_29660d32,2026-01-30T03:30:00.000000,3.17,3,2.18,30.0
ara2_29660d32,2026-01-30T03:45:00.000000,3.07,3,2.18,15.0
ara2_3b2f3973,2025-11-30T07:15:00.000000,4.05,7,2.2,75.0
ara2_3b2f3973,2025-11-30T07:30:00.000000,3.78,7,2.02,60.0
ara2_3b2f3973,2025-11-30T07:45:00.000000,3.52,7,1.85,45.0
ara2_3b2f3973,2025-11-30T08:00:00.000000,3.28,8,1.68,30.0
ara2_3b2f3973,2025-11-30T08:15:00.000000,3.05,8,1.52,15.0
ara2_3b2f3973,2025-11-30T17:00:01.000000,3.15,17,2.92,120.0
ara2_3b2f3973,2025-11-30T17:15:01.000000,3.14,17,2.92,105.0
ara2_3b2f3973,2025-11-30T17:30:01.000000,3.05,17,2.92,90.0
ara2_3b2f3973,2025-11-30T17:45:01.000000,3.32,17,2.92,75.0
ara2_3b2f3973,2025-11-30T18:00:01.000000,3.13,18,2.92,60.0
ara2_3b2f3973,2025-11-30T18:15:01.000000,3.01,18,2.92,45.0
ara2_3b2f3973,2025-11-30T18:30:01.000000,3.1,18,2.92,30.0
ara2_3b2f3973,2025-11-30T18:45:01.000000,3.42,18,2.92,15.0
ara2_3b2f3973,2025-11-30T19:15:01.000000,3.24,19,2.96,15.0
ara2_3b2f3973,2025-11-30T21:15:01.000000,3.72,21,2.93,120.0
ara2_3b2f3973,2025-11-30T21:30:01.000000,3.47,21,2.93,105.0
ara2_3b2f3973,2025-11-30T21:45:01.000000,3.49,21,2.74,90.0
ara2_3b2f3973,2025-11-30T22:00:01.000000,3.41,22,2.6,75.0
ara2_3b2f3973,2025-11-30T22:15:01.000000,3.34,22,2.47,60.0
ara2_3b2f3973,2025-11-30T22:30:00.000000,3.28,22,2.34,45.0
ara2_3b2f3973,2025-11-30T22:45:00.000000,3.26,22,2.33,30.0
ara2_3b2f3973,2025-11-30T23:00:00.000000,3.08,23,2.22,15.0
ara2_3b2f3973,2025-12-01T23:15:01.000000,3.74,23,2.92,120.0
ara2_3b2f3973,2025-12-01T23:30:01.000000,3.64,23,2.74,105.0
ara2_3b2f3973,2025-12-01T23:45:01.000000,3.61,23,2.74,90.0
ara2_3b2f3973,2025-12-02T00:00:01.000000,3.47,0,2.67,75.0
ara2_3b2f3973,2025-12-02T00:15:01.000000,3.38,0,2.53,60.0
ara2_3b2f3973,2025-12-02T00:30:01.000000,3.27,0,2.43,45.0
ara2_3b2f3973,2025-12-02T00:45:00.000000,3.2,0,2.43,30.0
ara2_3b2f3973,2025-12-02T01:00:01.000000,3.02,1,2.32,15.0
ara2_3b2f3973,2025-12-02T21:45:01.000000,3.8,21,2.97,120.0
ara2_3b2f3973,2025-12-02T22:00:01.000000,3.66,22,2.83,105.0
ara2_3b2f3973,2025-12-02T22:15:01.000000,3.64,22,2.79,90.0
ara2_3b2f3973,2025-12-02T22:30:01.000000,3.51,22,2.72,75.0
ara2_3b2f3973,2025-12-02T22:45:01.000000,3.48,22,2.72,60.0
ara2_3b2f3973,2025-12-02T23:00:01.000000,3.18,23,2.72,45.0
ara2_3b2f3973,2025-12-02T23:15:01.000000,3.19,23,2.72,30.0
ara2_3b2f3973,2025-12-02T23:30:01.000000,3.04,23,2.72,15.0
ara2_3b2f3973,2025-12-03T19:47:07.000000,5.18,19,2.98,120.0
ara2_3b2f3973,2025-12-03T20:02:07.000000,4.84,20,2.61,105.0
ara2_3b2f3973,2025-12-03T20:17:07.000000,4.56,20,2.61,90.0
ara2_3b2f3973,2025-12-03T20:32:07.000000,4.1,20,2.3,75.0
ara2_3b2f3973,2025-12-03T20:47:07.000000,3.87,20,2.02,60.0
ara2_3b2f3973,2025-12-03T21:02:07.000000,3.84,21,1.88,45.0
ara2_3b2f3973,2025-12-03T21:17:07.000000,3.34,21,1.88,30.0
ara2_3b2f3973,2025-12-03T21:32:07.000000,3.41,21,1.88,15.0
ara2_3b2f3973,2025-12-05T00:32:07.000000,4.58,0,2.96,120.0
ara2_3b2f3973,2025-12-05T00:47:07.000000,4.22,0,2.96,105.0
ara2_3b2f3973,2025-12-05T01:02:07.000000,4.01,1,2.93,90.0
ara2_3b2f3973,2025-12-05T01:17:07.000000,4.05,1,2.6,75.0
ara2_3b2f3973,2025-12-05T01:32:07.000000,3.63,1,2.6,60.0
ara2_3b2f3973,2025-12-05T01:47:07.000000,3.55,1,2.6,45.0
ara2_3b2f3973,2025-12-05T02:02:07.000000,3.39,2,2.6,30.0
ara2_3b2f3973,2025-12-05T02:17:07.000000,3.12,2,2.6,15.0
ara2_3b2f3973,2025-12-06T02:47:07.000000,3.75,2,2.73,120.0
ara2_3b2f3973,2025-12-06T03:02:07.000000,3.72,3,2.73,105.0
ara2_3b2f3973,2025-12-06T03:17:07.000000,3.46,3,2.73,90.0
ara2_3b2f3973,2025-12-06T03:32:07.000000,3.39,3,2.03,75.0
ara2_3b2f3973,2025-12-06T03:47:07.000000,3.35,3,2.03,60.0
ara2_3b2f3973,2025-12-06T04:02:07.000000,3.26,4,2.03,45.0
ara2_3b2f3973,2025-12-06T04:17:07.000000,3.19,4,2.03,30.0
ara2_3b2f3973,2025-12-06T04:32:07.000000,3.14,4,2.03,15.0
ara2_3b2f3973,2025-12-07T04:17:07.000000,3.64,4,2.87,120.0
ara2_3b2f3973,2025-12-07T04:32:08.000000,3.59,4,2.75,105.0
ara2_3b2f3973,2025-12-07T04:47:08.000000,3.53,4,2.58,90.0
ara2_3b2f3973,2025-12-07T05:02:07.000000,3.37,5,2.4,75.0
ara2_3b2f3973,2025-12-07T05:17:07.000000,3.37,5,2.4,60.0
ara2_3b2f3973,2025-12-07T05:32:07.000000,3.23,5,2.4,45.0
ara2_3b2f3973,2025-12-07T05:47:07.000000,3.07,5,2.4,30.0
ara2_3b2f3973,2025-12-07T06:02:07.000000,3.04,6,2.4,15.0
ara2_3b2f3973,2025-12-09T03:02:08.000000,3.96,3,2.93,120.0
ara2_3b2f3973,2025-12-09T03:17:08.000000,3.81,3,2.93,105.0
ara2_3b2f3973,2025-12-09T03:32:08.000000,3.63,3,2.9,90.0
ara2_3b2f3973,2025-12-09T03:47:08.000000,3.63,3,2.79,75.0
ara2_3b2f3973,2025-12-09T04:02:08.000000,3.38,4,2.73,60.0
ara2_3b2f3973,2025-12-09T04:17:08.000000,3.19,4,2.45,45.0
ara2_3b2f3973,2025-12-09T04:32:08.000000,3.42,4,2.45,30.0
ara2_3b2f3973,2025-12-09T04:47:08.000000,3.24,4,2.42,15.0
ara2_3b2f3973,2025-12-09T23:32:08.000000,6.02,23,1.69,120.0
ara2_3b2f3973,2025-12-09T23:47:08.000000,5.72,23,1.69,105.0
ara2_3b2f3973,2025-12-10T00:02:08.000000,5.7,0,1.69,90.0
ara2_3b2f3973,2025-12-10T00:17:08.000000,5.36,0,1.69,75.0
ara2_3b2f3973,2025-12-10T00:32:08.000000,5.45,0,1.69,60.0
ara2_3b2f3973,2025-12-10T00:47:08.000000,5.26,0,1.69,45.0
ara2_3b2f3973,2025-12-10T01:02:08.000000,5.2,1,1.69,30.0
ara2_3b2f3973,2025-12-10T01:17:08.000000,5.32,1,1.69,15.0
ara2_3b2f3973,2025-12-10T04:32:08.000000,3.86,4,2.99,120.0
ara2_3b2f3973,2025-12-10T04:47:08.000000,3.74,4,2.72,105.0
ara2_3b2f3973,2025-12-10T05:02:08.000000,3.8,5,2.72,90.0
ara2_3b2f3973,2025-12-10T05:17:08.000000,3.56,5,2.72,75.0
ara2_3b2f3973,2025-12-10T05:32:08.000000,3.51,5,2.72,60.0
ara2_3b2f3973,2025-12-10T05:47:08.000000,3.39,5,2.72,45.0
ara2_3b2f3973,2025-12-10T06:02:08.000000,3.1,6,2.72,30.0
ara2_3b2f3973,2025-12-10T06:17:08.000000,3.12,6,2.72,15.0
ara2_3b2f3973,2025-12-11T04:47:08.000000,3.79,4,2.97,120.0
ara2_3b2f3973,2025-12-11T05:02:08.000000,3.66,5,2.9,105.0
ara2_3b2f3973,2025-12-11T05:17:08.000000,3.67,5,2.89,90.0
ara2_3b2f3973,2025-12-11T05:32:08.000000,3.57,5,2.89,75.0
ara2_3b2f3973,2025-12-11T05:47:08.000000,3.4,5,2.89,60.0
ara2_3b2f3973,2025-12-11T06:02:08.000000,3.36,6,2.89,45.0
ara2_3b2f3973,2025-12-11T06:17:08.000000,3.25,6,2.89,30.0
ara2_3b2f3973,2025-12-11T06:32:08.000000,3.01,6,2.66,15.0
ara2_3b2f3973,2025-12-11T07:32:08.000000,3.26,7,2.66,60.0
ara2_3b2f3973,2025-12-11T07:47:08.000000,3.05,7,2.66,45.0
ara2_3b2f3973,2025-12-11T08:02:08.000000,3.19,8,2.66,30.0
ara2_3b2f3973,2025-12-11T08:17:08.000000,3.39,8,2.66,15.0
ara2_3b2f3973,2025-12-12T04:02:08.000000,4.0,4,2.85,120.0
ara2_3b2f3973,2025-12-12T04:17:08.000000,3.75,4,2.76,105.0
ara2_3b2f3973,2025-12-12T04:32:08.000000,3.73,4,2.7,90.0
ara2_3b2f3973,2025-12-12T04:47:08.000000,3.56,4,2.66,75.0
ara2_3b2f3973,2025-12-12T05:02:08.000000,3.42,5,2.51,60.0
ara2_3b2f3973,2025-12-12T05:17:08.000000,3.25,5,2.4,45.0
ara2_3b2f3973,2025-12-12T05:32:08.000000,3.09,5,2.4,30.0
ara2_3b2f3973,2025-12-12T05:47:08.000000,3.02,5,2.4,15.0
ara2_3b2f3973,2025-12-12T20:47:08.000000,8.1,20,2.58,120.0
ara2_3b2f3973,2025-12-12T21:02:08.000000,8.11,21,2.58,105.0
ara2_3b2f3973,2025-12-12T21:17:08.000000,8.12,21,2.58,90.0
ara2_3b2f3973,2025-12-12T21:32:08.000000,7.9,21,2.58,75.0
ara2_3b2f3973,2025-12-12T21:47:08.000000,7.8,21,2.58,60.0
ara2_3b2f3973,2025-12-12T22:02:08.000000,7.61,22,2.58,45.0
ara2_3b2f3973,2025-12-12T22:17:08.000000,3.55,22,2.58,30.0
ara2_3b2f3973,2025-12-12T22:32:08.000000,5.12,22,2.58,15.0
ara2_3b2f3973,2025-12-13T02:47:08.000000,4.55,2,1.16,120.0
ara2_3b2f3973,2025-12-13T03:02:08.000000,4.61,3,1.16,105.0
ara2_3b2f3973,2025-12-13T03:17:08.000000,4.16,3,1.16,90.0
ara2_3b2f3973,2025-12-13T03:32:08.000000,4.17,3,1.16,75.0
ara2_3b2f3973,2025-12-13T03:47:08.000000,4.23,3,1.16,60.0
ara2_3b2f3973,2025-12-13T04:02:08.000000,4.05,4,1.16,45.0
ara2_3b2f3973,2025-12-13T04:17:08.000000,3.87,4,1.16,30.0
ara2_3b2f3973,2025-12-13T04:32:08.000000,3.63,4,1.16,15.0
ara2_3b2f3973,2025-12-13T05:02:08.000000,3.48,5,2.51,75.0
ara2_3b2f3973,2025-12-13T05:17:08.000000,3.41,5,2.51,60.0
ara2_3b2f3973,2025-12-13T05:32:08.000000,3.41,5,2.51,45.0
ara2_3b2f3973,2025-12-13T05:47:08.000000,3.28,5,2.51,30.0
ara2_3b2f3973,2025-12-13T06:02:08.000000,3.09,6,2.4,15.0
ara2_3b2f3973,2025-12-13T22:02:08.000000,4.76,22,2.62,120.0
ara2_3b2f3973,2025-12-13T22:17:08.000000,7.68,22,2.62,105.0
ara2_3b2f3973,2025-12-13T22:32:08.000000,7.52,22,2.62,90.0
ara2_3b2f3973,2025-12-13T22:47:08.000000,7.26,22,2.62,75.0
ara2_3b2f3973,2025-12-13T23:02:08.000000,7.04,23,2.62,60.0
ara2_3b2f3973,2025-12-13T23:17:08.000000,6.51,23,2.62,45.0
ara2_3b2f3973,2025-12-13T23:32:08.000000,6.18,23,2.62,30.0
ara2_3b2f3973,2025-12-13T23:47:08.000000,6.2,23,2.62,15.0
ara2_3b2f3973,2025-12-14T02:17:08.000000,3.38,2,1.68,120.0
ara2_3b2f3973,2025-12-14T02:32:08.000000,4.34,2,1.68,105.0
ara2_3b2f3973,2025-12-14T02:47:08.000000,4.34,2,1.68,90.0
ara2_3b2f3973,2025-12-14T03:02:08.000000,4.25,3,1.68,75.0
ara2_3b2f3973,2025-12-14T03:17:08.000000,4.06,3,1.68,60.0
ara2_3b2f3973,2025-12-14T03:32:08.000000,3.94,3,1.68,45.0
ara2_3b2f3973,2025-12-14T03:47:08.000000,3.53,3,1.68,30.0
ara2_3b2f3973,2025-12-14T04:02:08.000000,3.47,4,1.68,15.0
ara2_3b2f3973,2025-12-14T04:32:08.000000,3.16,4,2.38,30.0
ara2_3b2f3973,2025-12-14T04:47:08.000000,3.11,4,2.37,15.0
ara2_3b2f3973,2025-12-14T05:17:08.000000,3.07,5,1.5,15.0
ara2_3b2f3973,2025-12-14T23:15:00.000000,5.95,23,2.2,75.0
ara2_3b2f3973,2025-12-14T23:30:00.000000,5.67,23,2.2,60.0
ara2_3b2f3973,2025-12-14T23:45:00.000000,5.85,23,2.2,45.0
ara2_3b2f3973,2025-12-15T00:00:00.000000,5.08,0,2.2,30.0
ara2_3b2f3973,2025-12-15T00:15:00.000000,5.68,0,2.2,15.0
ara2_3b2f3973,2025-12-15T05:00:00.000000,4.03,5,2.95,120.0
ara2_3b2f3973,2025-12-15T05:15:00.000000,3.86,5,2.86,105.0
ara2_3b2f3973,2025-12-15T05:30:00.000000,3.6,5,2.75,90.0
ara2_3b2f3973,2025-12-15T05:45:00.000000,3.38,5,2.61,75.0
ara2_3b2f3973,2025-12-15T06:00:00.000000,3.48,6,2.61,60.0
ara2_3b2f3973,2025-12-15T06:15:00.000000,3.24,6,2.61,45.0
ara2_3b2f3973,2025-12-15T06:30:00.000000,3.15,6,2.61,30.0
ara2_3b2f3973,2025-12-15T06:45:00.000000,3.09,6,2.61,15.0
ara2_3b2f3973,2025-12-16T01:30:00.000000,3.89,1,2.95,120.0
ara2_3b2f3973,2025-12-16T01:45:00.000000,3.85,1,2.8,105.0
ara2_3b2f3973,2025-12-16T02:00:00.000000,3.64,2,2.71,90.0
ara2_3b2f3973,2025-12-16T02:15:00.000000,3.57,2,2.63,75.0
ara2_3b2f3973,2025-12-16T02:30:00.000000,3.52,2,2.61,60.0
ara2_3b2f3973,2025-12-16T02:45:00.000000,3.3,2,2.54,45.0
ara2_3b2f3973,2025-12-16T03:00:00.000000,3.14,3,2.46,30.0
ara2_3b2f3973,2025-12-16T03:15:00.000000,3.15,3,2.37,15.0
ara2_3b2f3973,2025-12-16T21:45:00.000000,5.67,21,2.78,120.0
ara2_3b2f3973,2025-12-16T22:00:00.000000,5.55,22,2.78,105.0
ara2_3b2f3973,2025-12-16T22:15:00.000000,5.31,22,2.78,90.0
ara2_3b2f3973,2025-12-16T22:30:00.000000,4.62,22,2.78,75.0
ara2_3b2f3973,2025-12-16T22:45:00.000000,4.8,22,2.69,60.0
ara2_3b2f3973,2025-12-16T23:00:00.000000,4.32,23,2.69,45.0
ara2_3b2f3973,2025-12-16T23:15:00.000000,4.44,23,2.69,30.0
ara2_3b2f3973,2025-12-16T23:30:00.000000,3.58,23,2.69,15.0
ara2_3b2f3973,2025-12-17T00:00:00.000000,3.38,0,2.69,45.0
ara2_3b2f3973,2025-12-17T00:15:00.000000,3.22,0,2.69,30.0
ara2_3b2f3973,2025-12-17T00:30:00.000000,3.22,0,2.69,15.0
ara2_3b2f3973,2025-12-17T01:00:00.000000,3.92,1,2.79,105.0
ara2_3b2f3973,2025-12-17T01:15:00.000000,3.81,1,2.77,90.0
ara2_3b2f3973,2025-12-17T01:30:00.000000,3.64,1,2.46,75.0
ara2_3b2f3973,2025-12-17T01:45:00.000000,3.5,1,2.46,60.0
ara2_3b2f3973,2025-12-17T02:00:00.000000,3.26,2,2.33,45.0
ara2_3b2f3973,2025-12-17T02:15:00.000000,3.21,2,2.22,30.0
ara2_3b2f3973,2025-12-17T02:30:00.000000,3.02,2,2.0,15.0
ara2_3b2f3973,2025-12-18T11:15:00.000000,4.19,11,1.03,120.0
ara2_3b2f3973,2025-12-18T11:30:00.000000,4.54,11,1.03,105.0
ara2_3b2f3973,2025-12-18T11:45:00.000000,5.03,11,1.03,90.0
ara2_3b2f3973,2025-12-18T12:00:00.000000,5.18,12,1.03,75.0
ara2_3b2f3973,2025-12-18T12:15:00.000000,5.07,12,1.03,60.0
ara2_3b2f3973,2025-12-18T12:30:00.000000,6.09,12,1.03,45.0
ara2_3b2f3973,2025-12-18T12:45:00.000000,6.2,12,1.03,30.0
ara2_3b2f3973,2025-12-18T13:00:00.000000,6.56,13,1.03,15.0
ara2_3b2f3973,2025-12-19T09:45:00.000000,7.86,9,2.93,15.0
ara2_3b2f3973,2025-12-19T22:45:00.000000,4.64,22,2.92,120.0
ara2_3b2f3973,2025-12-19T23:00:00.000000,4.6,23,2.67,105.0
ara2_3b2f3973,2025-12-19T23:15:00.000000,4.39,23,2.47,90.0
ara2_3b2f3973,2025-12-19T23:30:00.000000,4.34,23,2.29,75.0
ara2_3b2f3973,2025-12-19T23:45:00.000000,4.04,23,2.29,60.0
ara2_3b2f3973,2025-12-20T00:00:00.000000,3.65,0,2.19,45.0
ara2_3b2f3973,2025-12-20T00:15:00.000000,3.24,0,1.91,30.0
ara2_3b2f3973,2025-12-20T00:30:00.000000,3.05,0,1.79,15.0
ara2_3b2f3973,2026-01-09T00:45:00.000000,3.57,0,2.95,120.0
ara2_3b2f3973,2026-01-09T01:00:00.000000,3.49,1,2.72,105.0
ara2_3b2f3973,2026-01-09T01:15:00.000000,3.53,1,2.72,90.0
ara2_3b2f3973,2026-01-09T01:30:00.000000,3.49,1,2.5,75.0
ara2_3b2f3973,2026-01-09T01:45:00.000000,3.35,1,2.44,60.0
ara2_3b2f3973,2026-01-09T02:00:00.000000,3.29,2,2.44,45.0
ara2_3b2f3973,2026-01-09T02:15:00.000000,3.17,2,2.44,30.0
ara2_3b2f3973,2026-01-09T02:30:00.000000,3.09,2,2.44,15.0
ara2_3b2f3973,2026-01-09T21:15:00.000000,3.7,21,2.82,120.0
ara2_3b2f3973,2026-01-09T21:30:00.000000,3.47,21,2.82,105.0
ara2_3b2f3973,2026-01-09T21:45:00.000000,3.25,21,2.82,90.0
ara2_3b2f3973,2026-01-09T22:00:00.000000,3.25,22,2.78,75.0
ara2_3b2f3973,2026-01-09T22:15:00.000000,3.14,22,2.71,60.0
ara2_3b2f3973,2026-01-09T22:30:00.000000,3.1,22,2.71,45.0
ara2_3b2f3973,2026-01-09T22:45:00.000000,3.09,22,2.71,30.0
ara2_3b2f3973,2026-01-09T23:00:00.000000,3.01,23,2.71,15.0
ara2_3b2f3973,2026-01-10T01:00:00.000000,3.04,1,2.58,30.0
ara2_3b2f3973,2026-01-10T01:15:00.000000,3.02,1,2.58,15.0
ara2_3b2f3973,2026-01-10T21:00:00.000000,3.73,21,2.88,120.0
ara2_3b2f3973,2026-01-10T21:15:00.000000,3.67,21,2.88,105.0
ara2_3b2f3973,2026-01-10T21:30:00.000000,3.52,21,2.76,90.0
ara2_3b2f3973,2026-01-10T21:45:00.000000,3.55,21,2.76,75.0
ara2_3b2f3973,2026-01-10T22:00:00.000000,3.39,22,2.72,60.0
ara2_3b2f3973,2026-01-10T22:15:00.000000,3.18,22,2.71,45.0
ara2_3b2f3973,2026-01-10T22:30:00.000000,3.09,22,2.69,30.0
ara2_3b2f3973,2026-01-10T22:45:00.000000,3.08,22,2.57,15.0
ara2_3b2f3973,2026-01-11T17:15:00.000000,6.23,17,2.37,120.0
ara2_3b2f3973,2026-01-11T17:30:00.000000,5.81,17,2.37,105.0
ara2_3b2f3973,2026-01-11T17:45:00.000000,5.62,17,2.37,90.0
ara2_3b2f3973,2026-01-11T18:00:00.000000,5.31,18,2.37,75.0
ara2_3b2f3973,2026-01-11T18:15:00.000000,5.13,18,2.37,60.0
ara2_3b2f3973,2026-01-11T18:30:00.000000,5.03,18,2.37,45.0
ara2_3b2f3973,2026-01-11T18:45:00.000000,4.84,18,2.37,30.0
ara2_3b2f3973,2026-01-11T19:00:00.000000,6.26,19,2.37,15.0
ara2_3b2f3973,2026-01-12T02:00:00.000000,3.64,2,2.94,120.0
ara2_3b2f3973,2026-01-12T02:15:00.000000,3.48,2,2.94,105.0
ara2_3b2f3973,2026-01-12T02:30:00.000000,3.47,2,2.82,90.0
ara2_3b2f3973,2026-01-12T02:45:00.000000,3.31,2,2.67,75.0
ara2_3b2f3973,2026-01-12T03:00:00.000000,3.09,3,2.6,60.0
ara2_3b2f3973,2026-01-12T03:15:00.000000,3.14,3,2.56,45.0
ara2_3b2f3973,2026-01-12T03:30:00.000000,3.13,3,2.37,30.0
ara2_3b2f3973,2026-01-12T03:45:00.000000,3.09,3,2.3,15.0
ara2_3eab831e,2025-12-07T02:00:05.000000,4.71,2,2.76,120.0
ara2_3eab831e,2025-12-07T02:15:05.000000,4.32,2,2.36,105.0
ara2_3eab831e,2025-12-07T02:30:05.000000,4.16,2,2.09,90.0
ara2_3eab831e,2025-12-07T02:45:05.000000,3.88,2,2.0,75.0
ara2_3eab831e,2025-12-07T03:00:05.000000,3.62,3,1.72,60.0
ara2_3eab831e,2025-12-07T03:15:05.000000,3.59,3,1.72,45.0
ara2_3eab831e,2025-12-07T03:30:05.000000,3.33,3,1.54,30.0
ara2_3eab831e,2025-12-07T03:45:05.000000,3.15,3,1.16,15.0
ara2_3eab831e,2025-12-07T23:15:05.000000,5.18,23,2.09,120.0
ara2_3eab831e,2025-12-07T23:30:05.000000,5.09,23,2.09,105.0
ara2_3eab831e,2025-12-07T23:45:05.000000,4.87,23,2.09,90.0
ara2_3eab831e,2025-12-08T00:00:05.000000,4.83,0,2.09,75.0
ara2_3eab831e,2025-12-08T00:15:05.000000,4.6,0,2.09,60.0
ara2_3eab831e,2025-12-08T00:30:05.000000,4.31,0,2.09,45.0
ara2_3eab831e,2025-12-08T00:45:05.000000,3.97,0,2.09,30.0
ara2_3eab831e,2025-12-08T01:00:05.000000,3.91,1,2.09,15.0
ara2_3eab831e,2025-12-08T01:45:05.000000,3.01,1,1.84,30.0
ara2_3eab831e,2025-12-08T02:00:05.000000,3.05,2,1.67,15.0
ara2_3eab831e,2025-12-08T02:30:05.000000,3.07,2,1.43,15.0
ara2_3eab831e,2025-12-09T20:00:06.000000,3.64,20,0.12,75.0
ara2_3eab831e,2025-12-09T20:15:06.000000,3.51,20,0.12,60.0
ara2_3eab831e,2025-12-09T20:30:06.000000,4.86,20,0.12,45.0
ara2_3eab831e,2025-12-09T20:45:06.000000,4.53,20,0.12,30.0
ara2_3eab831e,2025-12-09T21:00:06.000000,3.03,21,0.12,15.0
ara2_3eab831e,2025-12-15T05:00:09.000000,4.14,5,2.93,120.0
ara2_3eab831e,2025-12-15T05:15:09.000000,3.98,5,2.84,105.0
ara2_3eab831e,2025-12-15T05:30:09.000000,3.77,5,2.72,90.0
ara2_3eab831e,2025-12-15T05:45:09.000000,3.63,5,2.69,75.0
ara2_3eab831e,2025-12-15T06:00:09.000000,3.51,6,2.64,60.0
ara2_3eab831e,2025-12-15T06:15:09.000000,3.35,6,2.64,45.0
ara2_3eab831e,2025-12-15T06:30:10.000000,3.24,6,2.64,30.0
ara2_3eab831e,2025-12-15T06:45:09.000000,3.09,6,2.64,15.0
ara2_3eab831e,2025-12-15T08:30:10.000000,3.02,8,2.76,15.0
ara2_3eab831e,2025-12-15T22:15:10.000000,6.35,22,2.73,120.0
ara2_3eab831e,2025-12-15T22:30:10.000000,6.52,22,2.73,105.0
ara2_3eab831e,2025-12-15T22:45:10.000000,6.28,22,2.73,90.0
ara2_3eab831e,2025-12-15T23:00:10.000000,5.89,23,2.73,75.0
ara2_3eab831e,2025-12-15T23:15:10.000000,5.44,23,2.73,60.0
ara2_3eab831e,2025-12-15T23:30:10.000000,5.11,23,2.73,45.0
ara2_3eab831e,2025-12-15T23:45:10.000000,4.7,23,2.73,30.0
ara2_3eab831e,2025-12-16T00:00:10.000000,4.61,0,2.73,15.0
ara2_3eab831e,2025-12-16T00:30:10.000000,3.27,0,2.86,15.0
ara2_3eab831e,2025-12-16T01:00:10.000000,3.89,1,2.6,105.0
ara2_3eab831e,2025-12-16T01:15:10.000000,3.83,1,2.6,90.0
ara2_3eab831e,2025-12-16T01:30:10.000000,3.81,1,2.6,75.0
ara2_3eab831e,2025-12-16T01:45:10.000000,3.8,1,2.6,60.0
ara2_3eab831e,2025-12-16T02:00:10.000000,3.69,2,2.6,45.0
ara2_3eab831e,2025-12-16T02:15:10.000000,3.56,2,2.6,30.0
ara2_3eab831e,2025-12-16T02:30:10.000000,3.3,2,2.6,15.0
ara2_3eab831e,2025-12-17T04:15:10.000000,3.86,4,2.55,120.0
ara2_3eab831e,2025-12-17T04:30:11.000000,3.89,4,2.55,105.0
ara2_3eab831e,2025-12-17T04:45:11.000000,3.5,4,2.55,90.0
ara2_3eab831e,2025-12-17T05:00:10.000000,3.34,5,2.55,75.0
ara2_3eab831e,2025-12-17T05:15:10.000000,3.52,5,2.55,60.0
ara2_3eab831e,2025-12-17T05:30:11.000000,3.55,5,2.18,45.0
ara2_3eab831e,2025-12-17T05:45:11.000000,3.39,5,2.18,30.0
ara2_3eab831e,2025-12-17T06:00:11.000000,3.23,6,2.18,15.0
ara2_3eab831e,2025-12-19T05:00:12.000000,5.77,5,2.73,120.0
ara2_3eab831e,2025-12-19T05:15:12.000000,5.31,5,2.37,105.0
ara2_3eab831e,2025-12-19T05:30:12.000000,5.47,5,2.37,90.0
ara2_3eab831e,2025-12-19T05:45:12.000000,5.27,5,1.77,75.0
ara2_3eab831e,2025-12-19T06:00:12.000000,4.94,6,1.77,60.0
ara2_3eab831e,2025-12-19T06:15:12.000000,5.24,6,1.65,45.0
ara2_3eab831e,2025-12-19T06:30:11.000000,4.54,6,1.65,30.0
ara2_3eab831e,2025-12-19T06:45:11.000000,3.12,6,1.65,15.0
ara2_3eab831e,2025-12-19T09:00:11.000000,3.1,9,2.3,60.0
ara2_3eab831e,2025-12-19T09:15:11.000000,3.45,9,2.3,45.0
ara2_3eab831e,2025-12-19T09:30:12.000000,4.19,9,2.3,30.0
ara2_3eab831e,2025-12-19T09:45:12.000000,5.5,9,2.3,15.0
ara2_3eab831e,2025-12-20T04:30:12.000000,4.81,4,2.85,120.0
ara2_3eab831e,2025-12-20T04:45:12.000000,4.69,4,2.49,105.0
ara2_3eab831e,2025-12-20T05:00:12.000000,4.4,5,2.36,90.0
ara2_3eab831e,2025-12-20T05:15:12.000000,4.2,5,2.05,75.0
ara2_3eab831e,2025-12-20T05:30:12.000000,4.04,5,2.05,60.0
ara2_3eab831e,2025-12-20T05:45:12.000000,3.68,5,1.79,45.0
ara2_3eab831e,2025-12-20T06:00:12.000000,3.37,6,1.79,30.0
ara2_3eab831e,2025-12-20T06:15:12.000000,3.09,6,1.79,15.0
ara2_3eab831e,2025-12-20T09:30:12.000000,3.42,9,2.42,30.0
ara2_3eab831e,2025-12-20T09:45:12.000000,4.05,9,2.42,15.0
ara2_3eab831e,2025-12-21T01:30:13.000000,4.38,1,2.91,120.0
ara2_3eab831e,2025-12-21T01:45:13.000000,4.41,1,2.84,105.0
ara2_3eab831e,2025-12-21T02:00:13.000000,4.1,2,2.71,90.0
ara2_3eab831e,2025-12-21T02:15:13.000000,3.78,2,2.48,75.0
ara2_3eab831e,2025-12-21T02:30:13.000000,3.68,2,2.48,60.0
ara2_3eab831e,2025-12-21T02:45:13.000000,3.49,2,2.38,45.0
ara2_3eab831e,2025-12-21T03:00:13.000000,3.35,3,2.18,30.0
ara2_3eab831e,2025-12-21T03:15:13.000000,3.12,3,1.86,15.0
ara2_3eab831e,2025-12-21T09:30:13.000000,3.26,9,2.79,120.0
ara2_3eab831e,2025-12-21T09:45:13.000000,3.97,9,2.79,105.0
ara2_3eab831e,2025-12-21T10:00:13.000000,4.29,10,2.79,90.0
ara2_3eab831e,2025-12-21T10:15:13.000000,4.37,10,2.79,75.0
ara2_3eab831e,2025-12-21T10:30:13.000000,4.49,10,2.79,60.0
ara2_3eab831e,2025-12-21T10:45:13.000000,4.86,10,2.79,45.0
ara2_3eab831e,2025-12-21T11:00:13.000000,5.79,11,2.79,30.0
ara2_3eab831e,2025-12-21T11:15:13.000000,5.96,11,2.79,15.0
ara2_3eab831e,2025-12-21T21:30:13.000000,7.67,21,2.29,120.0
ara2_3eab831e,2025-12-21T21:45:13.000000,7.42,21,2.29,105.0
ara2_3eab831e,2025-12-21T22:00:13.000000,8.13,22,2.29,90.0
ara2_3eab831e,2025-12-21T22:15:13.000000,7.82,22,2.29,75.0
ara2_3eab831e,2025-12-21T22:30:13.000000,6.1,22,2.29,60.0
ara2_3eab831e,2025-12-21T22:45:13.000000,6.68,22,2.29,45.0
ara2_3eab831e,2025-12-21T23:00:13.000000,5.59,23,2.29,30.0
ara2_3eab831e,2025-12-21T23:15:13.000000,6.11,23,2.29,15.0
ara2_3eab831e,2025-12-22T00:00:13.000000,3.48,0,2.59,60.0
ara2_3eab831e,2025-12-22T00:15:13.000000,3.97,0,2.59,45.0
ara2_3eab831e,2025-12-22T00:30:13.000000,4.2,0,2.59,30.0
ara2_3eab831e,2025-12-22T00:45:13.000000,3.65,0,2.59,15.0
ara2_3eab831e,2025-12-22T21:30:14.000000,5.62,21,2.95,120.0
ara2_3eab831e,2025-12-22T21:45:14.000000,4.9,21,2.83,105.0
ara2_3eab831e,2025-12-22T22:00:14.000000,4.85,22,2.52,90.0
ara2_3eab831e,2025-12-22T22:15:14.000000,4.63,22,2.35,75.0
ara2_3eab831e,2025-12-22T22:30:14.000000,4.3,22,2.23,60.0
ara2_3eab831e,2025-12-22T22:45:14.000000,3.98,22,2.23,45.0
ara2_3eab831e,2025-12-22T23:00:14.000000,3.78,23,2.23,30.0
ara2_3eab831e,2025-12-22T23:15:14.000000,3.41,23,0.49,15.0
ara2_3eab831e,2025-12-23T03:15:14.000000,3.18,3,2.61,15.0
ara2_3eab831e,2025-12-23T03:45:14.000000,3.12,3,2.61,15.0
ara2_3eab831e,2025-12-23T04:15:14.000000,3.16,4,2.65,30.0
ara2_3eab831e,2025-12-23T04:30:14.000000,3.17,4,2.58,15.0
ara2_3eab831e,2025-12-23T05:00:14.000000,3.18,5,2.21,60.0
ara2_3eab831e,2025-12-23T05:15:14.000000,3.23,5,2.03,45.0
ara2_3eab831e,2025-12-23T05:30:14.000000,3.29,5,2.03,30.0
ara2_3eab831e,2025-12-23T05:45:14.000000,3.1,5,2.03,15.0
ara2_3eab831e,2025-12-23T09:45:14.000000,3.23,9,2.37,90.0
ara2_3eab831e,2025-12-23T10:00:14.000000,3.86,10,2.37,75.0
ara2_3eab831e,2025-12-23T10:15:14.000000,5.56,10,2.37,60.0
ara2_3eab831e,2025-12-23T10:30:14.000000,5.37,10,2.37,45.0
ara2_3eab831e,2025-12-23T10:45:14.000000,5.68,10,2.37,30.0
ara2_3eab831e,2025-12-23T11:00:14.000000,5.79,11,2.37,15.0
ara2_3eab831e,2025-12-23T11:30:14.000000,3.8,11,2.37,15.0
ara2_3eab831e,2025-12-23T21:30:14.000000,11.05,21,2.35,105.0
ara2_3eab831e,2025-12-23T21:45:14.000000,11.16,21,2.35,90.0
ara2_3eab831e,2025-12-23T22:00:14.000000,11.07,22,2.35,75.0
ara2_3eab831e,2025-12-23T22:15:14.000000,10.43,22,2.35,60.0
ara2_3eab831e,2025-12-23T22:30:14.000000,9.95,22,2.35,45.0
ara2_3eab831e,2025-12-23T22:45:14.000000,9.96,22,1.15,30.0
ara2_3eab831e,2025-12-23T23:00:14.000000,9.63,23,1.15,15.0
ara2_3eab831e,2025-12-23T23:30:15.000000,3.65,23,1.15,75.0
ara2_3eab831e,2025-12-23T23:45:14.000000,3.74,23,1.15,60.0
ara2_3eab831e,2025-12-24T00:00:14.000000,4.6,0,1.15,45.0
ara2_3eab831e,2025-12-24T00:15:14.000000,7.04,0,1.15,30.0
ara2_3eab831e,2025-12-24T00:30:15.000000,6.07,0,1.15,15.0
ara2_3eab831e,2025-12-24T04:15:15.000000,3.66,4,2.18,120.0
ara2_3eab831e,2025-12-24T04:30:15.000000,3.71,4,1.94,105.0
ara2_3eab831e,2025-12-24T04:45:15.000000,3.8,4,1.7,90.0
ara2_3eab831e,2025-12-24T05:00:15.000000,3.54,5,1.7,75.0
ara2_3eab831e,2025-12-24T05:15:15.000000,3.53,5,1.7,60.0
ara2_3eab831e,2025-12-24T05:30:15.000000,3.56,5,1.7,45.0
ara2_3eab831e,2025-12-24T05:45:15.000000,3.27,5,1.7,30.0
ara2_3eab831e,2025-12-24T06:00:15.000000,3.35,6,1.7,15.0
ara2_3eab831e,2025-12-24T10:15:15.000000,5.28,10,2.92,45.0
ara2_3eab831e,2025-12-24T10:30:15.000000,5.01,10,2.92,30.0
ara2_3eab831e,2025-12-24T10:45:15.000000,5.51,10,2.92,15.0
ara2_3eab831e,2025-12-25T02:15:15.000000,4.06,2,2.87,120.0
ara2_3eab831e,2025-12-25T02:30:15.000000,4.07,2,2.72,105.0
ara2_3eab831e,2025-12-25T02:45:15.000000,3.87,2,1.86,90.0
ara2_3eab831e,2025-12-25T03:00:15.000000,3.83,3,1.86,75.0
ara2_3eab831e,2025-12-25T03:15:15.000000,3.85,3,1.86,60.0
ara2_3eab831e,2025-12-25T03:30:15.000000,3.39,3,1.86,45.0
ara2_3eab831e,2025-12-25T03:45:15.000000,3.36,3,1.86,30.0
ara2_3eab831e,2025-12-25T04:00:15.000000,3.33,4,1.86,15.0
ara2_3eab831e,2025-12-25T23:30:16.000000,4.02,23,0.46,120.0
ara2_3eab831e,2025-12-25T23:45:16.000000,4.12,23,0.46,105.0
ara2_3eab831e,2025-12-26T00:00:16.000000,3.77,0,0.46,90.0
ara2_3eab831e,2025-12-26T00:15:16.000000,3.68,0,0.46,75.0
ara2_3eab831e,2025-12-26T00:30:16.000000,3.84,0,0.46,60.0
ara2_3eab831e,2025-12-26T00:45:16.000000,3.72,0,0.46,45.0
ara2_3eab831e,2025-12-26T01:00:16.000000,3.57,1,0.46,30.0
ara2_3eab831e,2025-12-26T01:15:16.000000,3.34,1,0.46,15.0
ara2_3eab831e,2025-12-26T20:15:16.000000,4.82,20,1.8,120.0
ara2_3eab831e,2025-12-26T20:30:16.000000,10.78,20,1.8,105.0
ara2_3eab831e,2025-12-26T20:45:16.000000,9.57,20,1.8,90.0
ara2_3eab831e,2025-12-26T21:00:16.000000,9.21,21,1.8,75.0
ara2_3eab831e,2025-12-26T21:15:16.000000,9.18,21,1.8,60.0
ara2_3eab831e,2025-12-26T21:30:16.000000,8.57,21,1.8,45.0
ara2_3eab831e,2025-12-26T21:45:16.000000,8.23,21,1.8,30.0
ara2_3eab831e,2025-12-26T22:00:16.000000,7.67,22,1.8,15.0
ara2_3eab831e,2025-12-26T23:45:16.000000,4.52,23,2.74,120.0
ara2_3eab831e,2025-12-27T00:00:16.000000,4.26,0,2.74,105.0
ara2_3eab831e,2025-12-27T00:15:16.000000,4.0,0,2.74,90.0
ara2_3eab831e,2025-12-27T00:30:16.000000,3.41,0,2.48,75.0
ara2_3eab831e,2025-12-27T00:45:16.000000,3.44,0,1.52,60.0
ara2_3eab831e,2025-12-27T01:00:16.000000,3.32,1,1.52,45.0
ara2_3eab831e,2025-12-27T01:15:16.000000,3.16,1,1.52,30.0
ara2_3eab831e,2025-12-27T01:30:16.000000,3.14,1,1.52,15.0
ara2_3eab831e,2025-12-27T23:45:17.000000,5.03,23,2.86,120.0
ara2_3eab831e,2025-12-28T00:00:17.000000,6.09,0,2.48,105.0
ara2_3eab831e,2025-12-28T00:15:17.000000,5.55,0,2.48,90.0
ara2_3eab831e,2025-12-28T00:30:17.000000,5.78,0,2.48,75.0
ara2_3eab831e,2025-12-28T00:45:17.000000,4.76,0,2.48,60.0
ara2_3eab831e,2025-12-28T01:00:17.000000,4.05,1,2.13,45.0
ara2_3eab831e,2025-12-28T01:15:17.000000,3.34,1,2.1,30.0
ara2_3eab831e,2025-12-28T01:30:17.000000,3.25,1,2.02,15.0
ara2_3eab831e,2025-12-28T09:30:17.000000,3.5,9,0.92,45.0
ara2_3eab831e,2025-12-28T09:45:17.000000,3.24,9,0.92,30.0
ara2_3eab831e,2025-12-28T10:00:17.000000,3.11,10,0.92,15.0
ara2_3eab831e,2025-12-28T22:00:17.000000,3.94,22,2.53,120.0
ara2_3eab831e,2025-12-28T22:15:18.000000,4.05,22,2.53,105.0
ara2_3eab831e,2025-12-28T22:30:18.000000,4.06,22,2.53,90.0
ara2_3eab831e,2025-12-28T22:45:17.000000,4.18,22,2.53,75.0
ara2_3eab831e,2025-12-28T23:00:17.000000,3.45,23,2.53,60.0
ara2_3eab831e,2025-12-28T23:15:17.000000,3.51,23,2.53,45.0
ara2_3eab831e,2025-12-28T23:30:17.000000,3.6,23,2.47,30.0
ara2_3eab831e,2025-12-28T23:45:18.000000,3.45,23,1.92,15.0
ara2_3eab831e,2025-12-29T00:45:18.000000,3.09,0,0.66,45.0
ara2_3eab831e,2025-12-29T01:00:17.000000,3.64,1,0.66,30.0
ara2_3eab831e,2025-12-29T01:15:18.000000,3.47,1,0.66,15.0
ara2_3eab831e,2025-12-31T02:00:19.000000,3.65,2,2.93,120.0
ara2_3eab831e,2025-12-31T02:15:19.000000,3.71,2,2.74,105.0
ara2_3eab831e,2025-12-31T02:30:19.000000,3.67,2,2.38,90.0
ara2_3eab831e,2025-12-31T02:45:19.000000,3.62,2,2.3,75.0
ara2_3eab831e,2025-12-31T03:00:19.000000,3.39,3,2.16,60.0
ara2_3eab831e,2025-12-31T03:15:19.000000,3.34,3,1.97,45.0
ara2_3eab831e,2025-12-31T03:30:19.000000,3.14,3,1.84,30.0
ara2_3eab831e,2025-12-31T03:45:19.000000,3.08,3,1.8,15.0
ara2_3eab831e,2026-01-01T04:15:20.000000,4.17,4,2.64,120.0
ara2_3eab831e,2026-01-01T04:30:20.000000,3.96,4,2.64,105.0
ara2_3eab831e,2026-01-01T04:45:20.000000,3.8,4,2.64,90.0
ara2_3eab831e,2026-01-01T05:00:20.000000,3.72,5,2.64,75.0
ara2_3eab831e,2026-01-01T05:15:20.000000,3.53,5,2.64,60.0
ara2_3eab831e,2026-01-01T05:30:20.000000,3.35,5,2.64,45.0
ara2_3eab831e,2026-01-01T05:45:20.000000,3.14,5,2.64,30.0
ara2_3eab831e,2026-01-01T06:00:20.000000,3.11,6,2.64,15.0
ara2_3eab831e,2026-01-02T01:15:20.000000,3.95,1,2.26,90.0
ara2_3eab831e,2026-01-02T01:30:20.000000,4.07,1,2.25,75.0
ara2_3eab831e,2026-01-02T01:45:20.000000,3.59,1,2.13,60.0
ara2_3eab831e,2026-01-02T02:00:20.000000,3.26,2,1.99,45.0
ara2_3eab831e,2026-01-02T02:15:20.000000,3.37,2,1.84,30.0
ara2_3eab831e,2026-01-02T02:30:20.000000,3.17,2,1.65,15.0
ara2_3eab831e,2026-01-03T01:30:21.000000,4.91,1,2.93,120.0
ara2_3eab831e,2026-01-03T01:45:20.000000,4.39,1,2.77,105.0
ara2_3eab831e,2026-01-03T02:00:20.000000,4.21,2,2.61,90.0
ara2_3eab831e,2026-01-03T02:15:20.000000,4.24,2,1.92,75.0
ara2_3eab831e,2026-01-03T02:30:20.000000,3.13,2,1.92,60.0
ara2_3eab831e,2026-01-03T02:45:20.000000,3.33,2,1.92,45.0
ara2_3eab831e,2026-01-03T03:00:20.000000,3.4,3,1.92,30.0
ara2_3eab831e,2026-01-03T03:15:20.000000,3.31,3,1.92,15.0
ara2_3eab831e,2026-01-03T23:30:21.000000,3.95,23,2.96,120.0
ara2_3eab831e,2026-01-03T23:45:21.000000,3.77,23,2.82,105.0
ara2_3eab831e,2026-01-04T00:00:21.000000,3.64,0,2.63,90.0
ara2_3eab831e,2026-01-04T00:15:21.000000,3.51,0,2.46,75.0
ara2_3eab831e,2026-01-04T00:30:21.000000,3.39,0,2.43,60.0
ara2_3eab831e,2026-01-04T00:45:21.000000,3.41,0,2.37,45.0
ara2_3eab831e,2026-01-04T01:00:21.000000,3.17,1,2.15,30.0
ara2_3eab831e,2026-01-04T01:15:21.000000,3.04,1,2.0,15.0
ara2_3eab831e,2026-01-05T00:15:22.000000,4.53,0,2.93,120.0
ara2_3eab831e,2026-01-05T00:30:22.000000,4.55,0,2.11,105.0
ara2_3eab831e,2026-01-05T00:45:22.000000,4.25,0,2.11,90.0
ara2_3eab831e,2026-01-05T01:00:22.000000,3.03,1,2.11,75.0
ara2_3eab831e,2026-01-05T01:15:22.000000,3.13,1,2.11,60.0
ara2_3eab831e,2026-01-05T01:30:22.000000,3.09,1,2.11,45.0
ara2_3eab831e,2026-01-05T01:45:22.000000,3.09,1,2.11,30.0
ara2_3eab831e,2026-01-05T02:00:22.000000,3.05,2,2.1,15.0
ara2_3eab831e,2026-01-05T23:15:23.000000,4.23,23,1.67,120.0
ara2_3eab831e,2026-01-05T23:30:23.000000,4.39,23,1.67,105.0
ara2_3eab831e,2026-01-05T23:45:23.000000,4.17,23,1.67,90.0
ara2_3eab831e,2026-01-06T00:00:23.000000,3.96,0,1.67,75.0
ara2_3eab831e,2026-01-06T00:15:23.000000,3.56,0,1.67,60.0
ara2_3eab831e,2026-01-06T00:30:23.000000,3.66,0,1.67,45.0
ara2_3eab831e,2026-01-06T00:45:22.000000,3.19,0,1.67,30.0
ara2_3eab831e,2026-01-06T01:00:23.000000,3.05,1,1.67,15.0
ara2_3eab831e,2026-01-06T23:00:23.000000,4.43,23,2.9,120.0
ara2_3eab831e,2026-01-06T23:15:23.000000,4.16,23,2.9,105.0
ara2_3eab831e,2026-01-06T23:30:23.000000,4.01,23,2.9,90.0
ara2_3eab831e,2026-01-06T23:45:23.000000,3.94,23,1.19,75.0
ara2_3eab831e,2026-01-07T00:00:23.000000,3.61,0,1.19,60.0
ara2_3eab831e,2026-01-07T00:15:23.000000,3.52,0,1.19,45.0
ara2_3eab831e,2026-01-07T00:30:23.000000,3.34,0,1.19,30.0
ara2_3eab831e,2026-01-07T00:45:23.000000,3.16,0,1.19,15.0
ara2_3eab831e,2026-01-07T01:15:23.000000,3.06,1,1.19,30.0
ara2_3eab831e,2026-01-07T01:30:23.000000,3.08,1,1.19,15.0
ara2_3eab831e,2026-01-07T21:45:24.000000,3.18,21,2.76,60.0
ara2_3eab831e,2026-01-07T22:00:24.000000,3.09,22,2.76,45.0
ara2_3eab831e,2026-01-07T22:15:24.000000,3.11,22,2.76,30.0
ara2_3eab831e,2026-01-07T22:30:24.000000,3.24,22,2.73,15.0
ara2_3eab831e,2026-01-07T23:00:24.000000,3.61,23,2.28,15.0
ara2_3eab831e,2026-01-08T00:00:24.000000,3.1,0,1.58,15.0
ara2_3eab831e,2026-01-08T10:00:24.000000,3.11,10,2.96,15.0
ara2_3eab831e,2026-01-08T22:30:24.000000,3.79,22,2.86,120.0
ara2_3eab831e,2026-01-08T22:45:24.000000,3.52,22,2.78,105.0
ara2_3eab831e,2026-01-08T23:00:24.000000,3.5,23,2.78,90.0
ara2_3eab831e,2026-01-08T23:15:24.000000,3.37,23,2.74,75.0
ara2_3eab831e,2026-01-08T23:30:24.000000,3.23,23,2.69,60.0
ara2_3eab831e,2026-01-08T23:45:24.000000,3.15,23,1.02,45.0
ara2_3eab831e,2026-01-09T00:00:24.000000,3.02,0,1.02,30.0
ara2_3eab831e,2026-01-09T00:15:24.000000,3.0,0,1.02,15.0
ara2_3eab831e,2026-01-09T09:45:25.000000,3.21,9,2.15,105.0
ara2_3eab831e,2026-01-09T10:00:25.000000,3.56,10,2.15,90.0
ara2_3eab831e,2026-01-09T10:15:25.000000,4.31,10,2.15,75.0
ara2_3eab831e,2026-01-09T10:30:25.000000,4.01,10,2.15,60.0
ara2_3eab831e,2026-01-09T10:45:25.000000,4.07,10,2.15,45.0
ara2_3eab831e,2026-01-09T11:00:25.000000,4.1,11,2.15,30.0
ara2_3eab831e,2026-01-09T11:15:25.000000,3.8,11,2.15,15.0
ara2_3eab831e,2026-01-09T22:15:25.000000,3.94,22,2.92,120.0
ara2_3eab831e,2026-01-09T22:30:25.000000,3.94,22,2.56,105.0
ara2_3eab831e,2026-01-09T22:45:25.000000,3.78,22,2.38,90.0
ara2_3eab831e,2026-01-09T23:00:25.000000,3.74,23,2.0,75.0
ara2_3eab831e,2026-01-09T23:15:25.000000,3.53,23,1.89,60.0
ara2_3eab831e,2026-01-09T23:30:25.000000,3.35,23,1.61,45.0
ara2_3eab831e,2026-01-09T23:45:25.000000,3.26,23,1.38,30.0
ara2_3eab831e,2026-01-10T00:00:25.000000,3.14,0,1.08,15.0
ara2_3eab831e,2026-01-10T19:30:25.000000,3.24,19,2.68,45.0
ara2_3eab831e,2026-01-10T19:45:25.000000,3.09,19,2.44,30.0
ara2_3eab831e,2026-01-10T20:00:25.000000,3.0,20,2.44,15.0
ara2_3eab831e,2026-01-10T20:30:25.000000,3.08,20,2.41,15.0
ara2_3eab831e,2026-01-12T02:00:26.000000,3.62,2,2.88,120.0
ara2_3eab831e,2026-01-12T02:15:26.000000,3.35,2,2.65,105.0
ara2_3eab831e,2026-01-12T02:30:26.000000,3.32,2,2.3,90.0
ara2_3eab831e,2026-01-12T02:45:26.000000,3.52,2,2.09,75.0
ara2_3eab831e,2026-01-12T03:00:26.000000,3.42,3,1.79,60.0
ara2_3eab831e,2026-01-12T03:15:26.000000,3.34,3,1.61,45.0
ara2_3eab831e,2026-01-12T03:30:26.000000,3.11,3,1.28,30.0
ara2_3eab831e,2026-01-12T03:45:26.000000,3.09,3,1.28,15.0
ara2_3eab831e,2026-01-13T01:45:27.000000,4.69,1,2.99,120.0
ara2_3eab831e,2026-01-13T02:00:27.000000,4.81,2,2.99,105.0
ara2_3eab831e,2026-01-13T02:15:27.000000,5.07,2,2.99,90.0
ara2_3eab831e,2026-01-13T02:30:27.000000,4.42,2,2.08,75.0
ara2_3eab831e,2026-01-13T02:45:27.000000,4.75,2,2.08,60.0
ara2_3eab831e,2026-01-13T03:00:27.000000,4.8,3,2.08,45.0
ara2_3eab831e,2026-01-13T03:15:27.000000,4.69,3,2.08,30.0
ara2_3eab831e,2026-01-13T03:30:27.000000,4.62,3,2.08,15.0
ara2_3eab831e,2026-01-13T04:00:27.000000,3.88,4,1.87,30.0
ara2_3eab831e,2026-01-13T04:15:27.000000,3.91,4,1.87,15.0
ara2_3eab831e,2026-01-13T05:30:27.000000,3.61,5,1.87,30.0
ara2_3eab831e,2026-01-13T05:45:27.000000,3.4,5,1.87,15.0
ara2_3eab831e,2026-01-15T04:15:28.000000,4.84,4,1.83,120.0
ara2_3eab831e,2026-01-15T04:30:28.000000,4.69,4,0.68,105.0
ara2_3eab831e,2026-01-15T04:45:28.000000,4.5,4,0.68,90.0
ara2_3eab831e,2026-01-15T05:00:28.000000,4.11,5,0.68,75.0
ara2_3eab831e,2026-01-15T05:15:28.000000,3.55,5,0.68,60.0
ara2_3eab831e,2026-01-15T05:30:28.000000,3.77,5,0.45,45.0
ara2_3eab831e,2026-01-15T05:45:28.000000,3.5,5,0.45,30.0
ara2_3eab831e,2026-01-15T06:00:28.000000,3.28,6,0.45,15.0
ara2_3eab831e,2026-01-15T09:30:28.000000,3.72,9,1.69,75.0
ara2_3eab831e,2026-01-15T09:45:28.000000,4.31,9,1.69,60.0
ara2_3eab831e,2026-01-15T10:00:28.000000,4.55,10,1.43,45.0
ara2_3eab831e,2026-01-15T10:15:28.000000,4.71,10,1.43,30.0
ara2_3eab831e,2026-01-15T10:30:28.000000,3.56,10,1.43,15.0
ara2_3eab831e,2026-01-16T02:00:29.000000,5.06,2,2.95,120.0
ara2_3eab831e,2026-01-16T02:15:29.000000,4.5,2,2.95,105.0
ara2_3eab831e,2026-01-16T02:30:29.000000,4.54,2,2.95,90.0
ara2_3eab831e,2026-01-16T02:45:29.000000,4.14,2,2.95,75.0
ara2_3eab831e,2026-01-16T03:00:29.000000,3.9,3,2.95,60.0
ara2_3eab831e,2026-01-16T03:15:29.000000,3.99,3,2.95,45.0
ara2_3eab831e,2026-01-16T03:30:29.000000,3.38,3,2.95,30.0
ara2_3eab831e,2026-01-16T03:45:29.000000,3.43,3,2.58,15.0
ara2_3eab831e,2026-01-16T04:15:29.000000,3.76,4,2.42,90.0
ara2_3eab831e,2026-01-16T04:30:29.000000,3.74,4,2.42,75.0
ara2_3eab831e,2026-01-16T04:45:29.000000,3.68,4,2.2,60.0
ara2_3eab831e,2026-01-16T05:00:29.000000,3.65,5,1.8,45.0
ara2_3eab831e,2026-01-16T05:15:29.000000,3.14,5,1.63,30.0
ara2_3eab831e,2026-01-16T05:30:29.000000,3.23,5,0.91,15.0
ara2_3eab831e,2026-01-16T06:00:29.000000,3.03,6,0.45,15.0
ara2_3eab831e,2026-01-17T00:30:29.000000,8.39,0,2.21,120.0
ara2_3eab831e,2026-01-17T00:45:29.000000,7.97,0,2.21,105.0
ara2_3eab831e,2026-01-17T01:00:29.000000,9.07,1,2.21,90.0
ara2_3eab831e,2026-01-17T01:15:30.000000,8.8,1,2.21,75.0
ara2_3eab831e,2026-01-17T01:30:30.000000,8.66,1,2.21,60.0
ara2_3eab831e,2026-01-17T01:45:30.000000,7.38,1,2.21,45.0
ara2_3eab831e,2026-01-17T02:00:30.000000,6.86,2,2.21,30.0
ara2_3eab831e,2026-01-17T02:15:30.000000,6.86,2,2.21,15.0
ara2_3eab831e,2026-01-17T04:30:30.000000,3.75,4,2.79,120.0
ara2_3eab831e,2026-01-17T04:45:30.000000,4.14,4,2.1,105.0
ara2_3eab831e,2026-01-17T05:00:30.000000,4.27,5,2.1,90.0
ara2_3eab831e,2026-01-17T05:15:30.000000,3.92,5,2.1,75.0
ara2_3eab831e,2026-01-17T05:30:30.000000,3.55,5,1.28,60.0
ara2_3eab831e,2026-01-17T05:45:30.000000,3.64,5,1.28,45.0
ara2_3eab831e,2026-01-17T06:00:30.000000,3.16,6,1.01,30.0
ara2_3eab831e,2026-01-17T06:15:30.000000,3.04,6,1.01,15.0
ara2_3eab831e,2026-01-17T10:45:30.000000,3.27,10,2.9,15.0
ara2_3eab831e,2026-01-17T22:15:30.000000,4.98,22,2.69,120.0
ara2_3eab831e,2026-01-17T22:30:30.000000,5.03,22,2.67,105.0
ara2_3eab831e,2026-01-17T22:45:30.000000,4.88,22,2.36,90.0
ara2_3eab831e,2026-01-17T23:00:30.000000,4.56,23,1.79,75.0
ara2_3eab831e,2026-01-17T23:15:30.000000,3.56,23,1.79,60.0
ara2_3eab831e,2026-01-17T23:30:30.000000,3.71,23,1.37,45.0
ara2_3eab831e,2026-01-17T23:45:30.000000,3.19,23,0.46,30.0
ara2_3eab831e,2026-01-18T00:00:30.000000,3.4,0,0.46,15.0
ara2_3eab831e,2026-01-18T09:45:30.000000,3.11,9,1.96,15.0
ara2_3eab831e,2026-01-19T04:30:31.000000,3.58,4,2.92,120.0
ara2_3eab831e,2026-01-19T04:45:31.000000,3.8,4,2.81,105.0
ara2_3eab831e,2026-01-19T05:00:31.000000,3.71,5,2.81,90.0
ara2_3eab831e,2026-01-19T05:15:31.000000,3.43,5,2.81,75.0
ara2_3eab831e,2026-01-19T05:30:31.000000,3.1,5,2.81,60.0
ara2_3eab831e,2026-01-19T05:45:31.000000,3.31,5,2.81,45.0
ara2_3eab831e,2026-01-19T06:00:31.000000,3.35,6,2.79,30.0
ara2_3eab831e,2026-01-19T06:15:31.000000,3.23,6,2.78,15.0
ara2_3eab831e,2026-01-19T08:30:31.000000,3.17,8,2.83,15.0
ara2_3eab831e,2026-01-19T09:00:31.000000,3.47,9,2.83,45.0
ara2_3eab831e,2026-01-19T09:15:31.000000,3.51,9,2.83,30.0
ara2_3eab831e,2026-01-19T09:30:31.000000,3.12,9,2.83,15.0
ara2_3eab831e,2026-01-20T02:45:32.000000,3.6,2,2.93,120.0
ara2_3eab831e,2026-01-20T03:00:31.000000,3.71,3,2.93,105.0
ara2_3eab831e,2026-01-20T03:15:32.000000,3.49,3,2.93,90.0
ara2_3eab831e,2026-01-20T03:30:32.000000,3.64,3,2.93,75.0
ara2_3eab831e,2026-01-20T03:45:31.000000,3.68,3,2.93,60.0
ara2_3eab831e,2026-01-20T04:00:31.000000,3.57,4,2.93,45.0
ara2_3eab831e,2026-01-20T04:15:32.000000,3.29,4,2.93,30.0
ara2_3eab831e,2026-01-20T04:30:32.000000,3.11,4,2.93,15.0
ara2_3eab831e,2026-01-20T05:00:32.000000,3.28,5,2.72,105.0
ara2_3eab831e,2026-01-20T05:15:32.000000,3.89,5,2.52,90.0
ara2_3eab831e,2026-01-20T05:30:32.000000,3.89,5,2.38,75.0
ara2_3eab831e,2026-01-20T05:45:32.000000,4.0,5,2.13,60.0
ara2_3eab831e,2026-01-20T06:00:32.000000,3.58,6,1.99,45.0
ara2_3eab831e,2026-01-20T06:15:32.000000,3.45,6,1.89,30.0
ara2_3eab831e,2026-01-20T06:30:32.000000,3.22,6,1.89,15.0
ara2_3eab831e,2026-01-21T02:15:32.000000,5.3,2,2.94,120.0
ara2_3eab831e,2026-01-21T02:30:32.000000,5.04,2,2.94,105.0
ara2_3eab831e,2026-01-21T02:45:32.000000,5.0,2,2.5,90.0
ara2_3eab831e,2026-01-21T03:00:32.000000,4.68,3,1.45,75.0
ara2_3eab831e,2026-01-21T03:15:32.000000,4.38,3,1.45,60.0
ara2_3eab831e,2026-01-21T03:30:32.000000,4.23,3,0.81,45.0
ara2_3eab831e,2026-01-21T03:45:32.000000,3.97,3,0.71,30.0
ara2_3eab831e,2026-01-21T04:00:32.000000,3.46,4,0.71,15.0
ara2_3eab831e,2026-01-21T23:45:33.000000,4.03,23,2.97,105.0
ara2_3eab831e,2026-01-22T00:00:33.000000,3.75,0,2.69,90.0
ara2_3eab831e,2026-01-22T00:15:33.000000,3.28,0,2.41,75.0
ara2_3eab831e,2026-01-22T00:30:33.000000,3.4,0,2.41,60.0
ara2_3eab831e,2026-01-22T00:45:33.000000,3.21,0,2.34,45.0
ara2_3eab831e,2026-01-22T01:00:33.000000,3.01,1,1.99,30.0
ara2_3eab831e,2026-01-22T01:15:33.000000,3.16,1,1.99,15.0
ara2_3eab831e,2026-01-22T23:15:33.000000,5.89,23,1.85,120.0
ara2_3eab831e,2026-01-22T23:30:33.000000,5.65,23,1.85,105.0
ara2_3eab831e,2026-01-22T23:45:33.000000,5.73,23,1.85,90.0
ara2_3eab831e,2026-01-23T00:00:33.000000,5.84,0,1.85,75.0
ara2_3eab831e,2026-01-23T00:15:33.000000,5.11,0,1.85,60.0
ara2_3eab831e,2026-01-23T00:30:33.000000,5.05,0,1.85,45.0
ara2_3eab831e,2026-01-23T00:45:33.000000,4.55,0,1.85,30.0
ara2_3eab831e,2026-01-23T01:00:33.000000,4.39,1,1.85,15.0
ara2_3eab831e,2026-01-23T01:30:33.000000,4.13,1,2.71,105.0
ara2_3eab831e,2026-01-23T01:45:33.000000,4.02,1,2.57,90.0
ara2_3eab831e,2026-01-23T02:00:33.000000,3.82,2,2.55,75.0
ara2_3eab831e,2026-01-23T02:15:33.000000,3.52,2,2.29,60.0
ara2_3eab831e,2026-01-23T02:30:33.000000,3.42,2,2.29,45.0
ara2_3eab831e,2026-01-23T02:45:33.000000,3.23,2,2.23,30.0
ara2_3eab831e,2026-01-23T03:00:33.000000,3.06,3,1.8,15.0
ara2_3eab831e,2026-01-24T01:45:33.000000,5.24,1,2.54,120.0
ara2_3eab831e,2026-01-24T02:00:33.000000,5.08,2,1.46,105.0
ara2_3eab831e,2026-01-24T02:15:34.000000,4.78,2,1.46,90.0
ara2_3eab831e,2026-01-24T02:30:34.000000,4.5,2,1.46,75.0
ara2_3eab831e,2026-01-24T02:45:34.000000,4.44,2,1.46,60.0
ara2_3eab831e,2026-01-24T03:00:34.000000,4.32,3,1.46,45.0
ara2_3eab831e,2026-01-24T03:15:34.000000,3.99,3,1.46,30.0
ara2_3eab831e,2026-01-24T03:30:34.000000,3.33,3,1.46,15.0
ara2_3eab831e,2026-01-24T08:45:34.000000,3.0,8,2.93,45.0
ara2_3eab831e,2026-01-24T09:00:34.000000,3.16,9,2.93,30.0
ara2_3eab831e,2026-01-24T09:15:34.000000,3.4,9,2.93,15.0
ara2_3eab831e,2026-01-25T00:00:34.000000,3.96,0,2.96,120.0
ara2_3eab831e,2026-01-25T00:15:34.000000,3.8,0,2.78,105.0
ara2_3eab831e,2026-01-25T00:30:34.000000,3.78,0,2.68,90.0
ara2_3eab831e,2026-01-25T00:45:34.000000,3.85,0,2.6,75.0
ara2_3eab831e,2026-01-25T01:00:34.000000,3.56,1,2.46,60.0
ara2_3eab831e,2026-01-25T01:15:34.000000,3.25,1,2.46,45.0
ara2_3eab831e,2026-01-25T01:30:34.000000,3.22,1,2.46,30.0
ara2_3eab831e,2026-01-25T01:45:34.000000,3.16,1,2.42,15.0
ara2_3eab831e,2026-01-25T09:15:35.000000,3.0,9,2.62,15.0
ara2_3eab831e,2026-01-25T10:00:35.000000,3.48,10,2.7,30.0
ara2_3eab831e,2026-01-25T10:15:35.000000,3.81,10,2.7,15.0
ara2_3eab831e,2026-01-26T03:00:35.000000,4.09,3,2.9,120.0
ara2_3eab831e,2026-01-26T03:15:35.000000,3.9,3,2.79,105.0
ara2_3eab831e,2026-01-26T03:30:35.000000,3.74,3,2.67,90.0
ara2_3eab831e,2026-01-26T03:45:35.000000,3.55,3,2.57,75.0
ara2_3eab831e,2026-01-26T04:00:35.000000,3.4,4,2.42,60.0
ara2_3eab831e,2026-01-26T04:15:35.000000,3.27,4,2.21,45.0
ara2_3eab831e,2026-01-26T04:30:35.000000,3.15,4,2.14,30.0
ara2_3eab831e,2026-01-26T04:45:35.000000,3.02,4,1.99,15.0
ara2_3eab831e,2026-01-29T05:15:38.000000,4.09,5,2.86,120.0
ara2_3eab831e,2026-01-29T05:30:37.000000,3.84,5,2.59,105.0
ara2_3eab831e,2026-01-29T05:45:38.000000,3.62,5,2.58,90.0
ara2_3eab831e,2026-01-29T06:00:38.000000,3.6,6,2.5,75.0
ara2_3eab831e,2026-01-29T06:15:38.000000,3.8,6,2.48,60.0
ara2_3eab831e,2026-01-29T06:30:38.000000,3.46,6,2.48,45.0
ara2_3eab831e,2026-01-29T06:45:37.000000,3.3,6,2.48,30.0
ara2_3eab831e,2026-01-29T07:00:38.000000,3.07,7,2.48,15.0
ara2_3eab831e,2026-01-29T22:45:38.000000,4.27,22,2.76,120.0
ara2_3eab831e,2026-01-29T23:00:38.000000,4.16,23,2.71,105.0
ara2_3eab831e,2026-01-29T23:15:38.000000,3.96,23,2.71,90.0
ara2_3eab831e,2026-01-29T23:30:38.000000,3.67,23,2.68,75.0
ara2_3eab831e,2026-01-29T23:45:38.000000,3.5,23,2.65,60.0
ara2_3eab831e,2026-01-30T00:00:38.000000,3.39,0,2.53,45.0
ara2_3eab831e,2026-01-30T00:15:38.000000,3.0,0,2.3,30.0
ara2_3eab831e,2026-01-30T00:30:38.000000,3.13,0,2.11,15.0
ara2_3ed4df8e,2025-12-16T08:00:00.000000,3.24,8,2.98,15.0
ara2_3ed4df8e,2025-12-17T02:45:00.000000,4.93,2,2.69,120.0
ara2_3ed4df8e,2025-12-17T03:00:00.000000,4.71,3,2.42,105.0
ara2_3ed4df8e,2025-12-17T03:15:00.000000,4.47,3,2.1,90.0
ara2_3ed4df8e,2025-12-17T03:30:00.000000,4.04,3,2.1,75.0
ara2_3ed4df8e,2025-12-17T03:45:00.000000,3.76,3,2.1,60.0
ara2_3ed4df8e,2025-12-17T04:00:00.000000,3.51,4,1.98,45.0
ara2_3ed4df8e,2025-12-17T04:15:00.000000,3.31,4,1.95,30.0
ara2_3ed4df8e,2025-12-17T04:30:00.000000,3.05,4,1.62,15.0
ara2_3ed4df8e,2025-12-19T03:00:14.000000,4.52,3,2.82,120.0
ara2_3ed4df8e,2025-12-19T03:15:14.000000,4.31,3,2.79,105.0
ara2_3ed4df8e,2025-12-19T03:30:14.000000,4.05,3,2.59,90.0
ara2_3ed4df8e,2025-12-19T03:45:14.000000,3.95,3,2.44,75.0
ara2_3ed4df8e,2025-12-19T04:00:14.000000,3.92,4,2.17,60.0
ara2_3ed4df8e,2025-12-19T04:15:14.000000,3.72,4,2.03,45.0
ara2_3ed4df8e,2025-12-19T04:30:14.000000,3.32,4,1.98,30.0
ara2_3ed4df8e,2025-12-19T04:45:14.000000,3.11,4,1.98,15.0
ara2_3ed4df8e,2025-12-19T08:45:00.000000,4.27,8,1.72,30.0
ara2_3ed4df8e,2025-12-19T09:00:00.000000,4.87,9,1.72,15.0
ara2_3ed4df8e,2025-12-20T01:15:00.000000,5.92,1,2.99,120.0
ara2_3ed4df8e,2025-12-20T01:30:00.000000,5.44,1,2.7,105.0
ara2_3ed4df8e,2025-12-20T01:45:00.000000,4.77,1,2.55,90.0
ara2_3ed4df8e,2025-12-20T02:00:00.000000,4.49,2,2.34,75.0
ara2_3ed4df8e,2025-12-20T02:15:00.000000,4.1,2,2.27,60.0
ara2_3ed4df8e,2025-12-20T02:30:00.000000,3.78,2,2.2,45.0
ara2_3ed4df8e,2025-12-20T02:45:00.000000,3.42,2,2.17,30.0
ara2_3ed4df8e,2025-12-20T03:00:00.000000,3.36,3,2.17,15.0
ara2_3ed4df8e,2025-12-20T23:45:00.000000,5.73,23,0.54,120.0
ara2_3ed4df8e,2025-12-21T00:00:00.000000,5.36,0,0.54,105.0
ara2_3ed4df8e,2025-12-21T00:15:00.000000,5.38,0,0.54,90.0
ara2_3ed4df8e,2025-12-21T00:30:00.000000,5.12,0,0.54,75.0
ara2_3ed4df8e,2025-12-21T00:45:00.000000,4.88,0,0.54,60.0
ara2_3ed4df8e,2025-12-21T01:00:00.000000,4.71,1,0.54,45.0
ara2_3ed4df8e,2025-12-21T01:15:00.000000,4.45,1,0.54,30.0
ara2_3ed4df8e,2025-12-21T01:30:00.000000,4.16,1,0.54,15.0
ara2_3ed4df8e,2025-12-22T21:45:00.000000,4.37,21,2.91,120.0
ara2_3ed4df8e,2025-12-22T22:00:00.000000,4.86,22,2.54,105.0
ara2_3ed4df8e,2025-12-22T22:15:00.000000,4.13,22,2.39,90.0
ara2_3ed4df8e,2025-12-22T22:30:00.000000,3.8,22,2.38,75.0
ara2_3ed4df8e,2025-12-22T22:45:00.000000,3.72,22,2.38,60.0
ara2_3ed4df8e,2025-12-22T23:00:00.000000,3.47,23,2.27,45.0
ara2_3ed4df8e,2025-12-22T23:15:00.000000,3.43,23,2.27,30.0
ara2_3ed4df8e,2025-12-22T23:30:00.000000,3.37,23,1.92,15.0
ara2_3ed4df8e,2025-12-23T00:45:00.000000,3.06,0,1.68,15.0
ara2_3ed4df8e,2025-12-23T20:45:00.000000,6.72,20,2.88,120.0
ara2_3ed4df8e,2025-12-23T21:00:00.000000,6.8,21,2.55,105.0
ara2_3ed4df8e,2025-12-23T21:15:00.000000,6.38,21,2.3,90.0
ara2_3ed4df8e,2025-12-23T21:30:00.000000,6.35,21,2.1,75.0
ara2_3ed4df8e,2025-12-23T21:45:00.000000,5.93,21,2.1,60.0
ara2_3ed4df8e,2025-12-23T22:00:00.000000,4.39,22,2.03,45.0
ara2_3ed4df8e,2025-12-23T22:15:00.000000,3.5,22,2.03,30.0
ara2_3ed4df8e,2025-12-23T22:30:00.000000,3.83,22,1.95,15.0
ara2_3ed4df8e,2025-12-25T03:15:00.000000,4.19,3,2.99,120.0
ara2_3ed4df8e,2025-12-25T03:30:00.000000,4.13,3,2.83,105.0
ara2_3ed4df8e,2025-12-25T03:45:00.000000,3.95,3,2.78,90.0
ara2_3ed4df8e,2025-12-25T04:00:00.000000,3.84,4,2.77,75.0
ara2_3ed4df8e,2025-12-25T04:15:00.000000,3.65,4,2.57,60.0
ara2_3ed4df8e,2025-12-25T04:30:00.000000,3.51,4,2.38,45.0
ara2_3ed4df8e,2025-12-25T04:45:00.000000,3.31,4,2.38,30.0
ara2_3ed4df8e,2025-12-25T05:00:00.000000,3.25,5,2.38,15.0
ara2_3ed4df8e,2025-12-26T08:00:00.000000,3.16,8,2.84,15.0
ara2_3ed4df8e,2025-12-27T00:15:00.000000,4.79,0,2.96,120.0
ara2_3ed4df8e,2025-12-27T00:30:00.000000,4.3,0,2.96,105.0
ara2_3ed4df8e,2025-12-27T00:45:00.000000,4.25,0,2.96,90.0
ara2_3ed4df8e,2025-12-27T01:00:00.000000,3.97,1,2.94,75.0
ara2_3ed4df8e,2025-12-27T01:15:00.000000,3.79,1,2.94,60.0
ara2_3ed4df8e,2025-12-27T01:30:00.000000,3.5,1,2.46,45.0
ara2_3ed4df8e,2025-12-27T01:45:00.000000,3.58,1,2.46,30.0
ara2_3ed4df8e,2025-12-27T02:00:00.000000,3.35,2,2.46,15.0
ara2_3ed4df8e,2025-12-27T02:45:00.000000,3.06,2,2.32,15.0
ara2_3ed4df8e,2025-12-27T03:15:00.000000,3.16,3,2.08,15.0
ara2_3ed4df8e,2025-12-27T04:00:00.000000,3.03,4,1.58,15.0
ara2_3ed4df8e,2025-12-28T00:00:00.000000,4.84,0,2.99,120.0
ara2_3ed4df8e,2025-12-28T00:15:00.000000,4.54,0,2.96,105.0
ara2_3ed4df8e,2025-12-28T00:30:00.000000,4.28,0,2.96,90.0
ara2_3ed4df8e,2025-12-28T00:45:00.000000,3.7,0,2.96,75.0
ara2_3ed4df8e,2025-12-28T01:00:00.000000,3.9,1,2.96,60.0
ara2_3ed4df8e,2025-12-28T01:15:00.000000,3.52,1,2.96,45.0
ara2_3ed4df8e,2025-12-28T01:30:00.000000,3.22,1,2.96,30.0
ara2_3ed4df8e,2025-12-28T01:45:00.000000,3.39,1,2.96,15.0
ara2_3ed4df8e,2025-12-28T20:15:00.000000,5.47,20,2.71,120.0
ara2_3ed4df8e,2025-12-28T20:30:00.000000,4.89,20,2.0,105.0
ara2_3ed4df8e,2025-12-28T20:45:00.000000,4.33,20,1.77,90.0
ara2_3ed4df8e,2025-12-28T21:00:00.000000,4.17,21,1.69,75.0
ara2_3ed4df8e,2025-12-28T21:15:00.000000,3.81,21,1.69,60.0
ara2_3ed4df8e,2025-12-28T21:30:00.000000,3.3,21,1.69,45.0
ara2_3ed4df8e,2025-12-28T21:45:00.000000,3.24,21,1.27,30.0
ara2_3ed4df8e,2025-12-28T22:00:00.000000,3.03,22,1.27,15.0
ara2_3ed4df8e,2025-12-31T01:45:00.000000,4.9,1,2.23,120.0
ara2_3ed4df8e,2025-12-31T02:00:00.000000,4.9,2,2.23,105.0
ara2_3ed4df8e,2025-12-31T02:15:00.000000,4.45,2,2.23,90.0
ara2_3ed4df8e,2025-12-31T02:30:00.000000,4.24,2,2.23,75.0
ara2_3ed4df8e,2025-12-31T02:45:00.000000,4.04,2,2.23,60.0
ara2_3ed4df8e,2025-12-31T03:00:00.000000,3.88,3,2.23,45.0
ara2_3ed4df8e,2025-12-31T03:15:00.000000,3.89,3,2.23,30.0
ara2_3ed4df8e,2025-12-31T03:30:00.000000,3.83,3,2.23,15.0
ara2_3ed4df8e,2025-12-31T04:15:00.000000,3.07,4,2.1,15.0
ara2_3ed4df8e,2026-01-01T19:30:00.000000,6.64,19,1.97,120.0
ara2_3ed4df8e,2026-01-01T19:45:00.000000,6.19,19,1.36,105.0
ara2_3ed4df8e,2026-01-01T20:00:00.000000,5.51,20,1.36,90.0
ara2_3ed4df8e,2026-01-01T20:15:00.000000,5.89,20,1.36,75.0
ara2_3ed4df8e,2026-01-01T20:30:00.000000,5.49,20,1.36,60.0
ara2_3ed4df8e,2026-01-01T20:45:00.000000,5.22,20,1.36,45.0
ara2_3ed4df8e,2026-01-01T21:00:00.000000,5.12,21,1.18,30.0
ara2_3ed4df8e,2026-01-01T21:15:00.000000,4.47,21,1.18,15.0
ara2_3ed4df8e,2026-01-02T11:00:00.000000,3.43,11,2.0,105.0
ara2_3ed4df8e,2026-01-02T11:15:00.000000,3.63,11,2.0,90.0
ara2_3ed4df8e,2026-01-02T11:30:00.000000,4.19,11,2.0,75.0
ara2_3ed4df8e,2026-01-02T11:45:00.000000,4.6,11,2.0,60.0
ara2_3ed4df8e,2026-01-02T12:00:00.000000,5.87,12,2.0,45.0
ara2_3ed4df8e,2026-01-02T12:15:00.000000,6.11,12,2.0,30.0
ara2_3ed4df8e,2026-01-02T12:30:00.000000,6.65,12,2.0,15.0
ara2_3ed4df8e,2026-01-02T20:45:00.000000,4.66,20,2.38,120.0
ara2_3ed4df8e,2026-01-02T21:00:00.000000,4.34,21,2.38,105.0
ara2_3ed4df8e,2026-01-02T21:15:00.000000,3.25,21,2.27,90.0
ara2_3ed4df8e,2026-01-02T21:30:00.000000,4.14,21,2.27,75.0
ara2_3ed4df8e,2026-01-02T21:45:00.000000,3.54,21,1.9,60.0
ara2_3ed4df8e,2026-01-02T22:00:00.000000,3.41,22,1.9,45.0
ara2_3ed4df8e,2026-01-02T22:15:00.000000,3.48,22,1.9,30.0
ara2_3ed4df8e,2026-01-02T22:30:00.000000,3.55,22,1.9,15.0
ara2_3ed4df8e,2026-01-03T07:30:00.000000,7.61,7,0.78,15.0
ara2_3ed4df8e,2026-01-04T00:00:00.000000,3.76,0,2.87,120.0
ara2_3ed4df8e,2026-01-04T00:15:00.000000,3.93,0,2.67,105.0
ara2_3ed4df8e,2026-01-04T00:30:00.000000,3.65,0,2.52,90.0
ara2_3ed4df8e,2026-01-04T00:45:00.000000,3.61,0,2.36,75.0
ara2_3ed4df8e,2026-01-04T01:00:00.000000,3.49,1,2.19,60.0
ara2_3ed4df8e,2026-01-04T01:15:00.000000,3.41,1,2.15,45.0
ara2_3ed4df8e,2026-01-04T01:30:00.000000,3.28,1,2.15,30.0
ara2_3ed4df8e,2026-01-04T01:45:00.000000,3.18,1,2.01,15.0
ara2_3ed4df8e,2026-01-05T01:15:00.000000,3.65,1,2.66,90.0
ara2_3ed4df8e,2026-01-05T01:30:00.000000,3.67,1,2.65,75.0
ara2_3ed4df8e,2026-01-05T01:45:00.000000,3.37,1,2.47,60.0
ara2_3ed4df8e,2026-01-05T02:00:00.000000,3.35,2,2.47,45.0
ara2_3ed4df8e,2026-01-05T02:15:00.000000,3.19,2,2.47,30.0
ara2_3ed4df8e,2026-01-05T02:30:00.000000,3.02,2,2.27,15.0
ara2_3ed4df8e,2026-01-09T04:15:00.000000,4.0,4,2.99,120.0
ara2_3ed4df8e,2026-01-09T04:30:00.000000,3.82,4,2.88,105.0
ara2_3ed4df8e,2026-01-09T04:45:00.000000,3.72,4,2.65,90.0
ara2_3ed4df8e,2026-01-09T05:00:00.000000,3.65,5,2.65,75.0
ara2_3ed4df8e,2026-01-09T05:15:00.000000,3.44,5,2.42,60.0
ara2_3ed4df8e,2026-01-09T05:30:00.000000,3.27,5,2.28,45.0
ara2_3ed4df8e,2026-01-09T05:45:00.000000,3.23,5,2.12,30.0
ara2_3ed4df8e,2026-01-09T06:00:00.000000,3.13,6,2.12,15.0
ara2_3ed4df8e,2026-01-09T07:00:00.000000,8.28,7,2.12,15.0
ara2_3ed4df8e,2026-01-09T08:30:00.000000,3.03,8,2.9,15.0
ara2_3ed4df8e,2026-01-10T02:30:00.000000,3.82,2,2.9,120.0
ara2_3ed4df8e,2026-01-10T02:45:00.000000,3.61,2,2.78,105.0
ara2_3ed4df8e,2026-01-10T03:00:00.000000,3.55,3,2.68,90.0
ara2_3ed4df8e,2026-01-10T03:15:00.000000,3.49,3,2.64,75.0
ara2_3ed4df8e,2026-01-10T03:30:00.000000,3.32,3,2.54,60.0
ara2_3ed4df8e,2026-01-10T03:45:00.000000,3.21,3,2.44,45.0
ara2_3ed4df8e,2026-01-10T04:00:00.000000,3.13,4,2.34,30.0
ara2_3ed4df8e,2026-01-10T04:15:00.000000,3.02,4,2.24,15.0
ara2_3ed4df8e,2026-01-11T01:00:00.000000,3.95,1,2.98,120.0
ara2_3ed4df8e,2026-01-11T01:15:00.000000,3.95,1,2.83,105.0
ara2_3ed4df8e,2026-01-11T01:30:00.000000,3.87,1,2.8,90.0
ara2_3ed4df8e,2026-01-11T01:45:00.000000,3.65,1,2.58,75.0
ara2_3ed4df8e,2026-01-11T02:00:00.000000,3.53,2,2.49,60.0
ara2_3ed4df8e,2026-01-11T02:15:00.000000,3.39,2,2.27,45.0
ara2_3ed4df8e,2026-01-11T02:30:00.000000,3.24,2,2.22,30.0
ara2_3ed4df8e,2026-01-11T02:45:00.000000,3.13,2,2.12,15.0
ara2_3ed4df8e,2026-01-12T02:00:00.000000,3.78,2,2.96,120.0
ara2_3ed4df8e,2026-01-12T02:15:00.000000,3.85,2,2.96,105.0
ara2_3ed4df8e,2026-01-12T02:30:00.000000,3.64,2,2.83,90.0
ara2_3ed4df8e,2026-01-12T02:45:00.000000,3.52,2,2.7,75.0
ara2_3ed4df8e,2026-01-12T03:00:00.000000,3.37,3,2.44,60.0
ara2_3ed4df8e,2026-01-12T03:15:00.000000,3.15,3,2.33,45.0
ara2_3ed4df8e,2026-01-12T03:30:00.000000,3.16,3,2.33,30.0
ara2_3ed4df8e,2026-01-12T03:45:00.000000,3.04,3,2.28,15.0
ara2_3ed4df8e,2026-01-12T23:30:00.000000,3.65,23,2.86,120.0
ara2_3ed4df8e,2026-01-12T23:45:00.000000,3.43,23,2.74,105.0
ara2_3ed4df8e,2026-01-13T00:00:00.000000,3.52,0,2.63,90.0
ara2_3ed4df8e,2026-01-13T00:15:00.000000,3.31,0,2.62,75.0
ara2_3ed4df8e,2026-01-13T00:30:00.000000,3.17,0,2.52,60.0
ara2_3ed4df8e,2026-01-13T00:45:00.000000,3.12,0,2.4,45.0
ara2_3ed4df8e,2026-01-13T01:00:00.000000,3.13,1,2.2,30.0
ara2_3ed4df8e,2026-01-13T01:15:00.000000,3.03,1,2.2,15.0
ara2_3ed4df8e,2026-01-14T04:30:00.000000,3.94,4,2.74,120.0
ara2_3ed4df8e,2026-01-14T04:45:00.000000,3.85,4,2.62,105.0
ara2_3ed4df8e,2026-01-14T05:00:00.000000,3.7,5,2.48,90.0
ara2_3ed4df8e,2026-01-14T05:15:00.000000,3.48,5,2.3,75.0
ara2_3ed4df8e,2026-01-14T05:30:00.000000,3.34,5,2.17,60.0
ara2_3ed4df8e,2026-01-14T05:45:00.000000,3.12,5,2.17,45.0
ara2_3ed4df8e,2026-01-14T06:00:00.000000,3.15,6,2.17,30.0
ara2_3ed4df8e,2026-01-14T06:15:00.000000,3.11,6,2.17,15.0
ara2_3ed4df8e,2026-01-15T02:00:00.000000,3.58,2,2.83,120.0
ara2_3ed4df8e,2026-01-15T02:15:00.000000,3.85,2,2.65,105.0
ara2_3ed4df8e,2026-01-15T02:30:00.000000,3.62,2,2.43,90.0
ara2_3ed4df8e,2026-01-15T02:45:00.000000,3.62,2,2.34,75.0
ara2_3ed4df8e,2026-01-15T03:00:00.000000,3.78,3,2.18,60.0
ara2_3ed4df8e,2026-01-15T03:15:00.000000,3.34,3,2.18,45.0
ara2_3ed4df8e,2026-01-15T03:30:00.000000,3.01,3,1.96,30.0
ara2_3ed4df8e,2026-01-15T03:45:00.000000,3.14,3,1.72,15.0
ara2_3ed4df8e,2026-01-15T22:30:00.000000,3.73,22,2.3,45.0
ara2_3ed4df8e,2026-01-15T22:45:00.000000,3.25,22,2.3,30.0
ara2_3ed4df8e,2026-01-15T23:00:00.000000,3.04,23,2.3,15.0
ara2_3ed4df8e,2026-01-19T21:00:00.000000,3.56,21,2.83,120.0
ara2_3ed4df8e,2026-01-19T21:15:00.000000,3.69,21,2.71,105.0
ara2_3ed4df8e,2026-01-19T21:30:00.000000,3.56,21,2.61,90.0
ara2_3ed4df8e,2026-01-19T21:45:00.000000,3.34,21,2.53,75.0
ara2_3ed4df8e,2026-01-19T22:00:00.000000,3.33,22,2.11,60.0
ara2_3ed4df8e,2026-01-19T22:15:00.000000,3.15,22,2.11,45.0
ara2_3ed4df8e,2026-01-19T22:30:00.000000,3.09,22,2.03,30.0
ara2_3ed4df8e,2026-01-19T22:45:00.000000,3.0,22,1.9,15.0
ara2_3ed4df8e,2026-01-20T20:45:00.000000,3.4,20,2.9,120.0
ara2_3ed4df8e,2026-01-20T21:00:00.000000,3.92,21,2.9,105.0
ara2_3ed4df8e,2026-01-20T21:15:00.000000,3.81,21,2.9,90.0
ara2_3ed4df8e,2026-01-20T21:30:00.000000,3.33,21,2.53,75.0
ara2_3ed4df8e,2026-01-20T21:45:00.000000,3.49,21,2.13,60.0
ara2_3ed4df8e,2026-01-20T22:00:00.000000,3.48,22,2.13,45.0
ara2_3ed4df8e,2026-01-20T22:15:00.000000,3.41,22,2.08,30.0
ara2_3ed4df8e,2026-01-20T22:30:00.000000,3.02,22,2.08,15.0
ara2_3ed4df8e,2026-01-20T23:00:00.000000,3.19,23,1.89,30.0
ara2_3ed4df8e,2026-01-20T23:15:00.000000,3.11,23,1.89,15.0
ara2_3ed4df8e,2026-01-21T20:15:00.000000,3.68,20,2.68,120.0
ara2_3ed4df8e,2026-01-21T20:30:00.000000,3.85,20,2.68,105.0
ara2_3ed4df8e,2026-01-21T20:45:00.000000,3.99,20,2.61,90.0
ara2_3ed4df8e,2026-01-21T21:00:00.000000,3.97,21,2.61,75.0
ara2_3ed4df8e,2026-01-21T21:15:00.000000,3.33,21,2.04,60.0
ara2_3ed4df8e,2026-01-21T21:30:00.000000,3.59,21,2.04,45.0
ara2_3ed4df8e,2026-01-21T21:45:00.000000,3.26,21,2.04,30.0
ara2_3ed4df8e,2026-01-21T22:00:00.000000,3.33,22,2.01,15.0
ara2_3ed4df8e,2026-01-21T22:30:00.000000,3.04,22,0.75,15.0
ara2_3ed4df8e,2026-01-22T16:00:00.000000,4.76,16,2.86,120.0
ara2_3ed4df8e,2026-01-22T16:15:00.000000,4.6,16,2.57,105.0
ara2_3ed4df8e,2026-01-22T16:30:00.000000,3.99,16,2.46,90.0
ara2_3ed4df8e,2026-01-22T16:45:00.000000,4.14,16,1.89,75.0
ara2_3ed4df8e,2026-01-22T17:00:00.000000,3.42,17,1.89,60.0
ara2_3ed4df8e,2026-01-22T17:15:00.000000,3.19,17,1.89,45.0
ara2_3ed4df8e,2026-01-22T17:30:00.000000,3.13,17,1.89,30.0
ara2_3ed4df8e,2026-01-22T17:45:00.000000,3.26,17,1.89,15.0
ara2_3ed4df8e,2026-01-23T22:15:00.000000,3.89,22,2.89,120.0
ara2_3ed4df8e,2026-01-23T22:30:00.000000,3.78,22,2.76,105.0
ara2_3ed4df8e,2026-01-23T22:45:00.000000,3.69,22,2.61,90.0
ara2_3ed4df8e,2026-01-23T23:00:00.000000,3.57,23,2.46,75.0
ara2_3ed4df8e,2026-01-23T23:15:00.000000,3.43,23,2.32,60.0
ara2_3ed4df8e,2026-01-23T23:30:00.000000,3.35,23,2.22,45.0
ara2_3ed4df8e,2026-01-23T23:45:00.000000,3.15,23,2.16,30.0
ara2_3ed4df8e,2026-01-24T00:00:00.000000,3.0,0,2.16,15.0
ara2_3ed4df8e,2026-01-25T02:45:00.000000,3.98,2,2.82,120.0
ara2_3ed4df8e,2026-01-25T03:00:00.000000,3.82,3,2.8,105.0
ara2_3ed4df8e,2026-01-25T03:15:00.000000,3.76,3,2.8,90.0
ara2_3ed4df8e,2026-01-25T03:30:00.000000,3.64,3,2.8,75.0
ara2_3ed4df8e,2026-01-25T03:45:00.000000,3.49,3,2.77,60.0
ara2_3ed4df8e,2026-01-25T04:00:00.000000,3.19,4,2.67,45.0
ara2_3ed4df8e,2026-01-25T04:15:00.000000,3.1,4,2.59,30.0
ara2_3ed4df8e,2026-01-25T04:30:00.000000,3.21,4,2.44,15.0
ara2_3ed4df8e,2026-01-27T08:45:00.000000,3.4,8,1.19,120.0
ara2_3ed4df8e,2026-01-27T09:00:00.000000,3.31,9,1.19,105.0
ara2_3ed4df8e,2026-01-27T09:15:00.000000,3.65,9,1.19,90.0
ara2_3ed4df8e,2026-01-27T09:30:00.000000,4.27,9,1.19,75.0
ara2_3ed4df8e,2026-01-27T09:45:00.000000,4.31,9,1.19,60.0
ara2_3ed4df8e,2026-01-27T10:00:00.000000,5.89,10,1.19,45.0
ara2_3ed4df8e,2026-01-27T10:15:00.000000,6.52,10,1.19,30.0
ara2_3ed4df8e,2026-01-27T10:30:00.000000,7.38,10,1.19,15.0
ara2_3ed4df8e,2026-01-28T03:00:00.000000,3.71,3,2.92,120.0
ara2_3ed4df8e,2026-01-28T03:15:00.000000,3.6,3,2.83,105.0
ara2_3ed4df8e,2026-01-28T03:30:00.000000,3.56,3,2.71,90.0
ara2_3ed4df8e,2026-01-28T03:45:00.000000,3.51,3,2.68,75.0
ara2_3ed4df8e,2026-01-28T04:00:00.000000,3.38,4,2.68,60.0
ara2_3ed4df8e,2026-01-28T04:15:00.000000,3.26,4,2.68,45.0
ara2_3ed4df8e,2026-01-28T04:30:00.000000,3.04,4,2.68,30.0
ara2_3ed4df8e,2026-01-28T04:45:00.000000,3.0,4,2.68,15.0
ara2_3ed4df8e,2026-01-29T03:45:00.000000,3.52,3,2.93,120.0
ara2_3ed4df8e,2026-01-29T04:00:00.000000,3.4,4,2.81,105.0
ara2_3ed4df8e,2026-01-29T04:15:00.000000,3.4,4,2.66,90.0
ara2_3ed4df8e,2026-01-29T04:30:00.000000,3.28,4,2.56,75.0
ara2_3ed4df8e,2026-01-29T04:45:00.000000,3.18,4,2.33,60.0
ara2_3ed4df8e,2026-01-29T05:00:00.000000,3.17,5,2.22,45.0
ara2_3ed4df8e,2026-01-29T05:15:00.000000,3.03,5,2.22,30.0
ara2_3ed4df8e,2026-01-29T05:30:00.000000,3.0,5,2.22,15.0
ara2_3ed4df8e,2026-01-30T02:00:00.000000,3.73,2,2.71,105.0
ara2_3ed4df8e,2026-01-30T02:15:00.000000,3.59,2,2.62,90.0
ara2_3ed4df8e,2026-01-30T02:30:00.000000,3.38,2,2.52,75.0
ara2_3ed4df8e,2026-01-30T02:45:00.000000,3.32,2,2.28,60.0
ara2_3ed4df8e,2026-01-30T03:00:00.000000,3.16,3,2.2,45.0
ara2_3ed4df8e,2026-01-30T03:15:00.000000,3.17,3,2.07,30.0
ara2_3ed4df8e,2026-01-30T03:30:00.000000,3.02,3,1.94,15.0
ara2_45e1cde5,2025-12-16T05:30:00.000000,4.27,5,2.51,120.0
ara2_45e1cde5,2025-12-16T05:45:00.000000,4.14,5,2.51,105.0
ara2_45e1cde5,2025-12-16T06:00:00.000000,3.91,6,2.51,90.0
ara2_45e1cde5,2025-12-16T06:15:00.000000,3.88,6,2.51,75.0
ara2_45e1cde5,2025-12-16T06:30:00.000000,3.75,6,2.51,60.0
ara2_45e1cde5,2025-12-16T06:45:00.000000,3.7,6,2.51,45.0
ara2_45e1cde5,2025-12-16T07:00:00.000000,3.53,7,2.51,30.0
ara2_45e1cde5,2025-12-16T07:15:00.000000,3.34,7,2.51,15.0
ara2_45e1cde5,2025-12-17T01:30:00.000000,5.55,1,2.1,120.0
ara2_45e1cde5,2025-12-17T01:45:00.000000,5.18,1,2.1,105.0
ara2_45e1cde5,2025-12-17T02:00:00.000000,5.15,2,2.1,90.0
ara2_45e1cde5,2025-12-17T02:15:00.000000,4.96,2,2.1,75.0
ara2_45e1cde5,2025-12-17T02:30:00.000000,4.9,2,2.1,60.0
ara2_45e1cde5,2025-12-17T02:45:00.000000,4.89,2,2.1,45.0
ara2_45e1cde5,2025-12-17T03:00:00.000000,4.67,3,2.1,30.0
ara2_45e1cde5,2025-12-17T03:15:00.000000,4.51,3,2.1,15.0
ara2_45e1cde5,2025-12-17T21:15:00.000000,12.89,21,2.39,120.0
ara2_45e1cde5,2025-12-17T21:30:00.000000,12.56,21,2.39,105.0
ara2_45e1cde5,2025-12-17T21:45:00.000000,12.19,21,2.39,90.0
ara2_45e1cde5,2025-12-17T22:00:00.000000,11.62,22,2.39,75.0
ara2_45e1cde5,2025-12-17T22:15:00.000000,10.47,22,2.39,60.0
ara2_45e1cde5,2025-12-17T22:30:00.000000,10.36,22,2.39,45.0
ara2_45e1cde5,2025-12-17T22:45:00.000000,9.74,22,2.39,30.0
ara2_45e1cde5,2025-12-17T23:00:00.000000,9.05,23,2.39,15.0
ara2_45e1cde5,2025-12-20T04:45:00.000000,4.1,4,2.96,120.0
ara2_45e1cde5,2025-12-20T05:00:00.000000,3.88,5,2.96,105.0
ara2_45e1cde5,2025-12-20T05:15:00.000000,3.69,5,2.96,90.0
ara2_45e1cde5,2025-12-20T05:30:00.000000,3.59,5,2.96,75.0
ara2_45e1cde5,2025-12-20T05:45:00.000000,3.45,5,2.96,60.0
ara2_45e1cde5,2025-12-20T06:00:00.000000,3.16,6,2.96,45.0
ara2_45e1cde5,2025-12-20T06:15:00.000000,3.19,6,2.96,30.0
ara2_45e1cde5,2025-12-20T06:30:00.000000,3.11,6,2.96,15.0
ara2_45e1cde5,2025-12-23T02:15:00.000000,6.77,2,2.97,120.0
ara2_45e1cde5,2025-12-23T02:30:00.000000,6.2,2,1.52,105.0
ara2_45e1cde5,2025-12-23T02:45:00.000000,5.83,2,1.52,90.0
ara2_45e1cde5,2025-12-23T03:00:00.000000,5.13,3,1.52,75.0
ara2_45e1cde5,2025-12-23T03:15:00.000000,4.44,3,1.52,60.0
ara2_45e1cde5,2025-12-23T03:30:00.000000,4.1,3,1.52,45.0
ara2_45e1cde5,2025-12-23T03:45:00.000000,3.38,3,1.52,30.0
ara2_45e1cde5,2025-12-23T04:00:00.000000,3.26,4,1.52,15.0
ara2_45e1cde5,2025-12-23T06:30:00.000000,3.0,6,2.87,15.0
ara2_45e1cde5,2025-12-24T03:15:00.000000,6.56,3,1.82,120.0
ara2_45e1cde5,2025-12-24T03:30:00.000000,6.17,3,1.82,105.0
ara2_45e1cde5,2025-12-24T03:45:00.000000,5.47,3,1.82,90.0
ara2_45e1cde5,2025-12-24T04:00:00.000000,5.19,4,1.82,75.0
ara2_45e1cde5,2025-12-24T04:15:00.000000,4.44,4,1.82,60.0
ara2_45e1cde5,2025-12-24T04:30:00.000000,4.19,4,1.82,45.0
ara2_45e1cde5,2025-12-24T04:45:00.000000,3.94,4,1.82,30.0
ara2_45e1cde5,2025-12-24T05:00:00.000000,3.1,5,1.82,15.0
ara2_45e1cde5,2025-12-24T06:45:00.000000,3.07,6,2.43,15.0
ara2_45e1cde5,2025-12-25T21:30:00.000000,8.54,21,1.93,120.0
ara2_45e1cde5,2025-12-25T21:45:00.000000,8.47,21,1.93,105.0
ara2_45e1cde5,2025-12-25T22:00:00.000000,8.38,22,1.93,90.0
ara2_45e1cde5,2025-12-25T22:15:00.000000,8.22,22,1.93,75.0
ara2_45e1cde5,2025-12-25T22:30:00.000000,8.1,22,1.93,60.0
ara2_45e1cde5,2025-12-25T22:45:00.000000,7.97,22,1.93,45.0
ara2_45e1cde5,2025-12-25T23:00:00.000000,7.84,23,1.93,30.0
ara2_45e1cde5,2025-12-25T23:15:00.000000,7.68,23,1.93,15.0
ara2_45e1cde5,2025-12-27T05:30:00.000000,3.39,5,2.95,120.0
ara2_45e1cde5,2025-12-27T05:45:00.000000,3.42,5,2.77,105.0
ara2_45e1cde5,2025-12-27T06:00:00.000000,3.76,6,2.77,90.0
ara2_45e1cde5,2025-12-27T06:15:00.000000,3.67,6,2.77,75.0
ara2_45e1cde5,2025-12-27T06:30:00.000000,3.59,6,2.7,60.0
ara2_45e1cde5,2025-12-27T06:45:00.000000,3.43,6,2.7,45.0
ara2_45e1cde5,2025-12-27T07:00:00.000000,3.28,7,2.7,30.0
ara2_45e1cde5,2025-12-27T07:15:00.000000,3.06,7,2.7,15.0
ara2_45e1cde5,2025-12-27T08:00:00.000000,3.14,8,2.7,30.0
ara2_45e1cde5,2025-12-27T08:15:00.000000,3.04,8,2.7,15.0
ara2_45e1cde5,2025-12-28T03:30:00.000000,4.33,3,2.99,120.0
ara2_45e1cde5,2025-12-28T03:45:00.000000,4.86,3,2.89,105.0
ara2_45e1cde5,2025-12-28T04:00:00.000000,4.39,4,2.53,90.0
ara2_45e1cde5,2025-12-28T04:15:00.000000,4.3,4,2.53,75.0
ara2_45e1cde5,2025-12-28T04:30:00.000000,3.82,4,2.53,60.0
ara2_45e1cde5,2025-12-28T04:45:00.000000,3.39,4,2.39,45.0
ara2_45e1cde5,2025-12-28T05:00:00.000000,3.05,5,2.14,30.0
ara2_45e1cde5,2025-12-28T05:15:00.000000,3.39,5,1.99,15.0
ara2_45e1cde5,2025-12-28T20:45:00.000000,9.32,20,1.86,120.0
ara2_45e1cde5,2025-12-28T21:00:00.000000,8.95,21,1.86,105.0
ara2_45e1cde5,2025-12-28T21:15:00.000000,8.82,21,1.86,90.0
ara2_45e1cde5,2025-12-28T21:30:00.000000,8.6,21,1.86,75.0
ara2_45e1cde5,2025-12-28T21:45:00.000000,8.19,21,1.86,60.0
ara2_45e1cde5,2025-12-28T22:00:00.000000,8.16,22,1.86,45.0
ara2_45e1cde5,2025-12-28T22:15:00.000000,7.86,22,1.86,30.0
ara2_45e1cde5,2025-12-28T22:30:00.000000,8.11,22,1.86,15.0
ara2_45e1cde5,2025-12-28T23:45:00.000000,6.12,23,2.94,120.0
ara2_45e1cde5,2025-12-29T00:00:00.000000,5.81,0,2.94,105.0
ara2_45e1cde5,2025-12-29T00:15:00.000000,6.19,0,2.94,90.0
ara2_45e1cde5,2025-12-29T00:30:00.000000,5.75,0,2.94,75.0
ara2_45e1cde5,2025-12-29T00:45:00.000000,5.94,0,2.94,60.0
ara2_45e1cde5,2025-12-29T01:00:00.000000,5.2,1,2.94,45.0
ara2_45e1cde5,2025-12-29T01:15:00.000000,5.3,1,2.94,30.0
ara2_45e1cde5,2025-12-29T01:30:00.000000,4.83,1,2.94,15.0
ara2_45e1cde5,2025-12-29T02:45:00.000000,4.2,2,2.73,120.0
ara2_45e1cde5,2025-12-29T03:00:00.000000,3.8,3,2.54,105.0
ara2_45e1cde5,2025-12-29T03:15:00.000000,3.81,3,2.07,90.0
ara2_45e1cde5,2025-12-29T03:30:00.000000,3.23,3,2.07,75.0
ara2_45e1cde5,2025-12-29T03:45:00.000000,3.73,3,2.07,60.0
ara2_45e1cde5,2025-12-29T04:00:00.000000,3.22,4,2.07,45.0
ara2_45e1cde5,2025-12-29T04:15:00.000000,3.6,4,2.07,30.0
ara2_45e1cde5,2025-12-29T04:30:00.000000,3.4,4,2.07,15.0
ara2_45e1cde5,2025-12-31T03:45:00.000000,5.14,3,2.96,120.0
ara2_45e1cde5,2025-12-31T04:00:00.000000,5.19,4,2.96,105.0
ara2_45e1cde5,2025-12-31T04:15:00.000000,4.98,4,2.96,90.0
ara2_45e1cde5,2025-12-31T04:30:00.000000,4.69,4,2.96,75.0
ara2_45e1cde5,2025-12-31T04:45:00.000000,4.3,4,2.96,60.0
ara2_45e1cde5,2025-12-31T05:00:00.000000,4.28,5,2.96,45.0
ara2_45e1cde5,2025-12-31T05:15:00.000000,3.81,5,2.96,30.0
ara2_45e1cde5,2025-12-31T05:30:00.000000,3.66,5,2.96,15.0
ara2_45e1cde5,2026-01-01T09:15:00.000000,3.92,9,1.84,120.0
ara2_45e1cde5,2026-01-01T09:30:00.000000,3.97,9,1.84,105.0
ara2_45e1cde5,2026-01-01T09:45:00.000000,4.05,9,1.84,90.0
ara2_45e1cde5,2026-01-01T10:00:00.000000,4.56,10,1.84,75.0
ara2_45e1cde5,2026-01-01T10:15:00.000000,4.56,10,1.84,60.0
ara2_45e1cde5,2026-01-01T10:30:00.000000,4.81,10,1.84,45.0
ara2_45e1cde5,2026-01-01T10:45:00.000000,5.3,10,1.84,30.0
ara2_45e1cde5,2026-01-01T11:00:00.000000,5.28,11,1.84,15.0
ara2_45e1cde5,2026-01-03T03:15:00.000000,5.57,3,2.78,120.0
ara2_45e1cde5,2026-01-03T03:30:00.000000,5.73,3,2.47,105.0
ara2_45e1cde5,2026-01-03T03:45:00.000000,5.17,3,2.1,90.0
ara2_45e1cde5,2026-01-03T04:00:00.000000,4.92,4,1.42,75.0
ara2_45e1cde5,2026-01-03T04:15:00.000000,4.32,4,1.23,60.0
ara2_45e1cde5,2026-01-03T04:30:00.000000,4.11,4,0.97,45.0
ara2_45e1cde5,2026-01-03T04:45:00.000000,3.77,4,0.92,30.0
ara2_45e1cde5,2026-01-03T05:00:00.000000,3.32,5,0.92,15.0
ara2_45e1cde5,2026-01-04T05:00:00.000000,3.71,5,0.96,120.0
ara2_45e1cde5,2026-01-04T05:15:00.000000,3.47,5,0.96,105.0
ara2_45e1cde5,2026-01-04T05:30:00.000000,3.45,5,0.96,90.0
ara2_45e1cde5,2026-01-04T05:45:00.000000,3.83,5,0.96,75.0
ara2_45e1cde5,2026-01-04T06:00:00.000000,3.73,6,0.96,60.0
ara2_45e1cde5,2026-01-04T06:15:00.000000,4.09,6,0.96,45.0
ara2_45e1cde5,2026-01-04T06:30:00.000000,3.68,6,0.96,30.0
ara2_45e1cde5,2026-01-04T06:45:00.000000,3.74,6,0.96,15.0
ara2_45e1cde5,2026-01-04T07:30:00.000000,3.78,7,2.93,60.0
ara2_45e1cde5,2026-01-04T07:45:00.000000,3.49,7,2.93,45.0
ara2_45e1cde5,2026-01-04T08:00:00.000000,3.65,8,2.93,30.0
ara2_45e1cde5,2026-01-04T08:15:00.000000,3.32,8,2.93,15.0
ara2_45e1cde5,2026-01-05T04:30:00.000000,4.36,4,0.92,120.0
ara2_45e1cde5,2026-01-05T04:45:00.000000,4.31,4,0.92,105.0
ara2_45e1cde5,2026-01-05T05:00:00.000000,4.39,5,0.92,90.0
ara2_45e1cde5,2026-01-05T05:15:00.000000,3.83,5,0.92,75.0
ara2_45e1cde5,2026-01-05T05:30:00.000000,3.91,5,0.92,60.0
ara2_45e1cde5,2026-01-05T05:45:00.000000,3.64,5,0.92,45.0
ara2_45e1cde5,2026-01-05T06:00:00.000000,3.39,6,0.92,30.0
ara2_45e1cde5,2026-01-05T06:15:00.000000,3.17,6,0.92,15.0
ara2_45e1cde5,2026-01-05T09:30:00.000000,3.04,9,2.93,30.0
ara2_45e1cde5,2026-01-05T09:45:00.000000,7.78,9,2.93,15.0
ara2_45e1cde5,2026-01-10T03:30:00.000000,3.85,3,2.84,120.0
ara2_45e1cde5,2026-01-10T03:45:00.000000,3.71,3,2.83,105.0
ara2_45e1cde5,2026-01-10T04:00:00.000000,3.55,4,2.73,90.0
ara2_45e1cde5,2026-01-10T04:15:00.000000,3.44,4,2.67,75.0
ara2_45e1cde5,2026-01-10T04:30:00.000000,3.34,4,2.53,60.0
ara2_45e1cde5,2026-01-10T04:45:00.000000,3.22,4,2.53,45.0
ara2_45e1cde5,2026-01-10T05:00:00.000000,3.13,5,2.53,30.0
ara2_45e1cde5,2026-01-10T05:15:00.000000,3.02,5,2.53,15.0
ara2_45e1cde5,2026-01-10T09:30:00.000000,3.03,9,2.88,15.0
ara2_45e1cde5,2026-01-10T17:00:00.000000,4.31,17,2.99,120.0
ara2_45e1cde5,2026-01-10T17:15:00.000000,4.17,17,2.53,105.0
ara2_45e1cde5,2026-01-10T17:30:00.000000,4.24,17,2.38,90.0
ara2_45e1cde5,2026-01-10T17:45:00.000000,4.22,17,2.35,75.0
ara2_45e1cde5,2026-01-10T18:00:00.000000,4.06,18,2.2,60.0
ara2_45e1cde5,2026-01-10T18:15:00.000000,3.86,18,2.14,45.0
ara2_45e1cde5,2026-01-10T18:30:00.000000,3.08,18,2.14,30.0
ara2_45e1cde5,2026-01-10T18:45:00.000000,3.14,18,2.1,15.0
ara2_45e1cde5,2026-01-11T09:30:00.000000,3.01,9,2.82,15.0
ara2_45e1cde5,2026-01-11T10:00:00.000000,3.23,10,2.87,15.0
ara2_45e1cde5,2026-01-12T03:15:00.000000,3.67,3,2.76,90.0
ara2_45e1cde5,2026-01-12T03:30:00.000000,3.57,3,2.76,75.0
ara2_45e1cde5,2026-01-12T03:45:00.000000,3.54,3,2.76,60.0
ara2_45e1cde5,2026-01-12T04:00:00.000000,3.59,4,2.56,45.0
ara2_45e1cde5,2026-01-12T04:15:00.000000,3.34,4,2.31,30.0
ara2_45e1cde5,2026-01-12T04:30:00.000000,3.39,4,2.31,15.0
ara2_45e1cde5,2026-01-12T05:00:00.000000,3.1,5,1.93,15.0
ara2_45e1cde5,2026-01-13T00:30:00.000000,4.23,0,2.93,120.0
ara2_45e1cde5,2026-01-13T00:45:00.000000,4.52,0,2.93,105.0
ara2_45e1cde5,2026-01-13T01:00:00.000000,4.28,1,2.93,90.0
ara2_45e1cde5,2026-01-13T01:15:00.000000,4.42,1,2.93,75.0
ara2_45e1cde5,2026-01-13T01:30:00.000000,3.99,1,2.93,60.0
ara2_45e1cde5,2026-01-13T01:45:00.000000,4.03,1,2.93,45.0
ara2_45e1cde5,2026-01-13T02:00:00.000000,3.86,2,2.93,30.0
ara2_45e1cde5,2026-01-13T02:15:00.000000,3.15,2,2.93,15.0
ara2_45e1cde5,2026-01-13T02:45:00.000000,3.0,2,2.52,105.0
ara2_45e1cde5,2026-01-13T03:00:00.000000,3.5,3,2.52,90.0
ara2_45e1cde5,2026-01-13T03:15:00.000000,3.42,3,2.23,75.0
ara2_45e1cde5,2026-01-13T03:30:00.000000,3.25,3,2.11,60.0
ara2_45e1cde5,2026-01-13T03:45:00.000000,3.24,3,2.11,45.0
ara2_45e1cde5,2026-01-13T04:00:00.000000,3.09,4,1.87,30.0
ara2_45e1cde5,2026-01-13T04:15:00.000000,3.05,4,1.87,15.0
ara2_45e1cde5,2026-01-15T04:45:00.000000,5.94,4,2.59,120.0
ara2_45e1cde5,2026-01-15T05:00:00.000000,5.0,5,2.49,105.0
ara2_45e1cde5,2026-01-15T05:15:00.000000,4.15,5,1.9,90.0
ara2_45e1cde5,2026-01-15T05:30:00.000000,4.33,5,1.16,75.0
ara2_45e1cde5,2026-01-15T05:45:00.000000,4.09,5,1.01,60.0
ara2_45e1cde5,2026-01-15T06:00:00.000000,3.73,6,1.01,45.0
ara2_45e1cde5,2026-01-15T06:15:00.000000,3.22,6,1.01,30.0
ara2_45e1cde5,2026-01-15T06:30:00.000000,3.29,6,1.01,15.0
ara2_45e1cde5,2026-01-15T08:45:00.000000,3.04,8,2.14,30.0
ara2_45e1cde5,2026-01-15T09:00:00.000000,3.13,9,2.11,15.0
ara2_45e1cde5,2026-01-16T03:30:00.000000,3.8,3,2.98,30.0
ara2_45e1cde5,2026-01-16T03:45:00.000000,3.71,3,2.98,15.0
ara2_45e1cde5,2026-01-16T10:45:00.000000,3.59,10,2.92,45.0
ara2_45e1cde5,2026-01-16T11:00:00.000000,3.36,11,2.92,30.0
ara2_45e1cde5,2026-01-16T11:15:00.000000,3.25,11,2.92,15.0
ara2_45e1cde5,2026-01-17T01:30:00.000000,4.27,1,1.99,45.0
ara2_45e1cde5,2026-01-17T01:45:00.000000,3.33,1,1.99,30.0
ara2_45e1cde5,2026-01-17T02:00:00.000000,3.15,2,1.51,15.0
ara2_45e1cde5,2026-01-17T12:45:00.000000,3.69,12,1.95,45.0
ara2_45e1cde5,2026-01-17T13:00:00.000000,3.17,13,1.95,30.0
ara2_45e1cde5,2026-01-17T13:15:00.000000,5.19,13,1.95,15.0
ara2_45e1cde5,2026-01-17T19:00:00.000000,4.99,19,1.0,120.0
ara2_45e1cde5,2026-01-17T19:15:00.000000,4.13,19,1.0,105.0
ara2_45e1cde5,2026-01-17T19:30:00.000000,5.3,19,1.0,90.0
ara2_45e1cde5,2026-01-17T19:45:00.000000,6.11,19,1.0,75.0
ara2_45e1cde5,2026-01-17T20:00:00.000000,5.97,20,1.0,60.0
ara2_45e1cde5,2026-01-17T20:15:00.000000,5.76,20,1.0,45.0
ara2_45e1cde5,2026-01-17T20:30:00.000000,5.91,20,1.0,30.0
ara2_45e1cde5,2026-01-17T20:45:00.000000,4.96,20,1.0,15.0
ara2_45e1cde5,2026-01-17T21:45:00.000000,3.66,21,1.98,30.0
ara2_45e1cde5,2026-01-17T22:00:00.000000,3.25,22,1.98,15.0
ara2_45e1cde5,2026-01-19T05:30:00.000000,4.33,5,2.93,120.0
ara2_45e1cde5,2026-01-19T05:45:00.000000,4.14,5,2.69,105.0
ara2_45e1cde5,2026-01-19T06:00:00.000000,4.05,6,2.67,90.0
ara2_45e1cde5,2026-01-19T06:15:00.000000,3.74,6,2.65,75.0
ara2_45e1cde5,2026-01-19T06:30:00.000000,3.68,6,2.43,60.0
ara2_45e1cde5,2026-01-19T06:45:00.000000,3.44,6,2.43,45.0
ara2_45e1cde5,2026-01-19T07:00:00.000000,3.2,7,1.24,30.0
ara2_45e1cde5,2026-01-19T07:15:00.000000,3.07,7,1.13,15.0
ara2_45e1cde5,2026-01-20T03:45:00.000000,4.79,3,2.97,120.0
ara2_45e1cde5,2026-01-20T04:00:00.000000,4.48,4,2.43,105.0
ara2_45e1cde5,2026-01-20T04:15:00.000000,4.5,4,2.43,90.0
ara2_45e1cde5,2026-01-20T04:30:00.000000,4.29,4,2.43,75.0
ara2_45e1cde5,2026-01-20T04:45:00.000000,3.89,4,2.43,60.0
ara2_45e1cde5,2026-01-20T05:00:00.000000,3.65,5,2.4,45.0
ara2_45e1cde5,2026-01-20T05:15:00.000000,3.42,5,2.4,30.0
ara2_45e1cde5,2026-01-20T05:30:00.000000,3.15,5,2.4,15.0
ara2_45e1cde5,2026-01-20T10:00:00.000000,3.11,10,2.91,15.0
ara2_45e1cde5,2026-01-22T02:30:00.000000,3.54,2,2.07,60.0
ara2_45e1cde5,2026-01-22T02:45:00.000000,3.04,2,2.07,45.0
ara2_45e1cde5,2026-01-22T03:00:00.000000,3.2,3,1.71,30.0
ara2_45e1cde5,2026-01-22T03:15:00.000000,3.16,3,1.69,15.0
ara2_45e1cde5,2026-01-23T02:15:00.000000,3.49,2,1.09,30.0
ara2_45e1cde5,2026-01-23T02:30:00.000000,3.25,2,0.71,15.0
ara2_45e1cde5,2026-01-24T15:00:00.000000,7.3,15,1.53,120.0
ara2_45e1cde5,2026-01-24T15:15:00.000000,7.87,15,1.53,105.0
ara2_45e1cde5,2026-01-24T15:30:00.000000,8.92,15,1.53,90.0
ara2_45e1cde5,2026-01-24T15:45:00.000000,9.18,15,1.53,75.0
ara2_45e1cde5,2026-01-24T16:00:00.000000,9.07,16,1.53,60.0
ara2_45e1cde5,2026-01-24T16:15:00.000000,9.1,16,1.53,45.0
ara2_45e1cde5,2026-01-24T16:30:00.000000,9.06,16,1.53,30.0
ara2_45e1cde5,2026-01-24T16:45:00.000000,8.53,16,1.53,15.0
ara2_45e1cde5,2026-01-29T06:00:00.000000,3.3,6,2.46,30.0
ara2_45e1cde5,2026-01-29T06:15:00.000000,3.04,6,2.46,15.0
ara2_45e1cde5,2026-01-30T03:15:00.000000,4.32,3,2.96,120.0
ara2_45e1cde5,2026-01-30T03:30:00.000000,4.17,3,2.78,105.0
ara2_45e1cde5,2026-01-30T03:45:00.000000,4.14,3,2.48,90.0
ara2_45e1cde5,2026-01-30T04:00:00.000000,3.44,4,2.48,75.0
ara2_45e1cde5,2026-01-30T04:15:00.000000,3.63,4,2.26,60.0
ara2_45e1cde5,2026-01-30T04:30:00.000000,3.44,4,2.1,45.0
ara2_45e1cde5,2026-01-30T04:45:00.000000,3.13,4,0.87,30.0
ara2_45e1cde5,2026-01-30T05:00:00.000000,3.11,5,0.87,15.0
ara2_4f79fc8d,2025-12-14T03:30:00.000000,3.15,3,2.44,15.0
ara2_4f79fc8d,2025-12-14T23:30:00.000000,5.13,23,2.29,120.0
ara2_4f79fc8d,2025-12-14T23:45:00.000000,5.02,23,2.29,105.0
ara2_4f79fc8d,2025-12-15T00:00:00.000000,4.85,0,2.29,90.0
ara2_4f79fc8d,2025-12-15T00:15:00.000000,4.6,0,2.29,75.0
ara2_4f79fc8d,2025-12-15T00:30:00.000000,4.39,0,2.29,60.0
ara2_4f79fc8d,2025-12-15T00:45:00.000000,4.16,0,2.29,45.0
ara2_4f79fc8d,2025-12-15T01:00:00.000000,3.9,1,2.29,30.0
ara2_4f79fc8d,2025-12-15T01:15:00.000000,3.81,1,2.29,15.0
ara2_4f79fc8d,2025-12-15T22:45:00.000000,3.8,22,2.89,120.0
ara2_4f79fc8d,2025-12-15T23:00:00.000000,3.6,23,2.76,105.0
ara2_4f79fc8d,2025-12-15T23:15:00.000000,3.57,23,2.73,90.0
ara2_4f79fc8d,2025-12-15T23:30:00.000000,3.45,23,2.72,75.0
ara2_4f79fc8d,2025-12-15T23:45:00.000000,3.2,23,2.67,60.0
ara2_4f79fc8d,2025-12-16T00:00:00.000000,3.23,0,2.59,45.0
ara2_4f79fc8d,2025-12-16T00:15:00.000000,3.08,0,2.51,30.0
ara2_4f79fc8d,2025-12-16T00:30:00.000000,3.03,0,2.5,15.0
ara2_4f79fc8d,2025-12-17T00:00:00.000000,4.34,0,2.89,120.0
ara2_4f79fc8d,2025-12-17T00:15:00.000000,4.12,0,2.78,105.0
ara2_4f79fc8d,2025-12-17T00:30:00.000000,3.91,0,2.58,90.0
ara2_4f79fc8d,2025-12-17T00:45:00.000000,3.73,0,2.49,75.0
ara2_4f79fc8d,2025-12-17T01:00:00.000000,3.42,1,2.39,60.0
ara2_4f79fc8d,2025-12-17T01:15:00.000000,3.24,1,2.26,45.0
ara2_4f79fc8d,2025-12-17T01:30:00.000000,3.13,1,2.26,30.0
ara2_4f79fc8d,2025-12-17T01:45:00.000000,3.06,1,2.26,15.0
ara2_4f79fc8d,2025-12-18T02:30:00.000000,3.2,2,2.26,30.0
ara2_4f79fc8d,2025-12-18T02:45:00.000000,3.04,2,2.26,15.0
ara2_4f79fc8d,2025-12-19T09:15:00.000000,3.2,9,2.42,60.0
ara2_4f79fc8d,2025-12-19T09:30:00.000000,4.18,9,2.42,45.0
ara2_4f79fc8d,2025-12-19T09:45:00.000000,3.72,9,2.42,30.0
ara2_4f79fc8d,2025-12-19T10:00:00.000000,3.01,10,2.42,15.0
ara2_4f79fc8d,2025-12-19T10:30:00.000000,3.22,10,2.92,30.0
ara2_4f79fc8d,2025-12-19T10:45:00.000000,3.24,10,2.92,15.0
ara2_4f79fc8d,2025-12-20T01:45:00.000000,4.1,1,2.96,120.0
ara2_4f79fc8d,2025-12-20T02:00:00.000000,3.97,2,2.87,105.0
ara2_4f79fc8d,2025-12-20T02:15:00.000000,3.85,2,2.7,90.0
ara2_4f79fc8d,2025-12-20T02:30:00.000000,3.79,2,2.52,75.0
ara2_4f79fc8d,2025-12-20T02:45:00.000000,3.72,2,2.33,60.0
ara2_4f79fc8d,2025-12-20T03:00:00.000000,3.57,3,2.1,45.0
ara2_4f79fc8d,2025-12-20T03:15:00.000000,3.47,3,1.91,30.0
ara2_4f79fc8d,2025-12-20T03:30:00.000000,3.26,3,1.79,15.0
ara2_4f79fc8d,2025-12-21T03:15:00.000000,4.22,3,2.99,120.0
ara2_4f79fc8d,2025-12-21T03:30:00.000000,4.09,3,2.98,105.0
ara2_4f79fc8d,2025-12-21T03:45:00.000000,3.88,3,2.97,90.0
ara2_4f79fc8d,2025-12-21T04:00:00.000000,3.63,4,2.79,75.0
ara2_4f79fc8d,2025-12-21T04:15:00.000000,3.41,4,2.73,60.0
ara2_4f79fc8d,2025-12-21T04:30:00.000000,3.35,4,2.54,45.0
ara2_4f79fc8d,2025-12-21T04:45:00.000000,3.18,4,2.54,30.0
ara2_4f79fc8d,2025-12-21T05:00:00.000000,3.08,5,2.54,15.0
ara2_4f79fc8d,2025-12-24T03:00:00.000000,3.75,3,2.99,120.0
ara2_4f79fc8d,2025-12-24T03:15:00.000000,3.61,3,2.81,105.0
ara2_4f79fc8d,2025-12-24T03:30:00.000000,3.62,3,2.6,90.0
ara2_4f79fc8d,2025-12-24T03:45:00.000000,3.56,3,2.58,75.0
ara2_4f79fc8d,2025-12-24T04:00:00.000000,3.34,4,2.4,60.0
ara2_4f79fc8d,2025-12-24T04:15:00.000000,3.43,4,2.4,45.0
ara2_4f79fc8d,2025-12-24T04:30:00.000000,3.28,4,2.4,30.0
ara2_4f79fc8d,2025-12-24T04:45:00.000000,3.12,4,2.38,15.0
ara2_4f79fc8d,2025-12-25T00:00:00.000000,4.54,0,2.98,120.0
ara2_4f79fc8d,2025-12-25T00:15:00.000000,4.52,0,2.72,105.0
ara2_4f79fc8d,2025-12-25T00:30:00.000000,4.16,0,2.72,90.0
ara2_4f79fc8d,2025-12-25T00:45:00.000000,4.05,0,2.72,75.0
ara2_4f79fc8d,2025-12-25T01:00:00.000000,3.88,1,2.72,60.0
ara2_4f79fc8d,2025-12-25T01:15:00.000000,3.62,1,2.57,45.0
ara2_4f79fc8d,2025-12-25T01:30:00.000000,3.48,1,2.53,30.0
ara2_4f79fc8d,2025-12-25T01:45:00.000000,3.33,1,2.53,15.0
ara2_4f79fc8d,2025-12-26T01:30:00.000000,3.85,1,2.95,120.0
ara2_4f79fc8d,2025-12-26T01:45:00.000000,3.79,1,2.8,105.0
ara2_4f79fc8d,2025-12-26T02:00:00.000000,3.63,2,2.56,90.0
ara2_4f79fc8d,2025-12-26T02:15:00.000000,3.65,2,2.56,75.0
ara2_4f79fc8d,2025-12-26T02:30:00.000000,3.47,2,2.56,60.0
ara2_4f79fc8d,2025-12-26T02:45:00.000000,3.34,2,2.56,45.0
ara2_4f79fc8d,2025-12-26T03:00:00.000000,3.24,3,2.56,30.0
ara2_4f79fc8d,2025-12-26T03:15:00.000000,3.0,3,2.56,15.0
ara2_4f79fc8d,2025-12-31T05:30:00.000000,4.49,5,2.89,120.0
ara2_4f79fc8d,2025-12-31T05:45:00.000000,4.31,5,2.89,105.0
ara2_4f79fc8d,2025-12-31T06:00:00.000000,4.14,6,2.89,90.0
ara2_4f79fc8d,2025-12-31T06:15:00.000000,3.99,6,2.89,75.0
ara2_4f79fc8d,2025-12-31T06:30:00.000000,3.47,6,2.89,60.0
ara2_4f79fc8d,2025-12-31T06:45:00.000000,3.41,6,2.89,45.0
ara2_4f79fc8d,2025-12-31T07:00:00.000000,3.33,7,2.89,30.0
ara2_4f79fc8d,2025-12-31T07:15:00.000000,3.24,7,2.89,15.0
ara2_4f79fc8d,2026-01-01T02:15:00.000000,4.19,2,2.83,120.0
ara2_4f79fc8d,2026-01-01T02:30:00.000000,3.84,2,2.61,105.0
ara2_4f79fc8d,2026-01-01T02:45:00.000000,3.69,2,2.61,90.0
ara2_4f79fc8d,2026-01-01T03:00:00.000000,3.54,3,2.53,75.0
ara2_4f79fc8d,2026-01-01T03:15:00.000000,3.23,3,2.32,60.0
ara2_4f79fc8d,2026-01-01T03:30:00.000000,3.24,3,2.06,45.0
ara2_4f79fc8d,2026-01-01T03:45:00.000000,3.17,3,1.77,30.0
ara2_4f79fc8d,2026-01-01T04:00:00.000000,3.0,4,1.77,15.0
ara2_4f79fc8d,2026-01-01T10:15:00.000000,3.47,10,2.72,30.0
ara2_4f79fc8d,2026-01-01T10:30:00.000000,3.08,10,2.72,15.0
ara2_4f79fc8d,2026-01-01T22:00:00.000000,5.61,22,2.84,120.0
ara2_4f79fc8d,2026-01-01T22:15:00.000000,5.71,22,2.62,105.0
ara2_4f79fc8d,2026-01-01T22:30:00.000000,5.02,22,2.47,90.0
ara2_4f79fc8d,2026-01-01T22:45:00.000000,4.64,22,1.96,75.0
ara2_4f79fc8d,2026-01-01T23:00:00.000000,4.52,23,1.96,60.0
ara2_4f79fc8d,2026-01-01T23:15:00.000000,4.15,23,1.76,45.0
ara2_4f79fc8d,2026-01-01T23:30:00.000000,3.91,23,1.76,30.0
ara2_4f79fc8d,2026-01-01T23:45:00.000000,3.37,23,1.53,15.0
ara2_4f79fc8d,2026-01-02T21:30:00.000000,7.56,21,2.33,120.0
ara2_4f79fc8d,2026-01-02T21:45:00.000000,7.44,21,2.33,105.0
ara2_4f79fc8d,2026-01-02T22:00:00.000000,6.6,22,2.33,90.0
ara2_4f79fc8d,2026-01-02T22:15:00.000000,6.27,22,2.33,75.0
ara2_4f79fc8d,2026-01-02T22:30:00.000000,5.44,22,2.33,60.0
ara2_4f79fc8d,2026-01-02T22:45:00.000000,5.12,22,1.86,45.0
ara2_4f79fc8d,2026-01-02T23:00:00.000000,4.35,23,1.86,30.0
ara2_4f79fc8d,2026-01-02T23:15:00.000000,3.14,23,1.86,15.0
ara2_4f79fc8d,2026-01-04T19:15:00.000000,4.01,19,2.87,120.0
ara2_4f79fc8d,2026-01-04T19:30:00.000000,3.6,19,2.45,105.0
ara2_4f79fc8d,2026-01-04T19:45:00.000000,3.65,19,2.45,90.0
ara2_4f79fc8d,2026-01-04T20:00:00.000000,3.47,20,2.45,75.0
ara2_4f79fc8d,2026-01-04T20:15:00.000000,3.39,20,2.45,60.0
ara2_4f79fc8d,2026-01-04T20:30:00.000000,3.11,20,2.31,45.0
ara2_4f79fc8d,2026-01-04T20:45:00.000000,3.03,20,2.11,30.0
ara2_4f79fc8d,2026-01-04T21:00:00.000000,3.05,21,2.11,15.0
ara2_4f79fc8d,2026-01-06T00:30:00.000000,4.01,0,2.91,120.0
ara2_4f79fc8d,2026-01-06T00:45:00.000000,3.91,0,2.75,105.0
ara2_4f79fc8d,2026-01-06T01:00:00.000000,3.84,1,2.63,90.0
ara2_4f79fc8d,2026-01-06T01:15:00.000000,3.67,1,2.55,75.0
ara2_4f79fc8d,2026-01-06T01:30:00.000000,3.53,1,2.5,60.0
ara2_4f79fc8d,2026-01-06T01:45:00.000000,3.4,1,2.37,45.0
ara2_4f79fc8d,2026-01-06T02:00:00.000000,3.24,2,2.31,30.0
ara2_4f79fc8d,2026-01-06T02:15:00.000000,3.09,2,2.17,15.0
ara2_4f79fc8d,2026-01-08T04:45:00.000000,3.61,4,2.79,75.0
ara2_4f79fc8d,2026-01-08T05:00:00.000000,3.46,5,2.66,60.0
ara2_4f79fc8d,2026-01-08T05:15:00.000000,3.49,5,2.61,45.0
ara2_4f79fc8d,2026-01-08T05:30:00.000000,3.21,5,2.38,30.0
ara2_4f79fc8d,2026-01-08T05:45:00.000000,3.17,5,2.38,15.0
ara2_4f79fc8d,2026-01-10T04:30:00.000000,4.34,4,2.9,120.0
ara2_4f79fc8d,2026-01-10T04:45:00.000000,4.15,4,2.32,105.0
ara2_4f79fc8d,2026-01-10T05:00:00.000000,3.88,5,2.32,90.0
ara2_4f79fc8d,2026-01-10T05:15:00.000000,3.65,5,2.32,75.0
ara2_4f79fc8d,2026-01-10T05:30:00.000000,3.47,5,2.32,60.0
ara2_4f79fc8d,2026-01-10T05:45:00.000000,3.34,5,2.32,45.0
ara2_4f79fc8d,2026-01-10T06:00:00.000000,3.18,6,2.27,30.0
ara2_4f79fc8d,2026-01-10T06:15:00.000000,3.08,6,2.27,15.0
ara2_4f79fc8d,2026-01-10T21:45:00.000000,3.56,21,2.91,120.0
ara2_4f79fc8d,2026-01-10T22:00:00.000000,3.48,22,2.83,105.0
ara2_4f79fc8d,2026-01-10T22:15:00.000000,3.42,22,2.76,90.0
ara2_4f79fc8d,2026-01-10T22:30:00.000000,3.35,22,2.69,75.0
ara2_4f79fc8d,2026-01-10T22:45:00.000000,3.3,22,2.56,60.0
ara2_4f79fc8d,2026-01-10T23:00:00.000000,3.16,23,2.52,45.0
ara2_4f79fc8d,2026-01-10T23:15:00.000000,3.09,23,2.46,30.0
ara2_4f79fc8d,2026-01-10T23:30:00.000000,3.04,23,2.46,15.0
ara2_4f79fc8d,2026-01-12T00:00:00.000000,3.9,0,2.9,120.0
ara2_4f79fc8d,2026-01-12T00:15:00.000000,3.76,0,2.84,105.0
ara2_4f79fc8d,2026-01-12T00:30:00.000000,3.63,0,2.56,90.0
ara2_4f79fc8d,2026-01-12T00:45:00.000000,3.53,0,2.47,75.0
ara2_4f79fc8d,2026-01-12T01:00:00.000000,3.4,1,2.4,60.0
ara2_4f79fc8d,2026-01-12T01:15:00.000000,3.24,1,2.3,45.0
ara2_4f79fc8d,2026-01-12T01:30:00.000000,3.11,1,2.23,30.0
ara2_4f79fc8d,2026-01-12T01:45:00.000000,3.08,1,2.07,15.0
ara2_4f79fc8d,2026-01-12T09:45:00.000000,3.11,9,2.94,15.0
ara2_4f79fc8d,2026-01-13T00:00:00.000000,4.24,0,2.79,120.0
ara2_4f79fc8d,2026-01-13T00:15:00.000000,4.25,0,2.79,105.0
ara2_4f79fc8d,2026-01-13T00:30:00.000000,4.03,0,2.79,90.0
ara2_4f79fc8d,2026-01-13T00:45:00.000000,3.88,0,2.59,75.0
ara2_4f79fc8d,2026-01-13T01:00:00.000000,3.61,1,2.55,60.0
ara2_4f79fc8d,2026-01-13T01:15:00.000000,3.64,1,2.37,45.0
ara2_4f79fc8d,2026-01-13T01:30:00.000000,3.48,1,2.26,30.0
ara2_4f79fc8d,2026-01-13T01:45:00.000000,3.26,1,2.13,15.0
ara2_4f79fc8d,2026-01-14T00:30:00.000000,5.02,0,2.47,120.0
ara2_4f79fc8d,2026-01-14T00:45:00.000000,4.84,0,2.13,105.0
ara2_4f79fc8d,2026-01-14T01:00:00.000000,4.69,1,2.13,90.0
ara2_4f79fc8d,2026-01-14T01:15:00.000000,4.58,1,2.13,75.0
ara2_4f79fc8d,2026-01-14T01:30:00.000000,4.0,1,1.69,60.0
ara2_4f79fc8d,2026-01-14T01:45:00.000000,4.17,1,1.61,45.0
ara2_4f79fc8d,2026-01-14T02:00:00.000000,3.67,2,1.61,30.0
ara2_4f79fc8d,2026-01-14T02:15:00.000000,3.74,2,1.61,15.0
ara2_4f79fc8d,2026-01-14T08:30:00.000000,3.14,8,2.72,105.0
ara2_4f79fc8d,2026-01-14T08:45:00.000000,3.63,8,2.72,90.0
ara2_4f79fc8d,2026-01-14T09:00:00.000000,4.12,9,2.72,75.0
ara2_4f79fc8d,2026-01-14T09:15:00.000000,4.46,9,2.72,60.0
ara2_4f79fc8d,2026-01-14T09:30:00.000000,4.54,9,2.72,45.0
ara2_4f79fc8d,2026-01-14T09:45:00.000000,4.61,9,2.72,30.0
ara2_4f79fc8d,2026-01-14T10:00:00.000000,3.34,10,2.72,15.0
ara2_4f79fc8d,2026-01-15T02:15:00.000000,3.7,2,1.73,15.0
ara2_4f79fc8d,2026-01-15T03:00:00.000000,3.09,3,1.33,15.0
ara2_4f79fc8d,2026-01-16T20:45:00.000000,5.82,20,2.74,120.0
ara2_4f79fc8d,2026-01-16T21:00:00.000000,4.86,21,2.66,105.0
ara2_4f79fc8d,2026-01-16T21:15:00.000000,4.95,21,2.66,90.0
ara2_4f79fc8d,2026-01-16T21:30:00.000000,4.63,21,2.07,75.0
ara2_4f79fc8d,2026-01-16T21:45:00.000000,4.33,21,2.07,60.0
ara2_4f79fc8d,2026-01-16T22:00:00.000000,3.96,22,1.66,45.0
ara2_4f79fc8d,2026-01-16T22:15:00.000000,3.64,22,1.55,30.0
ara2_4f79fc8d,2026-01-16T22:30:00.000000,3.46,22,0.94,15.0
ara2_4f79fc8d,2026-01-17T17:15:00.000000,10.75,17,0.38,120.0
ara2_4f79fc8d,2026-01-17T17:30:00.000000,10.17,17,0.38,105.0
ara2_4f79fc8d,2026-01-17T17:45:00.000000,9.97,17,0.38,90.0
ara2_4f79fc8d,2026-01-17T18:00:00.000000,9.32,18,0.38,75.0
ara2_4f79fc8d,2026-01-17T18:15:00.000000,9.97,18,0.38,60.0
ara2_4f79fc8d,2026-01-17T18:30:00.000000,8.42,18,0.38,45.0
ara2_4f79fc8d,2026-01-17T18:45:00.000000,8.74,18,0.38,30.0
ara2_4f79fc8d,2026-01-17T19:00:00.000000,7.38,19,0.38,15.0
ara2_4f79fc8d,2026-01-19T05:00:00.000000,3.62,5,2.98,120.0
ara2_4f79fc8d,2026-01-19T05:15:00.000000,3.5,5,2.98,105.0
ara2_4f79fc8d,2026-01-19T05:30:00.000000,3.47,5,2.85,90.0
ara2_4f79fc8d,2026-01-19T05:45:00.000000,3.32,5,2.85,75.0
ara2_4f79fc8d,2026-01-19T06:00:00.000000,3.28,6,2.85,60.0
ara2_4f79fc8d,2026-01-19T06:15:00.000000,3.36,6,2.85,45.0
ara2_4f79fc8d,2026-01-19T06:30:00.000000,3.19,6,2.85,30.0
ara2_4f79fc8d,2026-01-19T06:45:00.000000,3.13,6,2.85,15.0
ara2_4f79fc8d,2026-01-20T01:00:00.000000,5.0,1,2.78,120.0
ara2_4f79fc8d,2026-01-20T01:15:00.000000,4.93,1,2.54,105.0
ara2_4f79fc8d,2026-01-20T01:30:00.000000,4.73,1,2.39,90.0
ara2_4f79fc8d,2026-01-20T01:45:00.000000,4.77,1,2.3,75.0
ara2_4f79fc8d,2026-01-20T02:00:00.000000,4.3,2,2.25,60.0
ara2_4f79fc8d,2026-01-20T02:15:00.000000,4.01,2,2.13,45.0
ara2_4f79fc8d,2026-01-20T02:30:00.000000,3.41,2,2.03,30.0
ara2_4f79fc8d,2026-01-20T02:45:00.000000,3.09,2,2.02,15.0
ara2_4f79fc8d,2026-01-22T00:30:00.000000,4.38,0,2.21,120.0
ara2_4f79fc8d,2026-01-22T00:45:00.000000,4.22,0,2.21,105.0
ara2_4f79fc8d,2026-01-22T01:00:00.000000,4.14,1,2.21,90.0
ara2_4f79fc8d,2026-01-22T01:15:00.000000,3.91,1,2.21,75.0
ara2_4f79fc8d,2026-01-22T01:30:00.000000,3.88,1,2.21,60.0
ara2_4f79fc8d,2026-01-22T01:45:00.000000,3.65,1,2.21,45.0
ara2_4f79fc8d,2026-01-22T02:00:00.000000,3.58,2,2.21,30.0
ara2_4f79fc8d,2026-01-22T02:15:00.000000,3.47,2,2.21,15.0
ara2_4f79fc8d,2026-01-22T02:45:00.000000,3.27,2,2.18,45.0
ara2_4f79fc8d,2026-01-22T03:00:00.000000,3.04,3,2.18,30.0
ara2_4f79fc8d,2026-01-22T03:15:00.000000,3.08,3,2.05,15.0
ara2_4f79fc8d,2026-01-24T03:30:00.000000,3.91,3,2.97,120.0
ara2_4f79fc8d,2026-01-24T03:45:00.000000,3.87,3,2.97,105.0
ara2_4f79fc8d,2026-01-24T04:00:00.000000,3.8,4,2.89,90.0
ara2_4f79fc8d,2026-01-24T04:15:00.000000,3.64,4,2.89,75.0
ara2_4f79fc8d,2026-01-24T04:30:00.000000,3.5,4,2.82,60.0
ara2_4f79fc8d,2026-01-24T04:45:00.000000,3.23,4,2.53,45.0
ara2_4f79fc8d,2026-01-24T05:00:00.000000,3.02,5,2.53,30.0
ara2_4f79fc8d,2026-01-24T05:15:00.000000,3.03,5,2.53,15.0
ara2_4f79fc8d,2026-01-24T05:45:00.000000,3.0,5,2.43,15.0
ara2_4f79fc8d,2026-01-25T05:00:00.000000,3.79,5,2.93,120.0
ara2_4f79fc8d,2026-01-25T05:15:00.000000,3.67,5,2.71,105.0
ara2_4f79fc8d,2026-01-25T05:30:00.000000,3.56,5,2.66,90.0
ara2_4f79fc8d,2026-01-25T05:45:00.000000,3.48,5,2.58,75.0
ara2_4f79fc8d,2026-01-25T06:00:00.000000,3.38,6,2.58,60.0
ara2_4f79fc8d,2026-01-25T06:15:00.000000,3.3,6,2.58,45.0
ara2_4f79fc8d,2026-01-25T06:30:00.000000,3.17,6,2.47,30.0
ara2_4f79fc8d,2026-01-25T06:45:00.000000,3.0,6,2.47,15.0
ara2_4f79fc8d,2026-01-27T03:30:00.000000,3.9,3,2.89,120.0
ara2_4f79fc8d,2026-01-27T03:45:00.000000,3.83,3,2.65,105.0
ara2_4f79fc8d,2026-01-27T04:00:00.000000,3.63,4,2.65,90.0
ara2_4f79fc8d,2026-01-27T04:15:00.000000,3.56,4,2.53,75.0
ara2_4f79fc8d,2026-01-27T04:30:00.000000,3.41,4,2.32,60.0
ara2_4f79fc8d,2026-01-27T04:45:00.000000,3.14,4,2.05,45.0
ara2_4f79fc8d,2026-01-27T05:00:00.000000,3.07,5,1.88,30.0
ara2_4f79fc8d,2026-01-27T05:15:00.000000,3.03,5,1.88,15.0
ara2_4f79fc8d,2026-01-28T09:15:00.000000,3.02,9,1.22,30.0
ara2_4f79fc8d,2026-01-28T09:30:00.000000,3.22,9,1.22,15.0
ara2_4f79fc8d,2026-01-28T10:00:00.000000,3.66,10,1.22,15.0
ara2_4f79fc8d,2026-01-29T23:30:00.000000,4.26,23,2.94,120.0
ara2_4f79fc8d,2026-01-29T23:45:00.000000,3.81,23,2.94,105.0
ara2_4f79fc8d,2026-01-30T00:00:00.000000,3.63,0,2.63,90.0
ara2_4f79fc8d,2026-01-30T00:15:00.000000,3.49,0,2.63,75.0
ara2_4f79fc8d,2026-01-30T00:30:00.000000,3.45,0,2.52,60.0
ara2_4f79fc8d,2026-01-30T00:45:00.000000,3.44,0,2.27,45.0
ara2_4f79fc8d,2026-01-30T01:00:00.000000,3.37,1,2.02,30.0
ara2_4f79fc8d,2026-01-30T01:15:00.000000,3.25,1,1.95,15.0
ara2_4f79fc8d,2026-01-30T01:45:00.000000,3.05,1,1.78,15.0
ara2_573a2826,2025-12-15T01:45:00.000000,6.47,1,2.86,120.0
ara2_573a2826,2025-12-15T02:00:00.000000,6.25,2,2.86,105.0
ara2_573a2826,2025-12-15T02:15:00.000000,6.06,2,2.86,90.0
ara2_573a2826,2025-12-15T02:30:00.000000,5.91,2,1.0,75.0
ara2_573a2826,2025-12-15T02:45:00.000000,5.76,2,1.0,60.0
ara2_573a2826,2025-12-15T03:00:00.000000,5.51,3,1.0,45.0
ara2_573a2826,2025-12-15T03:15:00.000000,5.34,3,1.0,30.0
ara2_573a2826,2025-12-15T03:30:00.000000,3.76,3,1.0,15.0
ara2_573a2826,2025-12-15T04:00:00.000000,4.24,4,1.0,30.0
ara2_573a2826,2025-12-15T04:15:00.000000,4.21,4,1.0,15.0
ara2_573a2826,2025-12-15T23:15:00.000000,4.6,23,1.28,120.0
ara2_573a2826,2025-12-15T23:30:00.000000,4.55,23,1.28,105.0
ara2_573a2826,2025-12-15T23:45:00.000000,4.86,23,1.28,90.0
ara2_573a2826,2025-12-16T00:00:00.000000,4.73,0,1.28,75.0
ara2_573a2826,2025-12-16T00:15:00.000000,4.48,0,1.28,60.0
ara2_573a2826,2025-12-16T00:30:00.000000,4.37,0,1.28,45.0
ara2_573a2826,2025-12-16T00:45:00.000000,4.21,0,1.28,30.0
ara2_573a2826,2025-12-16T01:00:00.000000,4.07,1,1.28,15.0
ara2_573a2826,2025-12-16T09:30:00.000000,3.02,9,2.95,15.0
ara2_573a2826,2025-12-17T00:45:00.000000,4.14,0,2.95,120.0
ara2_573a2826,2025-12-17T01:00:00.000000,3.93,1,2.95,105.0
ara2_573a2826,2025-12-17T01:15:00.000000,3.74,1,2.95,90.0
ara2_573a2826,2025-12-17T01:30:00.000000,3.66,1,2.95,75.0
ara2_573a2826,2025-12-17T01:45:00.000000,3.5,1,2.95,60.0
ara2_573a2826,2025-12-17T02:00:00.000000,3.33,2,2.95,45.0
ara2_573a2826,2025-12-17T02:15:00.000000,3.2,2,2.95,30.0
ara2_573a2826,2025-12-17T02:30:00.000000,3.13,2,2.95,15.0
ara2_573a2826,2025-12-17T08:30:00.000000,3.37,8,2.66,75.0
ara2_573a2826,2025-12-17T08:45:00.000000,3.38,8,2.66,60.0
ara2_573a2826,2025-12-17T09:00:00.000000,3.93,9,2.27,45.0
ara2_573a2826,2025-12-17T09:15:00.000000,3.17,9,2.27,30.0
ara2_573a2826,2025-12-17T09:30:00.000000,3.12,9,2.27,15.0
ara2_573a2826,2025-12-18T02:30:00.000000,3.19,2,2.16,15.0
ara2_573a2826,2025-12-18T22:15:00.000000,5.57,22,1.91,120.0
ara2_573a2826,2025-12-18T22:30:00.000000,5.13,22,1.91,105.0
ara2_573a2826,2025-12-18T22:45:00.000000,4.85,22,1.91,90.0
ara2_573a2826,2025-12-18T23:00:00.000000,4.24,23,1.91,75.0
ara2_573a2826,2025-12-18T23:15:00.000000,3.99,23,0.62,60.0
ara2_573a2826,2025-12-18T23:30:00.000000,3.82,23,0.62,45.0
ara2_573a2826,2025-12-18T23:45:00.000000,3.35,23,0.62,30.0
ara2_573a2826,2025-12-19T00:00:00.000000,3.3,0,0.62,15.0
ara2_573a2826,2025-12-19T10:00:00.000000,3.63,10,2.29,15.0
ara2_573a2826,2025-12-19T10:30:00.000000,3.0,10,2.29,15.0
ara2_573a2826,2025-12-19T19:15:00.000000,10.1,19,1.7,120.0
ara2_573a2826,2025-12-19T19:30:00.000000,9.36,19,1.7,105.0
ara2_573a2826,2025-12-19T19:45:00.000000,8.79,19,1.7,90.0
ara2_573a2826,2025-12-19T20:00:00.000000,7.9,20,1.7,75.0
ara2_573a2826,2025-12-19T20:15:00.000000,7.9,20,1.7,60.0
ara2_573a2826,2025-12-19T20:30:00.000000,7.92,20,1.7,45.0
ara2_573a2826,2025-12-19T20:45:00.000000,7.76,20,1.7,30.0
ara2_573a2826,2025-12-19T21:00:00.000000,7.31,21,1.7,15.0
ara2_573a2826,2025-12-19T22:45:00.000000,3.78,22,2.11,120.0
ara2_573a2826,2025-12-19T23:00:00.000000,4.96,23,2.08,105.0
ara2_573a2826,2025-12-19T23:15:00.000000,4.45,23,1.94,90.0
ara2_573a2826,2025-12-19T23:30:00.000000,4.55,23,1.74,75.0
ara2_573a2826,2025-12-19T23:45:00.000000,4.23,23,1.65,60.0
ara2_573a2826,2025-12-20T00:00:00.000000,4.08,0,1.48,45.0
ara2_573a2826,2025-12-20T00:15:00.000000,3.73,0,1.36,30.0
ara2_573a2826,2025-12-20T00:30:00.000000,3.28,0,1.09,15.0
ara2_573a2826,2025-12-20T20:30:00.000000,7.01,20,1.11,15.0
ara2_573a2826,2025-12-20T22:30:00.000000,3.08,22,2.03,15.0
ara2_573a2826,2025-12-21T11:30:00.000000,3.73,11,2.21,120.0
ara2_573a2826,2025-12-21T11:45:00.000000,3.65,11,2.21,105.0
ara2_573a2826,2025-12-21T12:00:00.000000,5.17,12,2.21,90.0
ara2_573a2826,2025-12-21T12:15:00.000000,6.38,12,2.21,75.0
ara2_573a2826,2025-12-21T12:30:00.000000,6.27,12,2.21,60.0
ara2_573a2826,2025-12-21T12:45:00.000000,8.12,12,2.21,45.0
ara2_573a2826,2025-12-21T13:00:00.000000,6.88,13,2.21,30.0
ara2_573a2826,2025-12-21T13:15:00.000000,6.45,13,2.21,15.0
ara2_573a2826,2025-12-21T23:00:00.000000,4.53,23,1.78,120.0
ara2_573a2826,2025-12-21T23:15:00.000000,4.56,23,1.78,105.0
ara2_573a2826,2025-12-21T23:30:00.000000,4.36,23,1.78,90.0
ara2_573a2826,2025-12-21T23:45:00.000000,4.15,23,1.78,75.0
ara2_573a2826,2025-12-22T00:00:00.000000,3.78,0,1.78,60.0
ara2_573a2826,2025-12-22T00:15:00.000000,3.74,0,1.78,45.0
ara2_573a2826,2025-12-22T00:30:00.000000,3.94,0,1.78,30.0
ara2_573a2826,2025-12-22T00:45:00.000000,3.88,0,1.78,15.0
ara2_573a2826,2025-12-22T21:30:00.000000,5.97,21,2.76,120.0
ara2_573a2826,2025-12-22T21:45:00.000000,6.23,21,2.76,105.0
ara2_573a2826,2025-12-22T22:00:00.000000,5.94,22,1.63,90.0
ara2_573a2826,2025-12-22T22:15:00.000000,5.65,22,1.63,75.0
ara2_573a2826,2025-12-22T22:30:00.000000,5.55,22,1.63,60.0
ara2_573a2826,2025-12-22T22:45:00.000000,4.63,22,1.63,45.0
ara2_573a2826,2025-12-22T23:00:00.000000,4.62,23,1.63,30.0
ara2_573a2826,2025-12-22T23:15:00.000000,4.36,23,1.61,15.0
ara2_573a2826,2025-12-23T13:15:00.000000,7.8,13,1.86,120.0
ara2_573a2826,2025-12-23T13:30:00.000000,6.93,13,1.86,105.0
ara2_573a2826,2025-12-23T13:45:00.000000,8.16,13,1.86,90.0
ara2_573a2826,2025-12-23T14:00:00.000000,10.74,14,1.86,75.0
ara2_573a2826,2025-12-23T14:15:00.000000,3.76,14,1.86,60.0
ara2_573a2826,2025-12-23T14:30:00.000000,14.87,14,1.86,45.0
ara2_573a2826,2025-12-23T14:45:00.000000,10.38,14,1.86,30.0
ara2_573a2826,2025-12-23T15:00:00.000000,11.2,15,1.86,15.0
ara2_573a2826,2025-12-23T16:00:00.000000,12.72,16,2.37,120.0
ara2_573a2826,2025-12-23T16:15:00.000000,12.91,16,2.37,105.0
ara2_573a2826,2025-12-23T16:30:00.000000,13.03,16,2.37,90.0
ara2_573a2826,2025-12-23T16:45:00.000000,12.91,16,2.37,75.0
ara2_573a2826,2025-12-23T17:00:00.000000,13.43,17,2.37,60.0
ara2_573a2826,2025-12-23T17:15:00.000000,11.11,17,1.48,45.0
ara2_573a2826,2025-12-23T17:30:00.000000,11.35,17,1.48,30.0
ara2_573a2826,2025-12-23T17:45:00.000000,12.33,17,1.48,15.0
ara2_573a2826,2025-12-23T18:15:00.000000,4.38,18,1.48,60.0
ara2_573a2826,2025-12-23T18:30:00.000000,5.54,18,1.48,45.0
ara2_573a2826,2025-12-23T18:45:00.000000,12.93,18,1.48,30.0
ara2_573a2826,2025-12-23T19:00:00.000000,12.95,19,1.48,15.0
ara2_573a2826,2025-12-23T20:15:00.000000,10.71,20,0.69,120.0
ara2_573a2826,2025-12-23T20:30:00.000000,3.78,20,0.69,105.0
ara2_573a2826,2025-12-23T20:45:00.000000,5.62,20,0.69,90.0
ara2_573a2826,2025-12-23T21:00:00.000000,5.51,21,0.69,75.0
ara2_573a2826,2025-12-23T21:15:00.000000,6.1,21,0.69,60.0
ara2_573a2826,2025-12-23T21:30:00.000000,6.22,21,0.69,45.0
ara2_573a2826,2025-12-23T21:45:00.000000,7.29,21,0.69,30.0
ara2_573a2826,2025-12-23T22:00:00.000000,3.43,22,0.69,15.0
ara2_573a2826,2025-12-24T00:30:00.000000,3.01,0,2.68,75.0
ara2_573a2826,2025-12-24T00:45:00.000000,3.12,0,2.37,60.0
ara2_573a2826,2025-12-24T01:00:00.000000,3.14,1,2.3,45.0
ara2_573a2826,2025-12-24T01:15:00.000000,3.12,1,2.05,30.0
ara2_573a2826,2025-12-24T01:30:00.000000,3.03,1,1.81,15.0
ara2_573a2826,2025-12-24T09:45:00.000000,3.15,9,1.39,15.0
ara2_573a2826,2025-12-24T23:15:00.000000,3.57,23,0.93,30.0
ara2_573a2826,2025-12-24T23:30:00.000000,3.35,23,0.93,15.0
ara2_573a2826,2025-12-25T21:15:00.000000,5.99,21,2.49,120.0
ara2_573a2826,2025-12-25T21:30:00.000000,5.93,21,2.49,105.0
ara2_573a2826,2025-12-25T21:45:00.000000,5.49,21,2.49,90.0
ara2_573a2826,2025-12-25T22:00:00.000000,5.09,22,2.49,75.0
ara2_573a2826,2025-12-25T22:15:00.000000,4.57,22,2.49,60.0
ara2_573a2826,2025-12-25T22:30:00.000000,4.19,22,2.49,45.0
ara2_573a2826,2025-12-25T22:45:00.000000,4.02,22,2.49,30.0
ara2_573a2826,2025-12-25T23:00:00.000000,3.78,23,2.43,15.0
ara2_573a2826,2025-12-25T23:30:00.000000,3.0,23,1.52,30.0
ara2_573a2826,2025-12-25T23:45:00.000000,3.02,23,1.25,15.0
ara2_573a2826,2025-12-26T22:15:00.000000,5.39,22,2.03,120.0
ara2_573a2826,2025-12-26T22:30:00.000000,5.46,22,2.03,105.0
ara2_573a2826,2025-12-26T22:45:00.000000,4.98,22,2.03,90.0
ara2_573a2826,2025-12-26T23:00:00.000000,4.88,23,2.03,75.0
ara2_573a2826,2025-12-26T23:15:00.000000,4.44,23,2.03,60.0
ara2_573a2826,2025-12-26T23:30:00.000000,4.07,23,2.03,45.0
ara2_573a2826,2025-12-26T23:45:00.000000,3.87,23,2.03,30.0
ara2_573a2826,2025-12-27T00:00:00.000000,3.72,0,2.03,15.0
ara2_573a2826,2025-12-27T21:00:00.000000,8.07,21,2.04,120.0
ara2_573a2826,2025-12-27T21:15:00.000000,7.62,21,2.04,105.0
ara2_573a2826,2025-12-27T21:30:00.000000,3.9,21,2.04,90.0
ara2_573a2826,2025-12-27T21:45:00.000000,4.57,21,2.04,75.0
ara2_573a2826,2025-12-27T22:00:00.000000,4.78,22,2.04,60.0
ara2_573a2826,2025-12-27T22:15:00.000000,5.82,22,2.04,45.0
ara2_573a2826,2025-12-27T22:30:00.000000,5.41,22,2.04,30.0
ara2_573a2826,2025-12-27T22:45:00.000000,4.98,22,2.04,15.0
ara2_573a2826,2025-12-28T00:00:00.000000,3.39,0,2.31,105.0
ara2_573a2826,2025-12-28T00:15:00.000000,3.4,0,1.6,90.0
ara2_573a2826,2025-12-28T00:30:00.000000,3.12,0,1.38,75.0
ara2_573a2826,2025-12-28T00:45:00.000000,3.28,0,1.04,60.0
ara2_573a2826,2025-12-28T01:00:00.000000,3.04,1,0.61,45.0
ara2_573a2826,2025-12-28T01:15:00.000000,3.34,1,0.61,30.0
ara2_573a2826,2025-12-28T01:30:00.000000,3.25,1,0.61,15.0
ara2_573a2826,2025-12-28T18:45:00.000000,13.1,18,2.04,120.0
ara2_573a2826,2025-12-28T19:00:00.000000,8.1,19,2.04,105.0
ara2_573a2826,2025-12-28T19:15:00.000000,10.51,19,2.04,90.0
ara2_573a2826,2025-12-28T19:30:00.000000,11.95,19,2.04,75.0
ara2_573a2826,2025-12-28T19:45:00.000000,10.77,19,2.04,60.0
ara2_573a2826,2025-12-28T20:00:00.000000,10.85,20,2.04,45.0
ara2_573a2826,2025-12-28T20:15:00.000000,9.93,20,2.04,30.0
ara2_573a2826,2025-12-28T20:30:00.000000,9.33,20,2.04,15.0
ara2_573a2826,2025-12-28T21:00:00.000000,3.09,21,2.64,120.0
ara2_573a2826,2025-12-28T21:15:00.000000,4.08,21,2.64,105.0
ara2_573a2826,2025-12-28T21:30:00.000000,5.93,21,2.44,90.0
ara2_573a2826,2025-12-28T21:45:00.000000,4.27,21,2.44,75.0
ara2_573a2826,2025-12-28T22:00:00.000000,5.02,22,2.44,60.0
ara2_573a2826,2025-12-28T22:15:00.000000,4.63,22,2.44,45.0
ara2_573a2826,2025-12-28T22:30:00.000000,3.51,22,2.42,30.0
ara2_573a2826,2025-12-28T22:45:00.000000,3.78,22,2.21,15.0
ara2_573a2826,2025-12-28T23:45:00.000000,3.01,23,1.06,15.0
ara2_573a2826,2025-12-29T11:15:00.000000,3.14,11,1.21,15.0
ara2_573a2826,2025-12-30T23:45:00.000000,4.25,23,2.71,120.0
ara2_573a2826,2025-12-31T00:00:00.000000,4.02,0,2.63,105.0
ara2_573a2826,2025-12-31T00:15:00.000000,3.55,0,2.38,90.0
ara2_573a2826,2025-12-31T00:30:00.000000,3.45,0,2.1,75.0
ara2_573a2826,2025-12-31T00:45:00.000000,3.5,0,1.98,60.0
ara2_573a2826,2025-12-31T01:00:00.000000,3.49,1,1.82,45.0
ara2_573a2826,2025-12-31T01:15:00.000000,3.34,1,1.71,30.0
ara2_573a2826,2025-12-31T01:30:00.000000,3.11,1,1.39,15.0
ara2_573a2826,2025-12-31T11:30:00.000000,3.15,11,2.56,15.0
ara2_573a2826,2025-12-31T20:45:00.000000,7.24,20,2.93,120.0
ara2_573a2826,2025-12-31T21:00:00.000000,7.12,21,2.65,105.0
ara2_573a2826,2025-12-31T21:15:00.000000,6.9,21,2.65,90.0
ara2_573a2826,2025-12-31T21:30:00.000000,6.75,21,2.65,75.0
ara2_573a2826,2025-12-31T21:45:00.000000,6.37,21,2.65,60.0
ara2_573a2826,2025-12-31T22:00:00.000000,6.32,22,2.65,45.0
ara2_573a2826,2025-12-31T22:15:00.000000,5.84,22,2.65,30.0
ara2_573a2826,2025-12-31T22:30:00.000000,5.58,22,2.65,15.0
ara2_573a2826,2025-12-31T23:45:00.000000,4.52,23,2.75,120.0
ara2_573a2826,2026-01-01T00:00:00.000000,4.54,0,2.2,105.0
ara2_573a2826,2026-01-01T00:15:00.000000,4.4,0,2.11,90.0
ara2_573a2826,2026-01-01T00:30:00.000000,4.23,0,1.88,75.0
ara2_573a2826,2026-01-01T00:45:00.000000,3.98,0,1.88,60.0
ara2_573a2826,2026-01-01T01:00:00.000000,3.72,1,1.81,45.0
ara2_573a2826,2026-01-01T01:15:00.000000,3.48,1,1.65,30.0
ara2_573a2826,2026-01-01T01:30:00.000000,3.03,1,1.65,15.0
ara2_573a2826,2026-01-01T10:15:00.000000,3.19,10,2.29,30.0
ara2_573a2826,2026-01-01T10:30:00.000000,3.11,10,2.29,15.0
ara2_573a2826,2026-01-01T21:00:00.000000,7.14,21,0.93,120.0
ara2_573a2826,2026-01-01T21:15:00.000000,6.1,21,0.93,105.0
ara2_573a2826,2026-01-01T21:30:00.000000,4.8,21,0.93,90.0
ara2_573a2826,2026-01-01T21:45:00.000000,5.05,21,0.93,75.0
ara2_573a2826,2026-01-01T22:00:00.000000,4.54,22,0.93,60.0
ara2_573a2826,2026-01-01T22:15:00.000000,4.28,22,0.93,45.0
ara2_573a2826,2026-01-01T22:30:00.000000,3.81,22,0.93,30.0
ara2_573a2826,2026-01-01T22:45:00.000000,3.67,22,0.93,15.0
ara2_573a2826,2026-01-01T23:15:00.000000,3.77,23,1.73,60.0
ara2_573a2826,2026-01-01T23:30:00.000000,3.54,23,1.41,45.0
ara2_573a2826,2026-01-01T23:45:00.000000,3.28,23,0.65,30.0
ara2_573a2826,2026-01-02T00:00:00.000000,3.07,0,0.52,15.0
ara2_573a2826,2026-01-02T22:15:00.000000,8.51,22,2.94,120.0
ara2_573a2826,2026-01-02T22:30:00.000000,7.67,22,2.9,105.0
ara2_573a2826,2026-01-02T22:45:00.000000,7.05,22,2.5,90.0
ara2_573a2826,2026-01-02T23:00:00.000000,6.27,23,2.5,75.0
ara2_573a2826,2026-01-02T23:15:00.000000,5.53,23,2.5,60.0
ara2_573a2826,2026-01-02T23:30:00.000000,5.1,23,1.63,45.0
ara2_573a2826,2026-01-02T23:45:00.000000,4.43,23,1.63,30.0
ara2_573a2826,2026-01-03T00:00:00.000000,3.06,0,1.63,15.0
ara2_573a2826,2026-01-03T01:00:00.000000,3.08,1,1.63,30.0
ara2_573a2826,2026-01-03T01:15:00.000000,3.02,1,1.63,15.0
ara2_573a2826,2026-01-03T20:45:00.000000,4.98,20,2.9,120.0
ara2_573a2826,2026-01-03T21:00:00.000000,5.06,21,2.77,105.0
ara2_573a2826,2026-01-03T21:15:00.000000,4.14,21,2.58,90.0
ara2_573a2826,2026-01-03T21:30:00.000000,4.05,21,2.39,75.0
ara2_573a2826,2026-01-03T21:45:00.000000,3.7,21,2.32,60.0
ara2_573a2826,2026-01-03T22:00:00.000000,3.45,22,2.26,45.0
ara2_573a2826,2026-01-03T22:15:00.000000,3.28,22,2.21,30.0
ara2_573a2826,2026-01-03T22:30:00.000000,3.02,22,2.13,15.0
ara2_573a2826,2026-01-04T10:15:00.000000,3.14,10,2.01,15.0
ara2_573a2826,2026-01-04T22:45:00.000000,4.34,22,2.06,75.0
ara2_573a2826,2026-01-04T23:00:00.000000,5.1,23,1.93,60.0
ara2_573a2826,2026-01-04T23:15:00.000000,4.31,23,1.83,45.0
ara2_573a2826,2026-01-04T23:30:00.000000,3.34,23,1.65,30.0
ara2_573a2826,2026-01-04T23:45:00.000000,3.02,23,1.52,15.0
ara2_573a2826,2026-01-05T09:30:00.000000,3.03,9,2.23,75.0
ara2_573a2826,2026-01-05T09:45:00.000000,3.24,9,2.12,60.0
ara2_573a2826,2026-01-05T10:00:00.000000,3.37,10,2.12,45.0
ara2_573a2826,2026-01-05T10:15:00.000000,3.69,10,2.12,30.0
ara2_573a2826,2026-01-05T10:30:00.000000,3.33,10,2.12,15.0
ara2_573a2826,2026-01-05T23:00:00.000000,4.33,23,2.9,120.0
ara2_573a2826,2026-01-05T23:15:00.000000,3.78,23,2.65,105.0
ara2_573a2826,2026-01-05T23:30:00.000000,3.54,23,2.46,90.0
ara2_573a2826,2026-01-05T23:45:00.000000,3.54,23,2.26,75.0
ara2_573a2826,2026-01-06T00:00:00.000000,3.46,0,2.03,60.0
ara2_573a2826,2026-01-06T00:15:00.000000,3.34,0,2.0,45.0
ara2_573a2826,2026-01-06T00:30:00.000000,3.21,0,1.84,30.0
ara2_573a2826,2026-01-06T00:45:00.000000,3.08,0,1.62,15.0
ara2_573a2826,2026-01-07T01:30:00.000000,4.26,1,2.92,120.0
ara2_573a2826,2026-01-07T01:45:00.000000,4.03,1,2.8,105.0
ara2_573a2826,2026-01-07T02:00:00.000000,3.65,2,2.57,90.0
ara2_573a2826,2026-01-07T02:15:00.000000,3.73,2,2.47,75.0
ara2_573a2826,2026-01-07T02:30:00.000000,3.59,2,2.37,60.0
ara2_573a2826,2026-01-07T02:45:00.000000,3.39,2,2.21,45.0
ara2_573a2826,2026-01-07T03:00:00.000000,3.09,3,2.04,30.0
ara2_573a2826,2026-01-07T03:15:00.000000,3.06,3,1.84,15.0
ara2_573a2826,2026-01-07T15:00:00.000000,20.83,15,1.79,120.0
ara2_573a2826,2026-01-07T15:15:00.000000,21.26,15,1.79,105.0
ara2_573a2826,2026-01-07T15:30:00.000000,20.75,15,1.79,90.0
ara2_573a2826,2026-01-07T15:45:00.000000,21.29,15,1.79,75.0
ara2_573a2826,2026-01-07T16:00:00.000000,20.75,16,1.79,60.0
ara2_573a2826,2026-01-07T16:15:00.000000,21.06,16,1.79,45.0
ara2_573a2826,2026-01-07T16:30:00.000000,20.33,16,1.79,30.0
ara2_573a2826,2026-01-07T16:45:00.000000,6.25,16,1.79,15.0
ara2_573a2826,2026-01-07T22:15:00.000000,7.64,22,2.89,120.0
ara2_573a2826,2026-01-07T22:30:00.000000,7.12,22,2.89,105.0
ara2_573a2826,2026-01-07T22:45:00.000000,6.74,22,2.89,90.0
ara2_573a2826,2026-01-07T23:00:00.000000,6.98,23,2.89,75.0
ara2_573a2826,2026-01-07T23:15:00.000000,6.43,23,2.89,60.0
ara2_573a2826,2026-01-07T23:30:00.000000,6.43,23,2.89,45.0
ara2_573a2826,2026-01-07T23:45:00.000000,6.76,23,2.89,30.0
ara2_573a2826,2026-01-08T00:00:00.000000,6.28,0,2.89,15.0
ara2_573a2826,2026-01-08T03:00:00.000000,4.45,3,2.18,120.0
ara2_573a2826,2026-01-08T03:15:00.000000,4.28,3,2.18,105.0
ara2_573a2826,2026-01-08T03:30:00.000000,3.01,3,2.18,90.0
ara2_573a2826,2026-01-08T03:45:00.000000,4.03,3,2.18,75.0
ara2_573a2826,2026-01-08T04:00:00.000000,3.85,4,2.18,60.0
ara2_573a2826,2026-01-08T04:15:00.000000,3.73,4,2.18,45.0
ara2_573a2826,2026-01-08T04:30:00.000000,3.53,4,1.17,30.0
ara2_573a2826,2026-01-08T04:45:00.000000,3.2,4,1.17,15.0
ara2_573a2826,2026-01-08T09:15:00.000000,3.4,9,2.73,30.0
ara2_573a2826,2026-01-08T09:30:00.000000,3.38,9,2.73,15.0
ara2_573a2826,2026-01-09T02:15:00.000000,4.81,2,2.92,120.0
ara2_573a2826,2026-01-09T02:30:00.000000,4.73,2,2.92,105.0
ara2_573a2826,2026-01-09T02:45:00.000000,4.69,2,2.92,90.0
ara2_573a2826,2026-01-09T03:00:00.000000,4.39,3,2.92,75.0
ara2_573a2826,2026-01-09T03:15:00.000000,4.0,3,2.76,60.0
ara2_573a2826,2026-01-09T03:30:00.000000,3.73,3,2.76,45.0
ara2_573a2826,2026-01-09T03:45:00.000000,3.51,3,2.76,30.0
ara2_573a2826,2026-01-09T04:00:00.000000,3.02,4,2.76,15.0
ara2_573a2826,2026-01-09T04:30:00.000000,3.21,4,2.58,15.0
ara2_573a2826,2026-01-09T05:45:00.000000,3.46,5,2.29,30.0
ara2_573a2826,2026-01-09T06:00:00.000000,3.12,6,2.29,15.0
ara2_573a2826,2026-01-09T08:00:00.000000,3.02,8,2.62,15.0
ara2_573a2826,2026-01-09T08:30:00.000000,3.0,8,2.62,15.0
ara2_573a2826,2026-01-09T21:45:00.000000,9.35,21,1.76,120.0
ara2_573a2826,2026-01-09T22:00:00.000000,8.81,22,1.76,105.0
ara2_573a2826,2026-01-09T22:15:00.000000,8.69,22,1.76,90.0
ara2_573a2826,2026-01-09T22:30:00.000000,8.39,22,1.76,75.0
ara2_573a2826,2026-01-09T22:45:00.000000,7.88,22,1.76,60.0
ara2_573a2826,2026-01-09T23:00:00.000000,7.94,23,1.76,45.0
ara2_573a2826,2026-01-09T23:15:00.000000,7.58,23,1.76,30.0
ara2_573a2826,2026-01-09T23:30:00.000000,7.52,23,1.76,15.0
ara2_573a2826,2026-01-10T01:15:00.000000,5.56,1,1.25,120.0
ara2_573a2826,2026-01-10T01:30:00.000000,4.32,1,1.25,105.0
ara2_573a2826,2026-01-10T01:45:00.000000,5.1,1,1.25,90.0
ara2_573a2826,2026-01-10T02:00:00.000000,3.39,2,1.25,75.0
ara2_573a2826,2026-01-10T02:15:00.000000,4.79,2,1.25,60.0
ara2_573a2826,2026-01-10T02:30:00.000000,4.37,2,1.25,45.0
ara2_573a2826,2026-01-10T02:45:00.000000,4.19,2,1.25,30.0
ara2_573a2826,2026-01-10T03:00:00.000000,4.11,3,1.25,15.0
ara2_573a2826,2026-01-10T03:30:00.000000,3.85,3,2.44,90.0
ara2_573a2826,2026-01-10T03:45:00.000000,3.75,3,2.44,75.0
ara2_573a2826,2026-01-10T04:00:00.000000,3.73,4,2.44,60.0
ara2_573a2826,2026-01-10T04:15:00.000000,4.08,4,2.44,45.0
ara2_573a2826,2026-01-10T04:30:00.000000,3.79,4,2.44,30.0
ara2_573a2826,2026-01-10T04:45:00.000000,3.48,4,2.44,15.0
ara2_573a2826,2026-01-10T05:15:00.000000,3.29,5,2.54,15.0
ara2_573a2826,2026-01-10T07:00:00.000000,3.01,7,0.69,15.0
ara2_573a2826,2026-01-10T09:15:00.000000,3.21,9,0.88,120.0
ara2_573a2826,2026-01-10T09:30:00.000000,3.83,9,0.88,105.0
ara2_573a2826,2026-01-10T09:45:00.000000,3.71,9,0.88,90.0
ara2_573a2826,2026-01-10T10:00:00.000000,3.78,10,0.88,75.0
ara2_573a2826,2026-01-10T10:15:00.000000,3.66,10,0.88,60.0
ara2_573a2826,2026-01-10T10:30:00.000000,3.32,10,0.88,45.0
ara2_573a2826,2026-01-10T10:45:00.000000,3.55,10,0.88,30.0
ara2_573a2826,2026-01-10T11:00:00.000000,3.42,11,0.88,15.0
ara2_573a2826,2026-01-10T13:45:00.000000,6.68,13,2.39,120.0
ara2_573a2826,2026-01-10T14:00:00.000000,7.06,14,2.39,105.0
ara2_573a2826,2026-01-10T14:15:00.000000,6.62,14,2.39,90.0
ara2_573a2826,2026-01-10T14:30:00.000000,6.47,14,2.39,75.0
ara2_573a2826,2026-01-10T14:45:00.000000,9.99,14,2.39,60.0
ara2_573a2826,2026-01-10T15:00:00.000000,10.96,15,2.39,45.0
ara2_573a2826,2026-01-10T15:15:00.000000,11.73,15,2.39,30.0
ara2_573a2826,2026-01-10T15:30:00.000000,11.34,15,2.39,15.0
ara2_573a2826,2026-01-11T11:15:00.000000,3.3,11,2.39,120.0
ara2_573a2826,2026-01-11T11:30:00.000000,3.26,11,2.39,105.0
ara2_573a2826,2026-01-11T11:45:00.000000,3.76,11,2.39,90.0
ara2_573a2826,2026-01-11T12:00:00.000000,4.49,12,2.39,75.0
ara2_573a2826,2026-01-11T12:15:00.000000,5.36,12,2.39,60.0
ara2_573a2826,2026-01-11T12:30:00.000000,6.51,12,2.39,45.0
ara2_573a2826,2026-01-11T12:45:00.000000,7.86,12,2.39,30.0
ara2_573a2826,2026-01-11T13:00:00.000000,4.14,13,2.39,15.0
ara2_573a2826,2026-01-12T02:15:00.000000,3.47,2,2.99,120.0
ara2_573a2826,2026-01-12T02:30:00.000000,3.77,2,2.89,105.0
ara2_573a2826,2026-01-12T02:45:00.000000,3.59,2,2.78,90.0
ara2_573a2826,2026-01-12T03:00:00.000000,3.5,3,2.73,75.0
ara2_573a2826,2026-01-12T03:15:00.000000,3.4,3,2.62,60.0
ara2_573a2826,2026-01-12T03:30:00.000000,3.25,3,2.52,45.0
ara2_573a2826,2026-01-12T03:45:00.000000,3.16,3,2.27,30.0
ara2_573a2826,2026-01-12T04:00:00.000000,3.01,4,2.27,15.0
ara2_573a2826,2026-01-13T03:00:00.000000,3.84,3,2.87,120.0
ara2_573a2826,2026-01-13T03:15:00.000000,3.74,3,2.68,105.0
ara2_573a2826,2026-01-13T03:30:00.000000,3.54,3,2.57,90.0
ara2_573a2826,2026-01-13T03:45:00.000000,3.4,3,2.21,75.0
ara2_573a2826,2026-01-13T04:00:00.000000,3.29,4,2.14,60.0
ara2_573a2826,2026-01-13T04:15:00.000000,3.18,4,1.99,45.0
ara2_573a2826,2026-01-13T04:30:00.000000,3.09,4,1.99,30.0
ara2_573a2826,2026-01-13T04:45:00.000000,3.0,4,1.88,15.0
ara2_573a2826,2026-01-13T09:30:00.000000,3.03,9,1.6,15.0
ara2_573a2826,2026-01-13T21:00:00.000000,10.43,21,2.02,120.0
ara2_573a2826,2026-01-13T21:15:00.000000,10.34,21,2.02,105.0
ara2_573a2826,2026-01-13T21:30:00.000000,10.3,21,2.02,90.0
ara2_573a2826,2026-01-13T21:45:00.000000,10.1,21,2.02,75.0
ara2_573a2826,2026-01-13T22:00:00.000000,9.71,22,2.02,60.0
ara2_573a2826,2026-01-13T22:15:00.000000,9.43,22,2.02,45.0
ara2_573a2826,2026-01-13T22:30:00.000000,8.9,22,2.02,30.0
ara2_573a2826,2026-01-13T22:45:00.000000,8.55,22,2.02,15.0
ara2_573a2826,2026-01-14T14:30:00.000000,12.62,14,1.49,120.0
ara2_573a2826,2026-01-14T14:45:00.000000,12.99,14,1.49,105.0
ara2_573a2826,2026-01-14T15:00:00.000000,14.49,15,1.49,90.0
ara2_573a2826,2026-01-14T15:15:00.000000,14.04,15,1.49,75.0
ara2_573a2826,2026-01-14T15:30:00.000000,16.04,15,1.49,60.0
ara2_573a2826,2026-01-14T15:45:00.000000,17.23,15,1.49,45.0
ara2_573a2826,2026-01-14T16:00:00.000000,17.13,16,1.49,30.0
ara2_573a2826,2026-01-14T16:15:00.000000,16.34,16,1.49,15.0
ara2_573a2826,2026-01-15T02:00:00.000000,3.24,2,2.99,120.0
ara2_573a2826,2026-01-15T02:15:00.000000,4.38,2,2.75,105.0
ara2_573a2826,2026-01-15T02:30:00.000000,4.24,2,2.51,90.0
ara2_573a2826,2026-01-15T02:45:00.000000,4.04,2,2.13,75.0
ara2_573a2826,2026-01-15T03:00:00.000000,3.81,3,2.02,60.0
ara2_573a2826,2026-01-15T03:15:00.000000,3.62,3,1.92,45.0
ara2_573a2826,2026-01-15T03:30:00.000000,3.51,3,1.69,30.0
ara2_573a2826,2026-01-15T03:45:00.000000,3.19,3,0.85,15.0
ara2_573a2826,2026-01-16T00:15:00.000000,4.57,0,2.91,120.0
ara2_573a2826,2026-01-16T00:30:00.000000,4.0,0,2.63,105.0
ara2_573a2826,2026-01-16T00:45:00.000000,4.04,0,2.31,90.0
ara2_573a2826,2026-01-16T01:00:00.000000,3.79,1,1.36,75.0
ara2_573a2826,2026-01-16T01:15:00.000000,3.61,1,1.36,60.0
ara2_573a2826,2026-01-16T01:30:00.000000,3.56,1,1.36,45.0
ara2_573a2826,2026-01-16T01:45:00.000000,3.38,1,1.36,30.0
ara2_573a2826,2026-01-16T02:00:00.000000,3.2,2,1.36,15.0
ara2_573a2826,2026-01-17T01:45:00.000000,4.91,1,2.6,120.0
ara2_573a2826,2026-01-17T02:00:00.000000,5.46,2,2.5,105.0
ara2_573a2826,2026-01-17T02:15:00.000000,4.92,2,2.5,90.0
ara2_573a2826,2026-01-17T02:30:00.000000,4.6,2,2.5,75.0
ara2_573a2826,2026-01-17T02:45:00.000000,3.73,2,2.29,60.0
ara2_573a2826,2026-01-17T03:00:00.000000,3.79,3,1.87,45.0
ara2_573a2826,2026-01-17T03:15:00.000000,3.66,3,1.82,30.0
ara2_573a2826,2026-01-17T03:30:00.000000,3.38,3,1.59,15.0
ara2_573a2826,2026-01-18T00:00:00.000000,4.35,0,2.29,120.0
ara2_573a2826,2026-01-18T00:15:00.000000,4.33,0,2.29,105.0
ara2_573a2826,2026-01-18T00:30:00.000000,4.43,0,2.29,90.0
ara2_573a2826,2026-01-18T00:45:00.000000,4.78,0,2.29,75.0
ara2_573a2826,2026-01-18T01:00:00.000000,4.51,1,2.29,60.0
ara2_573a2826,2026-01-18T01:15:00.000000,4.29,1,1.95,45.0
ara2_573a2826,2026-01-18T01:30:00.000000,3.65,1,1.95,30.0
ara2_573a2826,2026-01-18T01:45:00.000000,3.5,1,1.68,15.0
ara2_573a2826,2026-01-18T02:30:00.000000,3.07,2,1.27,15.0
ara2_573a2826,2026-01-18T10:15:00.000000,5.56,10,2.19,15.0
ara2_573a2826,2026-01-19T01:15:00.000000,5.14,1,2.93,120.0
ara2_573a2826,2026-01-19T01:30:00.000000,4.88,1,2.92,105.0
ara2_573a2826,2026-01-19T01:45:00.000000,4.44,1,2.86,90.0
ara2_573a2826,2026-01-19T02:00:00.000000,4.4,2,2.32,75.0
ara2_573a2826,2026-01-19T02:15:00.000000,3.73,2,2.32,60.0
ara2_573a2826,2026-01-19T02:30:00.000000,3.57,2,2.32,45.0
ara2_573a2826,2026-01-19T02:45:00.000000,3.24,2,2.32,30.0
ara2_573a2826,2026-01-19T03:00:00.000000,3.0,3,2.31,15.0
ara2_573a2826,2026-01-19T22:00:00.000000,5.54,22,2.84,120.0
ara2_573a2826,2026-01-19T22:15:00.000000,5.3,22,2.75,105.0
ara2_573a2826,2026-01-19T22:30:00.000000,4.87,22,2.46,90.0
ara2_573a2826,2026-01-19T22:45:00.000000,4.67,22,2.24,75.0
ara2_573a2826,2026-01-19T23:00:00.000000,4.18,23,1.45,60.0
ara2_573a2826,2026-01-19T23:15:00.000000,3.75,23,1.45,45.0
ara2_573a2826,2026-01-19T23:30:00.000000,3.34,23,1.45,30.0
ara2_573a2826,2026-01-19T23:45:00.000000,3.08,23,1.45,15.0
ara2_573a2826,2026-01-20T10:00:00.000000,3.62,10,2.97,15.0
ara2_573a2826,2026-01-20T20:00:00.000000,4.42,20,1.6,120.0
ara2_573a2826,2026-01-20T20:15:00.000000,6.5,20,1.6,105.0
ara2_573a2826,2026-01-20T20:30:00.000000,6.14,20,1.6,90.0
ara2_573a2826,2026-01-20T20:45:00.000000,3.7,20,1.6,75.0
ara2_573a2826,2026-01-20T21:00:00.000000,3.14,21,1.6,60.0
ara2_573a2826,2026-01-20T21:15:00.000000,4.35,21,1.6,45.0
ara2_573a2826,2026-01-20T21:30:00.000000,4.34,21,1.6,30.0
ara2_573a2826,2026-01-20T21:45:00.000000,4.29,21,1.6,15.0
ara2_573a2826,2026-01-20T22:45:00.000000,3.94,22,2.96,120.0
ara2_573a2826,2026-01-20T23:00:00.000000,4.09,23,2.87,105.0
ara2_573a2826,2026-01-20T23:15:00.000000,4.13,23,1.64,90.0
ara2_573a2826,2026-01-20T23:30:00.000000,3.83,23,1.64,75.0
ara2_573a2826,2026-01-20T23:45:00.000000,3.64,23,1.64,60.0
ara2_573a2826,2026-01-21T00:00:00.000000,3.52,0,1.64,45.0
ara2_573a2826,2026-01-21T00:15:00.000000,3.14,0,1.64,30.0
ara2_573a2826,2026-01-21T00:30:00.000000,3.25,0,1.64,15.0
ara2_573a2826,2026-01-21T17:00:00.000000,10.2,17,2.62,120.0
ara2_573a2826,2026-01-21T17:15:00.000000,14.99,17,2.62,105.0
ara2_573a2826,2026-01-21T17:30:00.000000,12.93,17,2.62,90.0
ara2_573a2826,2026-01-21T17:45:00.000000,12.12,17,2.62,75.0
ara2_573a2826,2026-01-21T18:00:00.000000,10.84,18,2.62,60.0
ara2_573a2826,2026-01-21T18:15:00.000000,10.37,18,2.62,45.0
ara2_573a2826,2026-01-21T18:30:00.000000,10.27,18,2.62,30.0
ara2_573a2826,2026-01-21T18:45:00.000000,8.46,18,2.62,15.0
ara2_573a2826,2026-01-21T19:30:00.000000,7.65,19,1.54,120.0
ara2_573a2826,2026-01-21T19:45:00.000000,7.19,19,1.54,105.0
ara2_573a2826,2026-01-21T20:00:00.000000,6.93,20,1.54,90.0
ara2_573a2826,2026-01-21T20:15:00.000000,5.76,20,1.54,75.0
ara2_573a2826,2026-01-21T20:30:00.000000,5.61,20,1.54,60.0
ara2_573a2826,2026-01-21T20:45:00.000000,5.44,20,1.54,45.0
ara2_573a2826,2026-01-21T21:00:00.000000,4.45,21,1.54,30.0
ara2_573a2826,2026-01-21T21:15:00.000000,3.94,21,1.54,15.0
ara2_573a2826,2026-01-21T21:45:00.000000,3.7,21,2.01,15.0
ara2_573a2826,2026-01-21T22:30:00.000000,3.48,22,1.42,45.0
ara2_573a2826,2026-01-21T22:45:00.000000,3.7,22,1.42,30.0
ara2_573a2826,2026-01-21T23:00:00.000000,3.63,23,1.42,15.0
ara2_573a2826,2026-01-21T23:30:00.000000,3.27,23,1.42,15.0
ara2_573a2826,2026-01-22T20:45:00.000000,9.49,20,2.22,60.0
ara2_573a2826,2026-01-22T21:00:00.000000,8.82,21,2.22,45.0
ara2_573a2826,2026-01-22T21:15:00.000000,7.82,21,2.22,30.0
ara2_573a2826,2026-01-22T21:30:00.000000,6.3,21,2.22,15.0
ara2_573a2826,2026-01-22T22:00:00.000000,6.37,22,2.22,15.0
ara2_573a2826,2026-01-22T23:30:00.000000,3.75,23,2.08,120.0
ara2_573a2826,2026-01-22T23:45:00.000000,3.78,23,2.0,105.0
ara2_573a2826,2026-01-23T00:00:00.000000,3.79,0,2.0,90.0
ara2_573a2826,2026-01-23T00:15:00.000000,4.17,0,2.0,75.0
ara2_573a2826,2026-01-23T00:30:00.000000,3.58,0,1.76,60.0
ara2_573a2826,2026-01-23T00:45:00.000000,4.13,0,1.48,45.0
ara2_573a2826,2026-01-23T01:00:00.000000,3.15,1,1.48,30.0
ara2_573a2826,2026-01-23T01:15:00.000000,3.53,1,0.76,15.0
ara2_573a2826,2026-01-23T17:15:00.000000,14.28,17,2.45,120.0
ara2_573a2826,2026-01-23T17:30:00.000000,13.59,17,2.45,105.0
ara2_573a2826,2026-01-23T17:45:00.000000,11.44,17,2.45,90.0
ara2_573a2826,2026-01-23T18:00:00.000000,11.92,18,2.45,75.0
ara2_573a2826,2026-01-23T18:15:00.000000,11.26,18,2.45,60.0
ara2_573a2826,2026-01-23T18:30:00.000000,10.17,18,2.45,45.0
ara2_573a2826,2026-01-23T18:45:00.000000,9.53,18,2.45,30.0
ara2_573a2826,2026-01-23T19:00:00.000000,8.99,19,2.45,15.0
ara2_573a2826,2026-01-23T22:15:00.000000,4.32,22,2.54,120.0
ara2_573a2826,2026-01-23T22:30:00.000000,4.1,22,2.54,105.0
ara2_573a2826,2026-01-23T22:45:00.000000,4.22,22,2.54,90.0
ara2_573a2826,2026-01-23T23:00:00.000000,4.37,23,2.54,75.0
ara2_573a2826,2026-01-23T23:15:00.000000,4.28,23,2.54,60.0
ara2_573a2826,2026-01-23T23:30:00.000000,4.13,23,2.54,45.0
ara2_573a2826,2026-01-23T23:45:00.000000,4.11,23,2.54,30.0
ara2_573a2826,2026-01-24T00:00:00.000000,4.3,0,2.54,15.0
ara2_573a2826,2026-01-24T01:30:00.000000,3.89,1,2.35,120.0
ara2_573a2826,2026-01-24T01:45:00.000000,3.92,1,2.35,105.0
ara2_573a2826,2026-01-24T02:00:00.000000,3.8,2,2.35,90.0
ara2_573a2826,2026-01-24T02:15:00.000000,3.58,2,2.32,75.0
ara2_573a2826,2026-01-24T02:30:00.000000,3.35,2,2.32,60.0
ara2_573a2826,2026-01-24T02:45:00.000000,3.25,2,2.32,45.0
ara2_573a2826,2026-01-24T03:00:00.000000,3.4,3,1.39,30.0
ara2_573a2826,2026-01-24T03:15:00.000000,3.15,3,1.39,15.0
ara2_573a2826,2026-01-24T13:00:00.000000,5.94,13,1.97,120.0
ara2_573a2826,2026-01-24T13:15:00.000000,5.48,13,1.97,105.0
ara2_573a2826,2026-01-24T13:30:00.000000,6.3,13,1.97,90.0
ara2_573a2826,2026-01-24T13:45:00.000000,6.8,13,1.97,75.0
ara2_573a2826,2026-01-24T14:00:00.000000,7.03,14,1.97,60.0
ara2_573a2826,2026-01-24T14:15:00.000000,7.6,14,1.97,45.0
ara2_573a2826,2026-01-24T14:30:00.000000,9.4,14,1.97,30.0
ara2_573a2826,2026-01-24T14:45:00.000000,12.55,14,1.97,15.0
ara2_573a2826,2026-01-25T01:30:00.000000,5.17,1,1.32,120.0
ara2_573a2826,2026-01-25T01:45:00.000000,5.01,1,1.22,105.0
ara2_573a2826,2026-01-25T02:00:00.000000,4.82,2,1.22,90.0
ara2_573a2826,2026-01-25T02:15:00.000000,4.63,2,1.22,75.0
ara2_573a2826,2026-01-25T02:30:00.000000,4.48,2,1.22,60.0
ara2_573a2826,2026-01-25T02:45:00.000000,4.27,2,1.22,45.0
ara2_573a2826,2026-01-25T03:00:00.000000,3.4,3,1.22,30.0
ara2_573a2826,2026-01-25T03:15:00.000000,3.89,3,1.22,15.0
ara2_573a2826,2026-01-25T04:15:00.000000,3.0,4,2.1,30.0
ara2_573a2826,2026-01-25T04:30:00.000000,3.12,4,1.78,15.0
ara2_573a2826,2026-01-25T22:45:00.000000,7.18,22,2.01,120.0
ara2_573a2826,2026-01-25T23:00:00.000000,6.7,23,2.01,105.0
ara2_573a2826,2026-01-25T23:15:00.000000,7.09,23,2.01,90.0
ara2_573a2826,2026-01-25T23:30:00.000000,6.99,23,2.01,75.0
ara2_573a2826,2026-01-25T23:45:00.000000,6.64,23,2.01,60.0
ara2_573a2826,2026-01-26T00:00:00.000000,5.66,0,2.01,45.0
ara2_573a2826,2026-01-26T00:15:00.000000,5.28,0,2.01,30.0
ara2_573a2826,2026-01-26T00:30:00.000000,4.84,0,2.01,15.0
ara2_573a2826,2026-01-26T01:30:00.000000,3.91,1,2.93,120.0
ara2_573a2826,2026-01-26T01:45:00.000000,4.36,1,2.81,105.0
ara2_573a2826,2026-01-26T02:00:00.000000,3.54,2,2.81,90.0
ara2_573a2826,2026-01-26T02:15:00.000000,3.61,2,2.81,75.0
ara2_573a2826,2026-01-26T02:30:00.000000,3.18,2,2.68,60.0
ara2_573a2826,2026-01-26T02:45:00.000000,3.42,2,2.27,45.0
ara2_573a2826,2026-01-26T03:00:00.000000,3.34,3,2.27,30.0
ara2_573a2826,2026-01-26T03:15:00.000000,3.12,3,2.27,15.0
ara2_573a2826,2026-01-26T23:45:00.000000,7.77,23,1.1,120.0
ara2_573a2826,2026-01-27T00:00:00.000000,9.01,0,1.1,105.0
ara2_573a2826,2026-01-27T00:15:00.000000,9.25,0,1.1,90.0
ara2_573a2826,2026-01-27T00:30:00.000000,9.3,0,1.1,75.0
ara2_573a2826,2026-01-27T00:45:00.000000,5.17,0,1.1,60.0
ara2_573a2826,2026-01-27T01:00:00.000000,7.83,1,1.1,45.0
ara2_573a2826,2026-01-27T01:15:00.000000,7.8,1,1.1,30.0
ara2_573a2826,2026-01-27T01:30:00.000000,7.8,1,1.1,15.0
ara2_573a2826,2026-01-29T06:00:00.000000,3.5,6,2.79,45.0
ara2_573a2826,2026-01-29T06:15:00.000000,3.39,6,2.79,30.0
ara2_573a2826,2026-01-29T06:30:00.000000,3.32,6,2.79,15.0
ara2_573a2826,2026-01-29T07:45:00.000000,3.0,7,2.85,15.0
ara2_573a2826,2026-01-29T23:30:00.000000,5.7,23,2.16,120.0
ara2_573a2826,2026-01-29T23:45:00.000000,5.49,23,2.16,105.0
ara2_573a2826,2026-01-30T00:00:00.000000,5.02,0,2.16,90.0
ara2_573a2826,2026-01-30T00:15:00.000000,4.73,0,2.16,75.0
ara2_573a2826,2026-01-30T00:30:00.000000,4.45,0,2.16,60.0
ara2_573a2826,2026-01-30T00:45:00.000000,4.37,0,2.16,45.0
ara2_573a2826,2026-01-30T01:00:00.000000,4.29,1,2.16,30.0
ara2_573a2826,2026-01-30T01:15:00.000000,4.12,1,2.16,15.0
ara2_573a2826,2026-01-30T01:45:00.000000,3.56,1,2.37,75.0
ara2_573a2826,2026-01-30T02:00:00.000000,3.39,2,2.25,60.0
ara2_573a2826,2026-01-30T02:15:00.000000,3.63,2,2.25,45.0
ara2_573a2826,2026-01-30T02:30:00.000000,3.39,2,2.25,30.0
ara2_573a2826,2026-01-30T02:45:00.000000,3.15,2,2.25,15.0
ara2_573a2826,2026-01-30T21:15:00.000000,4.99,21,1.62,120.0
ara2_573a2826,2026-01-30T21:30:00.000000,5.85,21,1.62,105.0
ara2_573a2826,2026-01-30T21:45:00.000000,4.73,21,1.62,90.0
ara2_573a2826,2026-01-30T22:00:00.000000,5.35,22,1.62,75.0
ara2_573a2826,2026-01-30T22:15:00.000000,5.32,22,1.62,60.0
ara2_573a2826,2026-01-30T22:30:00.000000,4.86,22,1.62,45.0
ara2_573a2826,2026-01-30T22:45:00.000000,3.95,22,1.62,30.0
ara2_573a2826,2026-01-30T23:00:00.000000,4.13,23,1.62,15.0
ara2_6ca69422,2025-12-20T02:15:00.000000,3.65,2,2.87,120.0
ara2_6ca69422,2025-12-20T02:30:00.000000,3.63,2,2.8,105.0
ara2_6ca69422,2025-12-20T02:45:00.000000,3.58,2,2.8,90.0
ara2_6ca69422,2025-12-20T03:00:00.000000,3.59,3,2.8,75.0
ara2_6ca69422,2025-12-20T03:15:00.000000,3.6,3,2.8,60.0
ara2_6ca69422,2025-12-20T03:30:00.000000,3.26,3,2.8,45.0
ara2_6ca69422,2025-12-20T03:45:00.000000,3.34,3,2.64,30.0
ara2_6ca69422,2025-12-20T04:00:00.000000,3.14,4,2.64,15.0
ara2_6ca69422,2025-12-20T04:45:00.000000,3.59,4,2.64,60.0
ara2_6ca69422,2025-12-20T05:00:00.000000,3.28,5,2.64,45.0
ara2_6ca69422,2025-12-20T05:15:00.000000,3.07,5,2.64,30.0
ara2_6ca69422,2025-12-20T05:30:00.000000,3.0,5,2.64,15.0
ara2_6ca69422,2025-12-20T06:00:00.000000,3.42,6,2.8,45.0
ara2_6ca69422,2025-12-20T06:15:00.000000,3.62,6,2.8,30.0
ara2_6ca69422,2025-12-20T06:30:00.000000,3.21,6,2.47,15.0
ara2_6ca69422,2025-12-20T07:00:00.000000,3.69,7,2.47,90.0
ara2_6ca69422,2025-12-20T07:15:00.000000,3.51,7,2.47,75.0
ara2_6ca69422,2025-12-20T07:30:00.000000,3.71,7,2.47,60.0
ara2_6ca69422,2025-12-20T07:45:00.000000,3.75,7,2.47,45.0
ara2_6ca69422,2025-12-20T08:00:00.000000,4.16,8,2.47,30.0
ara2_6ca69422,2025-12-20T08:15:00.000000,3.75,8,2.47,15.0
ara2_6ca69422,2025-12-21T00:00:00.000000,6.29,0,2.99,120.0
ara2_6ca69422,2025-12-21T00:15:00.000000,5.51,0,2.87,105.0
ara2_6ca69422,2025-12-21T00:30:00.000000,5.32,0,2.67,90.0
ara2_6ca69422,2025-12-21T00:45:00.000000,4.88,0,2.67,75.0
ara2_6ca69422,2025-12-21T01:00:00.000000,4.51,1,2.53,60.0
ara2_6ca69422,2025-12-21T01:15:00.000000,4.18,1,2.53,45.0
ara2_6ca69422,2025-12-21T01:30:00.000000,3.29,1,2.53,30.0
ara2_6ca69422,2025-12-21T01:45:00.000000,3.24,1,2.53,15.0
ara2_6ca69422,2025-12-21T09:00:00.000000,3.27,9,2.74,15.0
ara2_6ca69422,2025-12-23T01:00:00.000000,4.53,1,2.36,120.0
ara2_6ca69422,2025-12-23T01:15:00.000000,4.45,1,2.36,105.0
ara2_6ca69422,2025-12-23T01:30:00.000000,3.99,1,2.23,90.0
ara2_6ca69422,2025-12-23T01:45:00.000000,3.47,1,2.23,75.0
ara2_6ca69422,2025-12-23T02:00:00.000000,3.9,2,2.04,60.0
ara2_6ca69422,2025-12-23T02:15:00.000000,3.71,2,1.82,45.0
ara2_6ca69422,2025-12-23T02:30:00.000000,3.28,2,1.26,30.0
ara2_6ca69422,2025-12-23T02:45:00.000000,3.19,2,1.23,15.0
ara2_6ca69422,2025-12-23T09:15:00.000000,3.77,9,2.32,60.0
ara2_6ca69422,2025-12-23T09:30:00.000000,3.01,9,2.32,45.0
ara2_6ca69422,2025-12-23T09:45:00.000000,4.21,9,2.32,30.0
ara2_6ca69422,2025-12-23T10:00:00.000000,3.36,10,2.32,15.0
ara2_6ca69422,2025-12-23T23:30:00.000000,4.08,23,2.93,120.0
ara2_6ca69422,2025-12-23T23:45:00.000000,4.54,23,2.41,105.0
ara2_6ca69422,2025-12-24T00:00:00.000000,4.2,0,2.41,90.0
ara2_6ca69422,2025-12-24T00:15:00.000000,4.05,0,2.41,75.0
ara2_6ca69422,2025-12-24T00:30:00.000000,3.55,0,2.41,60.0
ara2_6ca69422,2025-12-24T00:45:00.000000,3.6,0,1.93,45.0
ara2_6ca69422,2025-12-24T01:00:00.000000,3.17,1,1.44,30.0
ara2_6ca69422,2025-12-24T01:15:00.000000,3.02,1,0.79,15.0
ara2_6ca69422,2025-12-25T00:15:00.000000,4.6,0,2.15,120.0
ara2_6ca69422,2025-12-25T00:30:00.000000,4.55,0,1.12,105.0
ara2_6ca69422,2025-12-25T00:45:00.000000,4.15,0,1.12,90.0
ara2_6ca69422,2025-12-25T01:00:00.000000,4.14,1,0.93,75.0
ara2_6ca69422,2025-12-25T01:15:00.000000,3.98,1,0.93,60.0
ara2_6ca69422,2025-12-25T01:30:00.000000,4.04,1,0.93,45.0
ara2_6ca69422,2025-12-25T01:45:00.000000,3.41,1,0.93,30.0
ara2_6ca69422,2025-12-25T02:00:00.000000,3.09,2,0.93,15.0
ara2_6ca69422,2025-12-26T01:30:00.000000,3.75,1,2.96,120.0
ara2_6ca69422,2025-12-26T01:45:00.000000,3.91,1,2.75,105.0
ara2_6ca69422,2025-12-26T02:00:00.000000,3.66,2,2.72,90.0
ara2_6ca69422,2025-12-26T02:15:00.000000,3.35,2,2.68,75.0
ara2_6ca69422,2025-12-26T02:30:00.000000,3.32,2,2.48,60.0
ara2_6ca69422,2025-12-26T02:45:00.000000,3.1,2,2.4,45.0
ara2_6ca69422,2025-12-26T03:00:00.000000,3.3,3,2.37,30.0
ara2_6ca69422,2025-12-26T03:15:00.000000,3.1,3,2.37,15.0
ara2_6ca69422,2025-12-27T02:15:00.000000,5.04,2,2.39,120.0
ara2_6ca69422,2025-12-27T02:30:00.000000,4.88,2,2.39,105.0
ara2_6ca69422,2025-12-27T02:45:00.000000,4.66,2,2.39,90.0
ara2_6ca69422,2025-12-27T03:00:00.000000,4.92,3,2.39,75.0
ara2_6ca69422,2025-12-27T03:15:00.000000,4.39,3,2.39,60.0
ara2_6ca69422,2025-12-27T03:30:00.000000,4.59,3,2.39,45.0
ara2_6ca69422,2025-12-27T03:45:00.000000,4.6,3,2.39,30.0
ara2_6ca69422,2025-12-27T04:00:00.000000,4.87,4,2.39,15.0
ara2_6ca69422,2025-12-28T05:45:00.000000,4.19,5,2.93,120.0
ara2_6ca69422,2025-12-28T06:00:00.000000,4.22,6,2.93,105.0
ara2_6ca69422,2025-12-28T06:15:00.000000,3.03,6,2.89,90.0
ara2_6ca69422,2025-12-28T06:30:00.000000,3.19,6,2.89,75.0
ara2_6ca69422,2025-12-28T06:45:00.000000,3.63,6,2.89,60.0
ara2_6ca69422,2025-12-28T07:00:00.000000,3.65,7,2.89,45.0
ara2_6ca69422,2025-12-28T07:15:00.000000,3.19,7,2.89,30.0
ara2_6ca69422,2025-12-28T07:30:00.000000,3.12,7,2.89,15.0
ara2_6ca69422,2025-12-28T08:00:00.000000,3.05,8,2.89,15.0
ara2_6ca69422,2025-12-29T01:30:00.000000,4.54,1,2.99,120.0
ara2_6ca69422,2025-12-29T01:45:00.000000,4.3,1,2.74,105.0
ara2_6ca69422,2025-12-29T02:00:00.000000,4.2,2,2.6,90.0
ara2_6ca69422,2025-12-29T02:15:00.000000,3.82,2,2.45,75.0
ara2_6ca69422,2025-12-29T02:30:00.000000,3.99,2,2.45,60.0
ara2_6ca69422,2025-12-29T02:45:00.000000,3.79,2,2.45,45.0
ara2_6ca69422,2025-12-29T03:00:00.000000,3.56,3,2.45,30.0
ara2_6ca69422,2025-12-29T03:15:00.000000,3.01,3,2.45,15.0
ara2_6ca69422,2025-12-29T06:15:00.000000,3.02,6,1.5,75.0
ara2_6ca69422,2025-12-29T06:30:00.000000,3.3,6,1.5,60.0
ara2_6ca69422,2025-12-29T06:45:00.000000,3.3,6,1.5,45.0
ara2_6ca69422,2025-12-29T07:00:00.000000,3.1,7,1.5,30.0
ara2_6ca69422,2025-12-29T07:15:00.000000,3.02,7,1.5,15.0
ara2_6ca69422,2025-12-30T02:15:00.000000,5.91,2,2.81,90.0
ara2_6ca69422,2025-12-30T02:30:00.000000,6.04,2,2.81,75.0
ara2_6ca69422,2025-12-30T02:45:00.000000,5.19,2,2.81,60.0
ara2_6ca69422,2025-12-30T03:00:00.000000,4.94,3,2.81,45.0
ara2_6ca69422,2025-12-30T03:15:00.000000,4.99,3,2.81,30.0
ara2_6ca69422,2025-12-30T03:30:00.000000,4.43,3,2.81,15.0
ara2_6ca69422,2025-12-31T03:30:00.000000,4.58,3,2.93,120.0
ara2_6ca69422,2025-12-31T03:45:00.000000,4.32,3,2.84,105.0
ara2_6ca69422,2025-12-31T04:00:00.000000,4.09,4,2.84,90.0
ara2_6ca69422,2025-12-31T04:15:00.000000,3.73,4,2.74,75.0
ara2_6ca69422,2025-12-31T04:30:00.000000,3.38,4,2.74,60.0
ara2_6ca69422,2025-12-31T04:45:00.000000,3.25,4,2.74,45.0
ara2_6ca69422,2025-12-31T05:00:00.000000,3.03,5,2.42,30.0
ara2_6ca69422,2025-12-31T05:15:00.000000,3.1,5,2.42,15.0
ara2_6ca69422,2026-01-02T02:45:00.000000,5.25,2,2.91,120.0
ara2_6ca69422,2026-01-02T03:00:00.000000,5.09,3,2.91,105.0
ara2_6ca69422,2026-01-02T03:15:00.000000,4.55,3,2.11,90.0
ara2_6ca69422,2026-01-02T03:30:00.000000,4.53,3,1.43,75.0
ara2_6ca69422,2026-01-02T03:45:00.000000,4.07,3,0.94,60.0
ara2_6ca69422,2026-01-02T04:00:00.000000,3.84,4,0.94,45.0
ara2_6ca69422,2026-01-02T04:15:00.000000,3.7,4,0.94,30.0
ara2_6ca69422,2026-01-02T04:30:00.000000,3.38,4,0.88,15.0
ara2_6ca69422,2026-01-02T05:00:00.000000,3.02,5,0.88,15.0
ara2_6ca69422,2026-01-04T00:00:00.000000,7.4,0,1.46,120.0
ara2_6ca69422,2026-01-04T00:15:00.000000,6.71,0,1.46,105.0
ara2_6ca69422,2026-01-04T00:30:00.000000,6.75,0,1.46,90.0
ara2_6ca69422,2026-01-04T00:45:00.000000,6.66,0,1.46,75.0
ara2_6ca69422,2026-01-04T01:00:00.000000,6.7,1,1.46,60.0
ara2_6ca69422,2026-01-04T01:15:00.000000,6.32,1,1.46,45.0
ara2_6ca69422,2026-01-04T01:30:00.000000,5.93,1,1.46,30.0
ara2_6ca69422,2026-01-04T01:45:00.000000,5.75,1,1.46,15.0
ara2_6ca69422,2026-01-05T05:15:00.000000,3.0,5,1.59,45.0
ara2_6ca69422,2026-01-05T05:30:00.000000,3.08,5,1.59,30.0
ara2_6ca69422,2026-01-05T05:45:00.000000,3.14,5,1.54,15.0
ara2_6ca69422,2026-01-05T10:00:00.000000,3.28,10,2.43,105.0
ara2_6ca69422,2026-01-05T10:15:00.000000,3.44,10,2.0,90.0
ara2_6ca69422,2026-01-05T10:30:00.000000,3.15,10,2.0,75.0
ara2_6ca69422,2026-01-05T10:45:00.000000,4.57,10,2.0,60.0
ara2_6ca69422,2026-01-05T11:00:00.000000,3.31,11,2.0,45.0
ara2_6ca69422,2026-01-05T11:15:00.000000,3.8,11,2.0,30.0
ara2_6ca69422,2026-01-05T11:30:00.000000,4.09,11,2.0,15.0
ara2_6ca69422,2026-01-05T12:30:00.000000,3.29,12,2.69,15.0
ara2_6ca69422,2026-01-07T22:00:00.000000,5.37,22,2.96,120.0
ara2_6ca69422,2026-01-07T22:15:00.000000,5.2,22,2.68,105.0
ara2_6ca69422,2026-01-07T22:30:00.000000,5.01,22,2.41,90.0
ara2_6ca69422,2026-01-07T22:45:00.000000,4.79,22,2.3,75.0
ara2_6ca69422,2026-01-07T23:00:00.000000,4.31,23,2.2,60.0
ara2_6ca69422,2026-01-07T23:15:00.000000,4.23,23,1.98,45.0
ara2_6ca69422,2026-01-07T23:30:00.000000,4.24,23,1.94,30.0
ara2_6ca69422,2026-01-07T23:45:00.000000,3.08,23,1.61,15.0
ara2_6ca69422,2026-01-08T19:30:00.000000,7.19,19,2.32,120.0
ara2_6ca69422,2026-01-08T19:45:00.000000,6.96,19,2.32,105.0
ara2_6ca69422,2026-01-08T20:00:00.000000,7.09,20,2.32,90.0
ara2_6ca69422,2026-01-08T20:15:00.000000,6.52,20,2.32,75.0
ara2_6ca69422,2026-01-08T20:30:00.000000,6.76,20,2.32,60.0
ara2_6ca69422,2026-01-08T20:45:00.000000,6.2,20,2.32,45.0
ara2_6ca69422,2026-01-08T21:00:00.000000,5.04,21,2.32,30.0
ara2_6ca69422,2026-01-08T21:15:00.000000,5.27,21,2.32,15.0
ara2_6ca69422,2026-01-08T23:30:00.000000,3.77,23,2.94,120.0
ara2_6ca69422,2026-01-08T23:45:00.000000,3.62,23,2.58,105.0
ara2_6ca69422,2026-01-09T00:00:00.000000,3.14,0,2.45,90.0
ara2_6ca69422,2026-01-09T00:15:00.000000,3.06,0,2.01,75.0
ara2_6ca69422,2026-01-09T00:30:00.000000,3.21,0,1.98,60.0
ara2_6ca69422,2026-01-09T00:45:00.000000,3.38,0,1.98,45.0
ara2_6ca69422,2026-01-09T01:00:00.000000,3.03,1,1.92,30.0
ara2_6ca69422,2026-01-09T01:15:00.000000,3.12,1,1.92,15.0
ara2_6ca69422,2026-01-09T10:00:00.000000,3.21,10,2.63,30.0
ara2_6ca69422,2026-01-09T10:15:00.000000,3.41,10,2.63,15.0
ara2_6ca69422,2026-01-09T23:00:00.000000,3.92,23,2.73,120.0
ara2_6ca69422,2026-01-09T23:15:00.000000,3.86,23,2.73,105.0
ara2_6ca69422,2026-01-09T23:30:00.000000,3.68,23,2.66,90.0
ara2_6ca69422,2026-01-09T23:45:00.000000,3.52,23,2.66,75.0
ara2_6ca69422,2026-01-10T00:00:00.000000,3.08,0,2.39,60.0
ara2_6ca69422,2026-01-10T00:15:00.000000,3.11,0,2.39,45.0
ara2_6ca69422,2026-01-10T00:30:00.000000,3.1,0,2.14,30.0
ara2_6ca69422,2026-01-10T00:45:00.000000,3.0,0,1.96,15.0
ara2_6ca69422,2026-01-10T12:00:00.000000,3.3,12,2.22,15.0
ara2_6ca69422,2026-01-10T13:30:00.000000,3.09,13,2.22,15.0
ara2_6ca69422,2026-01-10T17:00:00.000000,6.06,17,2.95,120.0
ara2_6ca69422,2026-01-10T17:15:00.000000,6.15,17,2.5,105.0
ara2_6ca69422,2026-01-10T17:30:00.000000,5.25,17,2.01,90.0
ara2_6ca69422,2026-01-10T17:45:00.000000,4.88,17,1.81,75.0
ara2_6ca69422,2026-01-10T18:00:00.000000,4.35,18,1.78,60.0
ara2_6ca69422,2026-01-10T18:15:00.000000,4.13,18,1.59,45.0
ara2_6ca69422,2026-01-10T18:30:00.000000,3.68,18,1.59,30.0
ara2_6ca69422,2026-01-10T18:45:00.000000,3.15,18,1.59,15.0
ara2_6ca69422,2026-01-11T10:45:00.000000,3.0,10,2.47,15.0
ara2_6ca69422,2026-01-11T11:15:00.000000,3.12,11,2.92,60.0
ara2_6ca69422,2026-01-11T11:30:00.000000,3.4,11,2.92,45.0
ara2_6ca69422,2026-01-11T11:45:00.000000,4.13,11,2.92,30.0
ara2_6ca69422,2026-01-11T12:00:00.000000,3.98,12,2.92,15.0
ara2_6ca69422,2026-01-12T04:15:00.000000,3.17,4,2.95,120.0
ara2_6ca69422,2026-01-12T04:30:00.000000,3.24,4,2.8,105.0
ara2_6ca69422,2026-01-12T04:45:00.000000,3.24,4,2.8,90.0
ara2_6ca69422,2026-01-12T05:00:00.000000,3.26,5,2.65,75.0
ara2_6ca69422,2026-01-12T05:15:00.000000,3.28,5,2.65,60.0
ara2_6ca69422,2026-01-12T05:30:00.000000,3.23,5,2.53,45.0
ara2_6ca69422,2026-01-12T05:45:00.000000,3.3,5,2.53,30.0
ara2_6ca69422,2026-01-12T06:00:00.000000,3.06,6,2.53,15.0
ara2_6ca69422,2026-01-13T01:00:00.000000,5.89,1,2.62,120.0
ara2_6ca69422,2026-01-13T01:15:00.000000,5.61,1,2.4,105.0
ara2_6ca69422,2026-01-13T01:30:00.000000,5.16,1,2.01,90.0
ara2_6ca69422,2026-01-13T01:45:00.000000,4.22,1,1.86,75.0
ara2_6ca69422,2026-01-13T02:00:00.000000,4.03,2,1.83,60.0
ara2_6ca69422,2026-01-13T02:15:00.000000,3.41,2,1.53,45.0
ara2_6ca69422,2026-01-13T02:30:00.000000,3.25,2,1.53,30.0
ara2_6ca69422,2026-01-13T02:45:00.000000,3.06,2,1.53,15.0
ara2_6ca69422,2026-01-13T09:30:00.000000,3.11,9,1.81,15.0
ara2_6ca69422,2026-01-13T10:00:00.000000,3.06,10,1.81,90.0
ara2_6ca69422,2026-01-13T10:15:00.000000,3.23,10,1.81,75.0
ara2_6ca69422,2026-01-13T10:30:00.000000,4.24,10,1.81,60.0
ara2_6ca69422,2026-01-13T10:45:00.000000,4.21,10,1.81,45.0
ara2_6ca69422,2026-01-13T11:00:00.000000,4.62,11,1.81,30.0
ara2_6ca69422,2026-01-13T11:15:00.000000,3.49,11,1.81,15.0
ara2_6ca69422,2026-01-14T04:30:00.000000,4.77,4,2.95,120.0
ara2_6ca69422,2026-01-14T04:45:00.000000,4.4,4,2.38,105.0
ara2_6ca69422,2026-01-14T05:00:00.000000,4.31,5,2.25,90.0
ara2_6ca69422,2026-01-14T05:15:00.000000,4.15,5,2.25,75.0
ara2_6ca69422,2026-01-14T05:30:00.000000,3.85,5,2.02,60.0
ara2_6ca69422,2026-01-14T05:45:00.000000,3.82,5,2.02,45.0
ara2_6ca69422,2026-01-14T06:00:00.000000,3.51,6,2.02,30.0
ara2_6ca69422,2026-01-14T06:15:00.000000,3.15,6,2.02,15.0
ara2_6ca69422,2026-01-15T05:15:00.000000,4.23,5,2.87,120.0
ara2_6ca69422,2026-01-15T05:30:00.000000,4.05,5,2.76,105.0
ara2_6ca69422,2026-01-15T05:45:00.000000,4.41,5,2.58,90.0
ara2_6ca69422,2026-01-15T06:00:00.000000,3.96,6,2.44,75.0
ara2_6ca69422,2026-01-15T06:15:00.000000,3.8,6,1.99,60.0
ara2_6ca69422,2026-01-15T06:30:00.000000,3.48,6,1.99,45.0
ara2_6ca69422,2026-01-15T06:45:00.000000,3.37,6,1.65,30.0
ara2_6ca69422,2026-01-15T07:00:00.000000,3.14,7,1.65,15.0
ara2_6ca69422,2026-01-15T12:00:00.000000,6.11,12,1.54,120.0
ara2_6ca69422,2026-01-15T12:15:00.000000,6.3,12,1.54,105.0
ara2_6ca69422,2026-01-15T12:30:00.000000,6.28,12,1.54,90.0
ara2_6ca69422,2026-01-15T12:45:00.000000,7.71,12,1.54,75.0
ara2_6ca69422,2026-01-15T13:00:00.000000,8.61,13,1.54,60.0
ara2_6ca69422,2026-01-15T13:15:00.000000,9.92,13,1.54,45.0
ara2_6ca69422,2026-01-15T13:30:00.000000,10.34,13,1.54,30.0
ara2_6ca69422,2026-01-15T13:45:00.000000,11.19,13,1.54,15.0
ara2_6ca69422,2026-01-16T04:00:00.000000,4.55,4,2.88,120.0
ara2_6ca69422,2026-01-16T04:15:00.000000,4.52,4,2.12,105.0
ara2_6ca69422,2026-01-16T04:30:00.000000,4.34,4,2.12,90.0
ara2_6ca69422,2026-01-16T04:45:00.000000,4.08,4,2.12,75.0
ara2_6ca69422,2026-01-16T05:00:00.000000,4.2,5,2.12,60.0
ara2_6ca69422,2026-01-16T05:15:00.000000,4.07,5,2.12,45.0
ara2_6ca69422,2026-01-16T05:30:00.000000,3.55,5,1.09,30.0
ara2_6ca69422,2026-01-16T05:45:00.000000,3.38,5,1.09,15.0
ara2_6ca69422,2026-01-17T02:15:00.000000,5.72,2,2.83,120.0
ara2_6ca69422,2026-01-17T02:30:00.000000,5.12,2,2.83,105.0
ara2_6ca69422,2026-01-17T02:45:00.000000,5.02,2,2.56,90.0
ara2_6ca69422,2026-01-17T03:00:00.000000,4.72,3,2.56,75.0
ara2_6ca69422,2026-01-17T03:15:00.000000,4.82,3,2.56,60.0
ara2_6ca69422,2026-01-17T03:30:00.000000,4.19,3,2.47,45.0
ara2_6ca69422,2026-01-17T03:45:00.000000,4.02,3,2.38,30.0
ara2_6ca69422,2026-01-17T04:00:00.000000,3.4,4,1.8,15.0
ara2_6ca69422,2026-01-17T22:45:00.000000,5.63,22,2.04,120.0
ara2_6ca69422,2026-01-17T23:00:00.000000,5.58,23,2.04,105.0
ara2_6ca69422,2026-01-17T23:15:00.000000,5.98,23,2.04,90.0
ara2_6ca69422,2026-01-17T23:30:00.000000,5.22,23,2.04,75.0
ara2_6ca69422,2026-01-17T23:45:00.000000,5.29,23,2.04,60.0
ara2_6ca69422,2026-01-18T00:00:00.000000,4.72,0,2.04,45.0
ara2_6ca69422,2026-01-18T00:15:00.000000,4.82,0,2.04,30.0
ara2_6ca69422,2026-01-18T00:30:00.000000,4.9,0,2.04,15.0
ara2_6ca69422,2026-01-18T01:15:00.000000,3.99,1,2.79,105.0
ara2_6ca69422,2026-01-18T01:30:00.000000,3.66,1,2.79,90.0
ara2_6ca69422,2026-01-18T01:45:00.000000,3.86,1,2.75,75.0
ara2_6ca69422,2026-01-18T02:00:00.000000,3.72,2,2.75,60.0
ara2_6ca69422,2026-01-18T02:15:00.000000,3.43,2,2.75,45.0
ara2_6ca69422,2026-01-18T02:30:00.000000,3.25,2,2.75,30.0
ara2_6ca69422,2026-01-18T02:45:00.000000,3.28,2,2.75,15.0
ara2_6ca69422,2026-01-18T10:15:00.000000,4.49,10,2.27,120.0
ara2_6ca69422,2026-01-18T10:30:00.000000,5.8,10,2.27,105.0
ara2_6ca69422,2026-01-18T10:45:00.000000,4.31,10,2.27,90.0
ara2_6ca69422,2026-01-18T11:00:00.000000,4.38,11,2.27,75.0
ara2_6ca69422,2026-01-18T11:15:00.000000,3.12,11,2.27,60.0
ara2_6ca69422,2026-01-18T11:30:00.000000,3.14,11,2.27,45.0
ara2_6ca69422,2026-01-18T11:45:00.000000,3.04,11,2.27,30.0
ara2_6ca69422,2026-01-18T12:00:00.000000,3.58,12,2.27,15.0
ara2_6ca69422,2026-01-19T02:30:00.000000,4.65,2,2.17,120.0
ara2_6ca69422,2026-01-19T02:45:00.000000,4.14,2,2.1,105.0
ara2_6ca69422,2026-01-19T03:00:00.000000,4.25,3,1.98,90.0
ara2_6ca69422,2026-01-19T03:15:00.000000,3.96,3,1.97,75.0
ara2_6ca69422,2026-01-19T03:30:00.000000,3.76,3,1.9,60.0
ara2_6ca69422,2026-01-19T03:45:00.000000,3.47,3,1.9,45.0
ara2_6ca69422,2026-01-19T04:00:00.000000,3.08,4,1.9,30.0
ara2_6ca69422,2026-01-19T04:15:00.000000,3.01,4,1.9,15.0
ara2_6ca69422,2026-01-28T04:15:00.000000,4.33,4,2.93,120.0
ara2_6ca69422,2026-01-28T04:30:00.000000,4.09,4,2.81,105.0
ara2_6ca69422,2026-01-28T04:45:00.000000,3.91,4,2.81,90.0
ara2_6ca69422,2026-01-28T05:00:00.000000,3.63,5,2.81,75.0
ara2_6ca69422,2026-01-28T05:15:00.000000,3.45,5,2.81,60.0
ara2_6ca69422,2026-01-28T05:30:00.000000,3.24,5,2.63,45.0
ara2_6ca69422,2026-01-28T05:45:00.000000,3.13,5,2.63,30.0
ara2_6ca69422,2026-01-28T06:00:00.000000,3.03,6,2.63,15.0
ara2_6ca69422,2026-01-28T08:00:00.000000,3.01,8,2.42,15.0
ara2_6ca69422,2026-01-30T04:00:00.000000,4.18,4,2.95,120.0
ara2_6ca69422,2026-01-30T04:15:00.000000,3.97,4,2.7,105.0
ara2_6ca69422,2026-01-30T04:30:00.000000,3.74,4,2.7,90.0
ara2_6ca69422,2026-01-30T04:45:00.000000,3.53,4,2.55,75.0
ara2_6ca69422,2026-01-30T05:00:00.000000,3.62,5,2.39,60.0
ara2_6ca69422,2026-01-30T05:15:00.000000,3.36,5,2.39,45.0
ara2_6ca69422,2026-01-30T05:30:00.000000,3.23,5,2.39,30.0
ara2_6ca69422,2026-01-30T05:45:00.000000,3.09,5,2.39,15.0
ara2_858b914c,2025-11-29T07:00:01.000000,4.01,7,2.87,120.0
ara2_858b914c,2025-11-29T07:15:01.000000,3.84,7,2.85,105.0
ara2_858b914c,2025-11-29T07:30:01.000000,3.72,7,2.77,90.0
ara2_858b914c,2025-11-29T07:45:01.000000,3.59,7,2.6,75.0
ara2_858b914c,2025-11-29T08:00:01.000000,3.49,8,2.49,60.0
ara2_858b914c,2025-11-29T08:15:01.000000,3.3,8,2.4,45.0
ara2_858b914c,2025-11-29T08:30:01.000000,3.04,8,2.4,30.0
ara2_858b914c,2025-11-29T08:45:01.000000,3.03,8,2.38,15.0
ara2_858b914c,2025-11-30T23:45:00.000000,5.13,23,2.91,120.0
ara2_858b914c,2025-12-01T00:00:00.000000,4.46,0,2.79,105.0
ara2_858b914c,2025-12-01T00:15:00.000000,4.11,0,2.77,90.0
ara2_858b914c,2025-12-01T00:30:00.000000,3.89,0,2.77,75.0
ara2_858b914c,2025-12-01T00:45:00.000000,3.9,0,2.73,60.0
ara2_858b914c,2025-12-01T01:00:00.000000,3.64,1,2.55,45.0
ara2_858b914c,2025-12-01T01:15:00.000000,3.36,1,2.55,30.0
ara2_858b914c,2025-12-01T01:30:00.000000,3.19,1,2.55,15.0
ara2_858b914c,2025-12-01T04:15:00.000000,3.08,4,2.72,30.0
ara2_858b914c,2025-12-01T04:30:00.000000,3.32,4,2.72,15.0
ara2_858b914c,2025-12-02T04:30:01.000000,3.49,4,2.95,120.0
ara2_858b914c,2025-12-02T04:45:01.000000,3.37,4,2.93,105.0
ara2_858b914c,2025-12-02T05:00:01.000000,3.36,5,2.81,90.0
ara2_858b914c,2025-12-02T05:15:01.000000,3.35,5,2.71,75.0
ara2_858b914c,2025-12-02T05:30:01.000000,3.31,5,2.68,60.0
ara2_858b914c,2025-12-02T05:45:01.000000,3.2,5,2.62,45.0
ara2_858b914c,2025-12-02T06:00:01.000000,3.14,6,2.62,30.0
ara2_858b914c,2025-12-02T06:15:01.000000,3.04,6,2.62,15.0
ara2_858b914c,2025-12-02T14:30:01.000000,3.1,14,2.88,45.0
ara2_858b914c,2025-12-02T14:45:01.000000,3.03,14,2.88,30.0
ara2_858b914c,2025-12-02T15:00:01.000000,3.28,15,2.88,15.0
ara2_858b914c,2025-12-03T04:00:01.000000,3.94,4,2.84,120.0
ara2_858b914c,2025-12-03T04:15:01.000000,3.78,4,2.77,105.0
ara2_858b914c,2025-12-03T04:30:01.000000,3.64,4,2.67,90.0
ara2_858b914c,2025-12-03T04:45:01.000000,3.54,4,2.56,75.0
ara2_858b914c,2025-12-03T05:00:01.000000,3.3,5,2.56,60.0
ara2_858b914c,2025-12-03T05:15:01.000000,3.08,5,2.56,45.0
ara2_858b914c,2025-12-03T05:30:01.000000,3.14,5,2.56,30.0
ara2_858b914c,2025-12-03T05:45:01.000000,3.13,5,2.56,15.0
ara2_858b914c,2025-12-03T23:15:01.000000,4.04,23,2.87,120.0
ara2_858b914c,2025-12-03T23:30:01.000000,3.67,23,2.72,105.0
ara2_858b914c,2025-12-03T23:45:01.000000,3.3,23,2.63,90.0
ara2_858b914c,2025-12-04T00:00:01.000000,3.27,0,2.34,75.0
ara2_858b914c,2025-12-04T00:15:01.000000,3.19,0,2.04,60.0
ara2_858b914c,2025-12-04T00:30:01.000000,3.07,0,1.92,45.0
ara2_858b914c,2025-12-04T00:45:01.000000,3.05,0,1.84,30.0
ara2_858b914c,2025-12-04T01:00:01.000000,3.07,1,1.73,15.0
ara2_858b914c,2025-12-05T04:30:02.000000,3.76,4,2.31,120.0
ara2_858b914c,2025-12-05T04:45:02.000000,3.7,4,2.27,105.0
ara2_858b914c,2025-12-05T05:00:02.000000,3.57,5,2.27,90.0
ara2_858b914c,2025-12-05T05:15:02.000000,3.47,5,2.27,75.0
ara2_858b914c,2025-12-05T05:30:02.000000,3.42,5,2.27,60.0
ara2_858b914c,2025-12-05T05:45:02.000000,3.33,5,2.27,45.0
ara2_858b914c,2025-12-05T06:00:02.000000,3.2,6,2.27,30.0
ara2_858b914c,2025-12-05T06:15:02.000000,3.12,6,2.27,15.0
ara2_858b914c,2025-12-06T05:15:02.000000,3.25,5,2.99,120.0
ara2_858b914c,2025-12-06T05:30:02.000000,3.33,5,2.97,105.0
ara2_858b914c,2025-12-06T05:45:02.000000,3.2,5,2.97,90.0
ara2_858b914c,2025-12-06T06:00:02.000000,3.5,6,2.97,75.0
ara2_858b914c,2025-12-06T06:15:02.000000,3.32,6,2.97,60.0
ara2_858b914c,2025-12-06T06:30:02.000000,3.19,6,2.97,45.0
ara2_858b914c,2025-12-06T06:45:02.000000,3.07,6,2.97,30.0
ara2_858b914c,2025-12-06T07:00:02.000000,3.02,7,2.97,15.0
ara2_858b914c,2025-12-07T04:45:03.000000,3.65,4,2.84,120.0
ara2_858b914c,2025-12-07T05:00:03.000000,3.6,5,2.66,105.0
ara2_858b914c,2025-12-07T05:15:03.000000,3.63,5,2.48,90.0
ara2_858b914c,2025-12-07T05:30:03.000000,3.5,5,2.48,75.0
ara2_858b914c,2025-12-07T05:45:03.000000,3.45,5,2.48,60.0
ara2_858b914c,2025-12-07T06:00:03.000000,3.34,6,2.48,45.0
ara2_858b914c,2025-12-07T06:15:03.000000,3.15,6,2.48,30.0
ara2_858b914c,2025-12-07T06:30:03.000000,3.05,6,2.48,15.0
ara2_858b914c,2025-12-08T06:30:03.000000,3.65,6,2.96,120.0
ara2_858b914c,2025-12-08T06:45:03.000000,3.45,6,2.96,105.0
ara2_858b914c,2025-12-08T07:00:03.000000,3.24,7,2.96,90.0
ara2_858b914c,2025-12-08T07:15:03.000000,3.2,7,2.96,75.0
ara2_858b914c,2025-12-08T07:30:03.000000,3.18,7,2.96,60.0
ara2_858b914c,2025-12-08T07:45:03.000000,3.3,7,2.96,45.0
ara2_858b914c,2025-12-08T08:00:03.000000,3.39,8,2.96,30.0
ara2_858b914c,2025-12-08T08:15:03.000000,3.58,8,2.96,15.0
ara2_858b914c,2025-12-09T03:30:03.000000,3.45,3,2.95,120.0
ara2_858b914c,2025-12-09T03:45:03.000000,3.43,3,2.91,105.0
ara2_858b914c,2025-12-09T04:00:03.000000,3.39,4,2.87,90.0
ara2_858b914c,2025-12-09T04:15:03.000000,3.45,4,2.79,75.0
ara2_858b914c,2025-12-09T04:30:03.000000,3.46,4,2.68,60.0
ara2_858b914c,2025-12-09T04:45:03.000000,3.24,4,2.6,45.0
ara2_858b914c,2025-12-09T05:00:03.000000,3.2,5,2.18,30.0
ara2_858b914c,2025-12-09T05:15:03.000000,3.17,5,2.18,15.0
ara2_858b914c,2025-12-11T03:45:04.000000,4.08,3,2.91,120.0
ara2_858b914c,2025-12-11T04:00:04.000000,3.61,4,2.91,105.0
ara2_858b914c,2025-12-11T04:15:04.000000,3.47,4,2.76,90.0
ara2_858b914c,2025-12-11T04:30:04.000000,3.4,4,1.87,75.0
ara2_858b914c,2025-12-11T04:45:04.000000,3.38,4,1.87,60.0
ara2_858b914c,2025-12-11T05:00:04.000000,3.32,5,1.87,45.0
ara2_858b914c,2025-12-11T05:15:04.000000,3.16,5,1.87,30.0
ara2_858b914c,2025-12-11T05:30:04.000000,3.12,5,1.87,15.0
ara2_858b914c,2025-12-11T06:00:04.000000,3.03,6,1.87,15.0
ara2_858b914c,2025-12-12T04:45:04.000000,4.1,4,2.85,120.0
ara2_858b914c,2025-12-12T05:00:04.000000,3.83,5,2.31,105.0
ara2_858b914c,2025-12-12T05:15:04.000000,3.89,5,2.31,90.0
ara2_858b914c,2025-12-12T05:30:04.000000,3.77,5,2.26,75.0
ara2_858b914c,2025-12-12T05:45:04.000000,3.83,5,2.25,60.0
ara2_858b914c,2025-12-12T06:00:04.000000,3.63,6,2.1,45.0
ara2_858b914c,2025-12-12T06:15:04.000000,3.36,6,2.1,30.0
ara2_858b914c,2025-12-12T06:30:04.000000,3.34,6,2.1,15.0
ara2_858b914c,2025-12-12T22:45:05.000000,7.48,22,2.68,120.0
ara2_858b914c,2025-12-12T23:00:05.000000,7.51,23,2.68,105.0
ara2_858b914c,2025-12-12T23:15:05.000000,6.99,23,2.68,90.0
ara2_858b914c,2025-12-12T23:30:05.000000,7.15,23,2.68,75.0
ara2_858b914c,2025-12-12T23:45:05.000000,6.9,23,2.68,60.0
ara2_858b914c,2025-12-13T00:00:05.000000,6.72,0,2.68,45.0
ara2_858b914c,2025-12-13T00:15:05.000000,6.34,0,2.68,30.0
ara2_858b914c,2025-12-13T00:30:05.000000,4.57,0,2.68,15.0
ara2_858b914c,2025-12-13T04:00:05.000000,3.96,4,2.94,120.0
ara2_858b914c,2025-12-13T04:15:05.000000,3.76,4,2.93,105.0
ara2_858b914c,2025-12-13T04:30:05.000000,3.77,4,2.72,90.0
ara2_858b914c,2025-12-13T04:45:05.000000,3.63,4,0.92,75.0
ara2_858b914c,2025-12-13T05:00:05.000000,3.43,5,0.92,60.0
ara2_858b914c,2025-12-13T05:15:05.000000,3.31,5,0.92,45.0
ara2_858b914c,2025-12-13T05:30:05.000000,3.29,5,0.92,30.0
ara2_858b914c,2025-12-13T05:45:05.000000,3.22,5,0.92,15.0
ara2_858b914c,2025-12-15T05:00:06.000000,4.8,5,2.44,120.0
ara2_858b914c,2025-12-15T05:15:05.000000,4.7,5,2.44,105.0
ara2_858b914c,2025-12-15T05:30:05.000000,4.75,5,2.44,90.0
ara2_858b914c,2025-12-15T05:45:05.000000,4.54,5,2.44,75.0
ara2_858b914c,2025-12-15T06:00:05.000000,4.63,6,2.44,60.0
ara2_858b914c,2025-12-15T06:15:05.000000,4.7,6,2.44,45.0
ara2_858b914c,2025-12-15T06:30:05.000000,4.45,6,2.44,30.0
ara2_858b914c,2025-12-15T06:45:05.000000,4.63,6,2.44,15.0
ara2_858b914c,2025-12-15T22:15:06.000000,8.96,22,2.57,120.0
ara2_858b914c,2025-12-15T22:30:06.000000,8.69,22,2.57,105.0
ara2_858b914c,2025-12-15T22:45:06.000000,8.42,22,2.57,90.0
ara2_858b914c,2025-12-15T23:00:06.000000,7.94,23,2.57,75.0
ara2_858b914c,2025-12-15T23:15:06.000000,7.49,23,2.57,60.0
ara2_858b914c,2025-12-15T23:30:06.000000,7.12,23,2.57,45.0
ara2_858b914c,2025-12-15T23:45:06.000000,6.91,23,2.57,30.0
ara2_858b914c,2025-12-16T00:00:06.000000,6.61,0,2.57,15.0
ara2_858b914c,2025-12-17T04:15:06.000000,4.47,4,2.53,120.0
ara2_858b914c,2025-12-17T04:30:06.000000,4.45,4,2.53,105.0
ara2_858b914c,2025-12-17T04:45:06.000000,4.32,4,2.53,90.0
ara2_858b914c,2025-12-17T05:00:06.000000,4.34,5,2.53,75.0
ara2_858b914c,2025-12-17T05:15:06.000000,4.09,5,2.53,60.0
ara2_858b914c,2025-12-17T05:30:06.000000,4.05,5,2.53,45.0
ara2_858b914c,2025-12-17T05:45:06.000000,3.06,5,2.53,30.0
ara2_858b914c,2025-12-17T06:00:06.000000,3.19,6,2.53,15.0
ara2_858b914c,2025-12-18T03:30:07.000000,5.47,3,2.18,120.0
ara2_858b914c,2025-12-18T03:45:07.000000,5.4,3,2.18,105.0
ara2_858b914c,2025-12-18T04:00:07.000000,5.06,4,2.18,90.0
ara2_858b914c,2025-12-18T04:15:06.000000,4.84,4,2.18,75.0
ara2_858b914c,2025-12-18T04:30:07.000000,4.64,4,2.18,60.0
ara2_858b914c,2025-12-18T04:45:07.000000,4.23,4,2.18,45.0
ara2_858b914c,2025-12-18T05:00:06.000000,4.16,5,2.18,30.0
ara2_858b914c,2025-12-18T05:15:06.000000,3.88,5,2.18,15.0
ara2_858b914c,2025-12-18T23:15:07.000000,10.43,23,1.79,120.0
ara2_858b914c,2025-12-18T23:30:07.000000,10.21,23,1.79,105.0
ara2_858b914c,2025-12-18T23:45:07.000000,9.94,23,1.79,90.0
ara2_858b914c,2025-12-19T00:00:07.000000,9.85,0,1.79,75.0
ara2_858b914c,2025-12-19T00:15:07.000000,9.32,0,1.79,60.0
ara2_858b914c,2025-12-19T00:30:07.000000,9.19,0,1.79,45.0
ara2_858b914c,2025-12-19T00:45:07.000000,8.87,0,1.79,30.0
ara2_858b914c,2025-12-19T01:00:07.000000,8.7,1,1.79,15.0
ara2_858b914c,2025-12-19T05:00:07.000000,4.33,5,2.89,120.0
ara2_858b914c,2025-12-19T05:15:07.000000,4.15,5,2.79,105.0
ara2_858b914c,2025-12-19T05:30:07.000000,3.85,5,2.79,90.0
ara2_858b914c,2025-12-19T05:45:07.000000,3.76,5,2.79,75.0
ara2_858b914c,2025-12-19T06:00:07.000000,3.6,6,2.79,60.0
ara2_858b914c,2025-12-19T06:15:07.000000,3.55,6,2.79,45.0
ara2_858b914c,2025-12-19T06:30:07.000000,3.32,6,2.79,30.0
ara2_858b914c,2025-12-19T06:45:07.000000,3.22,6,2.79,15.0
ara2_858b914c,2025-12-20T03:15:08.000000,4.43,3,2.89,120.0
ara2_858b914c,2025-12-20T03:30:08.000000,4.6,3,2.89,105.0
ara2_858b914c,2025-12-20T03:45:08.000000,4.42,3,2.89,90.0
ara2_858b914c,2025-12-20T04:00:07.000000,4.3,4,1.47,75.0
ara2_858b914c,2025-12-20T04:15:08.000000,4.18,4,1.47,60.0
ara2_858b914c,2025-12-20T04:30:08.000000,4.18,4,1.47,45.0
ara2_858b914c,2025-12-20T04:45:08.000000,4.24,4,1.47,30.0
ara2_858b914c,2025-12-20T05:00:08.000000,4.03,5,1.47,15.0
ara2_858b914c,2025-12-20T05:30:07.000000,3.28,5,1.28,30.0
ara2_858b914c,2025-12-20T05:45:08.000000,3.54,5,1.28,15.0
ara2_858b914c,2025-12-20T07:00:08.000000,3.45,7,0.89,15.0
ara2_858b914c,2025-12-20T07:30:08.000000,3.34,7,0.89,60.0
ara2_858b914c,2025-12-20T07:45:08.000000,3.38,7,0.89,45.0
ara2_858b914c,2025-12-20T08:00:08.000000,3.47,8,0.89,30.0
ara2_858b914c,2025-12-20T08:15:08.000000,3.4,8,0.89,15.0
ara2_858b914c,2025-12-20T23:45:08.000000,5.58,23,2.96,120.0
ara2_858b914c,2025-12-21T00:00:08.000000,5.63,0,2.96,105.0
ara2_858b914c,2025-12-21T00:15:08.000000,5.43,0,2.96,90.0
ara2_858b914c,2025-12-21T00:30:08.000000,5.01,0,2.96,75.0
ara2_858b914c,2025-12-21T00:45:08.000000,5.35,0,2.96,60.0
ara2_858b914c,2025-12-21T01:00:08.000000,5.32,1,2.96,45.0
ara2_858b914c,2025-12-21T01:15:08.000000,4.91,1,2.96,30.0
ara2_858b914c,2025-12-21T01:30:08.000000,5.18,1,2.96,15.0
ara2_858b914c,2025-12-21T02:00:08.000000,3.72,2,2.8,105.0
ara2_858b914c,2025-12-21T02:15:08.000000,4.03,2,2.8,90.0
ara2_858b914c,2025-12-21T02:30:08.000000,4.24,2,2.8,75.0
ara2_858b914c,2025-12-21T02:45:08.000000,4.57,2,2.8,60.0
ara2_858b914c,2025-12-21T03:00:08.000000,4.62,3,2.8,45.0
ara2_858b914c,2025-12-21T03:15:08.000000,4.62,3,2.8,30.0
ara2_858b914c,2025-12-21T03:30:08.000000,4.7,3,1.66,15.0
ara2_858b914c,2025-12-21T04:00:08.000000,3.43,4,1.66,90.0
ara2_858b914c,2025-12-21T04:15:08.000000,4.07,4,1.66,75.0
ara2_858b914c,2025-12-21T04:30:08.000000,4.57,4,1.66,60.0
ara2_858b914c,2025-12-21T04:45:08.000000,4.61,4,1.66,45.0
ara2_858b914c,2025-12-21T05:00:08.000000,4.93,5,1.66,30.0
ara2_858b914c,2025-12-21T05:15:08.000000,4.47,5,1.66,15.0
ara2_858b914c,2025-12-23T01:00:09.000000,7.49,1,2.75,120.0
ara2_858b914c,2025-12-23T01:15:09.000000,7.14,1,2.75,105.0
ara2_858b914c,2025-12-23T01:30:09.000000,7.23,1,2.75,90.0
ara2_858b914c,2025-12-23T01:45:09.000000,7.05,1,2.75,75.0
ara2_858b914c,2025-12-23T02:00:09.000000,6.36,2,2.75,60.0
ara2_858b914c,2025-12-23T02:15:09.000000,6.71,2,2.75,45.0
ara2_858b914c,2025-12-23T02:30:09.000000,6.47,2,2.75,30.0
ara2_858b914c,2025-12-23T02:45:09.000000,6.43,2,2.75,15.0
ara2_858b914c,2025-12-24T05:15:09.000000,4.24,5,2.85,120.0
ara2_858b914c,2025-12-24T05:30:09.000000,3.24,5,2.85,105.0
ara2_858b914c,2025-12-24T05:45:09.000000,3.87,5,2.85,90.0
ara2_858b914c,2025-12-24T06:00:09.000000,4.25,6,2.85,75.0
ara2_858b914c,2025-12-24T06:15:09.000000,4.21,6,2.0,60.0
ara2_858b914c,2025-12-24T06:30:09.000000,4.0,6,2.0,45.0
ara2_858b914c,2025-12-24T06:45:09.000000,4.02,6,2.0,30.0
ara2_858b914c,2025-12-24T07:00:09.000000,3.77,7,2.0,15.0
ara2_858b914c,2025-12-24T07:30:09.000000,3.22,7,2.0,45.0
ara2_858b914c,2025-12-24T07:45:09.000000,3.74,7,2.0,30.0
ara2_858b914c,2025-12-24T08:00:09.000000,3.82,8,2.0,15.0
ara2_b3d128ac,2025-12-16T02:00:00.000000,4.17,2,2.92,120.0
ara2_b3d128ac,2025-12-16T02:15:00.000000,4.01,2,2.71,105.0
ara2_b3d128ac,2025-12-16T02:30:00.000000,3.8,2,2.11,90.0
ara2_b3d128ac,2025-12-16T02:45:00.000000,3.66,2,2.11,75.0
ara2_b3d128ac,2025-12-16T03:00:00.000000,3.52,3,1.67,60.0
ara2_b3d128ac,2025-12-16T03:15:00.000000,3.43,3,1.67,45.0
ara2_b3d128ac,2025-12-16T03:30:00.000000,3.21,3,1.56,30.0
ara2_b3d128ac,2025-12-16T03:45:00.000000,3.13,3,1.56,15.0
ara2_b3d128ac,2025-12-16T22:15:00.000000,4.29,22,2.98,120.0
ara2_b3d128ac,2025-12-16T22:30:00.000000,4.2,22,2.89,105.0
ara2_b3d128ac,2025-12-16T22:45:00.000000,4.08,22,2.67,90.0
ara2_b3d128ac,2025-12-16T23:00:00.000000,3.94,23,2.56,75.0
ara2_b3d128ac,2025-12-16T23:15:00.000000,3.69,23,2.41,60.0
ara2_b3d128ac,2025-12-16T23:30:00.000000,3.56,23,2.2,45.0
ara2_b3d128ac,2025-12-16T23:45:00.000000,3.44,23,1.99,30.0
ara2_b3d128ac,2025-12-17T00:00:00.000000,3.28,0,1.88,15.0
ara2_b3d128ac,2025-12-17T23:00:00.000000,4.7,23,2.89,120.0
ara2_b3d128ac,2025-12-17T23:15:00.000000,4.38,23,2.86,105.0
ara2_b3d128ac,2025-12-17T23:30:00.000000,4.15,23,2.54,90.0
ara2_b3d128ac,2025-12-17T23:45:00.000000,3.81,23,2.2,75.0
ara2_b3d128ac,2025-12-18T00:00:00.000000,3.74,0,2.03,60.0
ara2_b3d128ac,2025-12-18T00:15:00.000000,3.6,0,1.89,45.0
ara2_b3d128ac,2025-12-18T00:30:00.000000,3.4,0,1.67,30.0
ara2_b3d128ac,2025-12-18T00:45:00.000000,3.01,0,1.56,15.0
ara2_b3d128ac,2025-12-18T23:15:00.000000,5.56,23,2.94,120.0
ara2_b3d128ac,2025-12-18T23:30:00.000000,5.28,23,2.94,105.0
ara2_b3d128ac,2025-12-18T23:45:00.000000,4.98,23,2.94,90.0
ara2_b3d128ac,2025-12-19T00:00:00.000000,4.53,0,2.88,75.0
ara2_b3d128ac,2025-12-19T00:15:00.000000,4.39,0,2.79,60.0
ara2_b3d128ac,2025-12-19T00:30:00.000000,4.05,0,2.36,45.0
ara2_b3d128ac,2025-12-19T00:45:00.000000,3.54,0,2.14,30.0
ara2_b3d128ac,2025-12-19T01:00:00.000000,3.05,1,2.13,15.0
ara2_b3d128ac,2025-12-19T01:30:00.000000,3.2,1,1.42,30.0
ara2_b3d128ac,2025-12-19T01:45:00.000000,3.09,1,0.94,15.0
ara2_b3d128ac,2025-12-20T00:45:00.000000,5.16,0,2.85,120.0
ara2_b3d128ac,2025-12-20T01:00:00.000000,4.77,1,2.69,105.0
ara2_b3d128ac,2025-12-20T01:15:00.000000,4.53,1,2.46,90.0
ara2_b3d128ac,2025-12-20T01:30:00.000000,4.14,1,2.28,75.0
ara2_b3d128ac,2025-12-20T01:45:00.000000,3.92,1,2.19,60.0
ara2_b3d128ac,2025-12-20T02:00:00.000000,3.47,2,2.01,45.0
ara2_b3d128ac,2025-12-20T02:15:00.000000,3.24,2,1.97,30.0
ara2_b3d128ac,2025-12-20T02:30:00.000000,3.0,2,1.84,15.0
ara2_b3d128ac,2025-12-21T02:15:00.000000,4.34,2,2.82,120.0
ara2_b3d128ac,2025-12-21T02:30:00.000000,3.92,2,2.74,105.0
ara2_b3d128ac,2025-12-21T02:45:00.000000,3.83,2,2.65,90.0
ara2_b3d128ac,2025-12-21T03:00:00.000000,3.8,3,2.43,75.0
ara2_b3d128ac,2025-12-21T03:15:00.000000,3.66,3,2.26,60.0
ara2_b3d128ac,2025-12-21T03:30:00.000000,3.48,3,2.16,45.0
ara2_b3d128ac,2025-12-21T03:45:00.000000,3.25,3,2.06,30.0
ara2_b3d128ac,2025-12-21T04:00:00.000000,3.16,4,1.99,15.0
ara2_b3d128ac,2025-12-23T04:30:00.000000,3.83,4,2.82,120.0
ara2_b3d128ac,2025-12-23T04:45:00.000000,3.64,4,2.79,105.0
ara2_b3d128ac,2025-12-23T05:00:00.000000,3.48,5,2.62,90.0
ara2_b3d128ac,2025-12-23T05:15:00.000000,3.38,5,2.51,75.0
ara2_b3d128ac,2025-12-23T05:30:00.000000,3.31,5,2.38,60.0
ara2_b3d128ac,2025-12-23T05:45:00.000000,3.23,5,2.34,45.0
ara2_b3d128ac,2025-12-23T06:00:00.000000,3.34,6,2.34,30.0
ara2_b3d128ac,2025-12-23T06:15:00.000000,3.19,6,2.34,15.0
ara2_b3d128ac,2025-12-24T02:30:00.000000,4.43,2,2.91,120.0
ara2_b3d128ac,2025-12-24T02:45:00.000000,4.23,2,2.91,105.0
ara2_b3d128ac,2025-12-24T03:00:00.000000,3.91,3,2.71,90.0
ara2_b3d128ac,2025-12-24T03:15:00.000000,3.79,3,2.71,75.0
ara2_b3d128ac,2025-12-24T03:30:00.000000,3.85,3,2.29,60.0
ara2_b3d128ac,2025-12-24T03:45:00.000000,3.54,3,2.23,45.0
ara2_b3d128ac,2025-12-24T04:00:00.000000,3.36,4,1.74,30.0
ara2_b3d128ac,2025-12-24T04:15:00.000000,3.02,4,1.66,15.0
ara2_b3d128ac,2025-12-26T00:45:00.000000,4.27,0,2.88,120.0
ara2_b3d128ac,2025-12-26T01:00:00.000000,4.14,1,2.57,105.0
ara2_b3d128ac,2025-12-26T01:15:00.000000,3.9,1,2.46,90.0
ara2_b3d128ac,2025-12-26T01:30:00.000000,3.92,1,2.43,75.0
ara2_b3d128ac,2025-12-26T01:45:00.000000,3.6,1,2.43,60.0
ara2_b3d128ac,2025-12-26T02:00:00.000000,3.36,2,2.43,45.0
ara2_b3d128ac,2025-12-26T02:15:00.000000,3.3,2,2.43,30.0
ara2_b3d128ac,2025-12-26T02:30:00.000000,3.13,2,2.43,15.0
ara2_b3d128ac,2025-12-26T04:15:00.000000,3.32,4,1.21,15.0
ara2_b3d128ac,2025-12-27T04:45:00.000000,4.79,4,2.95,120.0
ara2_b3d128ac,2025-12-27T05:00:00.000000,4.61,5,2.95,105.0
ara2_b3d128ac,2025-12-27T05:15:00.000000,4.54,5,2.95,90.0
ara2_b3d128ac,2025-12-27T05:30:00.000000,4.55,5,2.95,75.0
ara2_b3d128ac,2025-12-27T05:45:00.000000,4.34,5,2.95,60.0
ara2_b3d128ac,2025-12-27T06:00:00.000000,3.24,6,2.95,45.0
ara2_b3d128ac,2025-12-27T06:15:00.000000,3.26,6,2.95,30.0
ara2_b3d128ac,2025-12-27T06:30:00.000000,3.0,6,2.95,15.0
ara2_b3d128ac,2025-12-28T05:15:00.000000,3.45,5,2.45,45.0
ara2_b3d128ac,2025-12-28T05:30:00.000000,3.14,5,2.45,30.0
ara2_b3d128ac,2025-12-28T05:45:00.000000,3.04,5,2.45,15.0
ara2_b3d128ac,2025-12-29T02:00:00.000000,4.26,2,2.77,120.0
ara2_b3d128ac,2025-12-29T02:15:00.000000,3.8,2,2.7,105.0
ara2_b3d128ac,2025-12-29T02:30:00.000000,3.9,2,2.56,90.0
ara2_b3d128ac,2025-12-29T02:45:00.000000,3.62,2,2.45,75.0
ara2_b3d128ac,2025-12-29T03:00:00.000000,3.54,3,2.32,60.0
ara2_b3d128ac,2025-12-29T03:15:00.000000,3.27,3,1.89,45.0
ara2_b3d128ac,2025-12-29T03:30:00.000000,3.3,3,1.89,30.0
ara2_b3d128ac,2025-12-29T03:45:00.000000,3.23,3,1.89,15.0
ara2_b3d128ac,2025-12-30T02:30:00.000000,5.09,2,2.85,120.0
ara2_b3d128ac,2025-12-30T02:45:00.000000,4.73,2,2.85,105.0
ara2_b3d128ac,2025-12-30T03:00:00.000000,4.26,3,2.85,90.0
ara2_b3d128ac,2025-12-30T03:15:00.000000,3.96,3,2.85,75.0
ara2_b3d128ac,2025-12-30T03:30:00.000000,3.11,3,2.85,60.0
ara2_b3d128ac,2025-12-30T03:45:00.000000,3.43,3,2.85,45.0
ara2_b3d128ac,2025-12-30T04:00:00.000000,3.26,4,2.73,30.0
ara2_b3d128ac,2025-12-30T04:15:00.000000,3.17,4,2.56,15.0
ara2_b3d128ac,2025-12-31T19:15:00.000000,7.55,19,2.78,120.0
ara2_b3d128ac,2025-12-31T19:30:00.000000,7.07,19,2.64,105.0
ara2_b3d128ac,2025-12-31T19:45:00.000000,6.5,19,2.31,90.0
ara2_b3d128ac,2025-12-31T20:00:00.000000,5.95,20,1.94,75.0
ara2_b3d128ac,2025-12-31T20:15:00.000000,4.87,20,1.94,60.0
ara2_b3d128ac,2025-12-31T20:30:00.000000,3.83,20,1.94,45.0
ara2_b3d128ac,2025-12-31T20:45:00.000000,3.27,20,1.94,30.0
ara2_b3d128ac,2025-12-31T21:00:00.000000,3.18,21,1.94,15.0
ara2_b3d128ac,2026-01-01T21:00:00.000000,4.43,21,2.9,120.0
ara2_b3d128ac,2026-01-01T21:15:00.000000,4.27,21,2.71,105.0
ara2_b3d128ac,2026-01-01T21:30:00.000000,4.07,21,2.39,90.0
ara2_b3d128ac,2026-01-01T21:45:00.000000,3.9,21,2.39,75.0
ara2_b3d128ac,2026-01-01T22:00:00.000000,3.7,22,2.39,60.0
ara2_b3d128ac,2026-01-01T22:15:00.000000,3.5,22,2.39,45.0
ara2_b3d128ac,2026-01-01T22:30:00.000000,3.26,22,2.39,30.0
ara2_b3d128ac,2026-01-01T22:45:00.000000,3.11,22,2.39,15.0
ara2_b3d128ac,2026-01-03T21:30:00.000000,4.51,21,2.93,120.0
ara2_b3d128ac,2026-01-03T21:45:00.000000,4.8,21,2.69,105.0
ara2_b3d128ac,2026-01-03T22:00:00.000000,4.49,22,2.64,90.0
ara2_b3d128ac,2026-01-03T22:15:00.000000,4.04,22,2.46,75.0
ara2_b3d128ac,2026-01-03T22:30:00.000000,3.89,22,2.32,60.0
ara2_b3d128ac,2026-01-03T22:45:00.000000,3.85,22,2.11,45.0
ara2_b3d128ac,2026-01-03T23:00:00.000000,3.63,23,1.99,30.0
ara2_b3d128ac,2026-01-03T23:15:00.000000,3.54,23,1.86,15.0
ara2_b3d128ac,2026-01-05T23:15:00.000000,4.09,23,2.95,120.0
ara2_b3d128ac,2026-01-05T23:30:00.000000,3.87,23,2.89,105.0
ara2_b3d128ac,2026-01-05T23:45:00.000000,3.68,23,2.85,90.0
ara2_b3d128ac,2026-01-06T00:00:00.000000,3.51,0,2.71,75.0
ara2_b3d128ac,2026-01-06T00:15:00.000000,3.54,0,2.51,60.0
ara2_b3d128ac,2026-01-06T00:30:00.000000,3.36,0,2.37,45.0
ara2_b3d128ac,2026-01-06T00:45:00.000000,3.34,0,2.21,30.0
ara2_b3d128ac,2026-01-06T01:00:00.000000,3.13,1,2.14,15.0
ara2_b3d128ac,2026-01-08T00:15:00.000000,4.53,0,2.93,120.0
ara2_b3d128ac,2026-01-08T00:30:00.000000,4.27,0,2.69,105.0
ara2_b3d128ac,2026-01-08T00:45:00.000000,4.22,0,2.53,90.0
ara2_b3d128ac,2026-01-08T01:00:00.000000,3.93,1,2.4,75.0
ara2_b3d128ac,2026-01-08T01:15:00.000000,3.83,1,2.31,60.0
ara2_b3d128ac,2026-01-08T01:30:00.000000,3.71,1,2.16,45.0
ara2_b3d128ac,2026-01-08T01:45:00.000000,3.45,1,2.16,30.0
ara2_b3d128ac,2026-01-08T02:00:00.000000,3.23,2,2.16,15.0
ara2_b3d128ac,2026-01-09T03:30:00.000000,3.9,3,2.77,120.0
ara2_b3d128ac,2026-01-09T03:45:00.000000,3.79,3,2.77,105.0
ara2_b3d128ac,2026-01-09T04:00:00.000000,3.72,4,2.37,90.0
ara2_b3d128ac,2026-01-09T04:15:00.000000,3.63,4,2.37,75.0
ara2_b3d128ac,2026-01-09T04:30:00.000000,3.58,4,2.34,60.0
ara2_b3d128ac,2026-01-09T04:45:00.000000,3.4,4,2.27,45.0
ara2_b3d128ac,2026-01-09T05:00:00.000000,3.27,5,2.19,30.0
ara2_b3d128ac,2026-01-09T05:15:00.000000,3.09,5,2.02,15.0
ara2_b3d128ac,2026-01-09T22:00:00.000000,3.74,22,2.6,90.0
ara2_b3d128ac,2026-01-09T22:15:00.000000,3.56,22,2.6,75.0
ara2_b3d128ac,2026-01-09T22:30:00.000000,3.17,22,2.6,60.0
ara2_b3d128ac,2026-01-09T22:45:00.000000,3.12,22,2.57,45.0
ara2_b3d128ac,2026-01-09T23:00:00.000000,3.0,23,2.54,30.0
ara2_b3d128ac,2026-01-09T23:15:00.000000,3.06,23,2.47,15.0
ara2_b3d128ac,2026-01-10T15:30:00.000000,5.1,15,2.88,120.0
ara2_b3d128ac,2026-01-10T15:45:00.000000,4.85,15,2.64,105.0
ara2_b3d128ac,2026-01-10T16:00:00.000000,4.41,16,2.47,90.0
ara2_b3d128ac,2026-01-10T16:15:00.000000,4.03,16,2.07,75.0
ara2_b3d128ac,2026-01-10T16:30:00.000000,3.71,16,2.07,60.0
ara2_b3d128ac,2026-01-10T16:45:00.000000,3.68,16,1.92,45.0
ara2_b3d128ac,2026-01-10T17:00:00.000000,3.38,17,1.68,30.0
ara2_b3d128ac,2026-01-10T17:15:00.000000,3.18,17,1.66,15.0
ara2_b3d128ac,2026-01-11T19:45:00.000000,3.46,19,2.92,120.0
ara2_b3d128ac,2026-01-11T20:00:00.000000,3.28,20,2.77,105.0
ara2_b3d128ac,2026-01-11T20:15:00.000000,3.27,20,2.77,90.0
ara2_b3d128ac,2026-01-11T20:30:00.000000,3.08,20,2.76,75.0
ara2_b3d128ac,2026-01-11T20:45:00.000000,3.0,20,2.76,60.0
ara2_b3d128ac,2026-01-11T21:00:00.000000,3.17,21,2.76,45.0
ara2_b3d128ac,2026-01-11T21:15:00.000000,3.13,21,2.76,30.0
ara2_b3d128ac,2026-01-11T21:30:00.000000,3.03,21,2.76,15.0
ara2_b3d128ac,2026-01-11T23:00:00.000000,3.47,23,2.81,90.0
ara2_b3d128ac,2026-01-11T23:15:00.000000,3.03,23,2.81,75.0
ara2_b3d128ac,2026-01-11T23:30:00.000000,3.11,23,2.81,60.0
ara2_b3d128ac,2026-01-11T23:45:00.000000,3.15,23,2.81,45.0
ara2_b3d128ac,2026-01-12T00:00:00.000000,3.41,0,2.81,30.0
ara2_b3d128ac,2026-01-12T00:15:00.000000,3.13,0,2.81,15.0
ara2_b3d128ac,2026-01-15T01:45:00.000000,4.79,1,2.79,120.0
ara2_b3d128ac,2026-01-15T02:00:00.000000,4.53,2,2.79,105.0
ara2_b3d128ac,2026-01-15T02:15:00.000000,4.57,2,2.79,90.0
ara2_b3d128ac,2026-01-15T02:30:00.000000,4.28,2,2.79,75.0
ara2_b3d128ac,2026-01-15T02:45:00.000000,3.83,2,2.79,60.0
ara2_b3d128ac,2026-01-15T03:00:00.000000,3.84,3,2.79,45.0
ara2_b3d128ac,2026-01-15T03:15:00.000000,3.38,3,2.79,30.0
ara2_b3d128ac,2026-01-15T03:30:00.000000,3.21,3,2.79,15.0
ara2_b3d128ac,2026-01-15T10:15:00.000000,3.0,10,1.75,45.0
ara2_b3d128ac,2026-01-15T10:30:00.000000,3.29,10,1.75,30.0
ara2_b3d128ac,2026-01-15T10:45:00.000000,3.32,10,1.75,15.0
ara2_b3d128ac,2026-01-15T19:00:00.000000,8.41,19,2.91,120.0
ara2_b3d128ac,2026-01-15T19:15:00.000000,7.66,19,2.91,105.0
ara2_b3d128ac,2026-01-15T19:30:00.000000,5.25,19,2.91,90.0
ara2_b3d128ac,2026-01-15T19:45:00.000000,6.78,19,2.91,75.0
ara2_b3d128ac,2026-01-15T20:00:00.000000,6.02,20,2.91,60.0
ara2_b3d128ac,2026-01-15T20:15:00.000000,5.07,20,2.91,45.0
ara2_b3d128ac,2026-01-15T20:30:00.000000,4.94,20,2.91,30.0
ara2_b3d128ac,2026-01-15T20:45:00.000000,4.33,20,2.91,15.0
ara2_b3d128ac,2026-01-16T13:00:00.000000,3.17,13,2.15,90.0
ara2_b3d128ac,2026-01-16T13:15:00.000000,3.91,13,2.15,75.0
ara2_b3d128ac,2026-01-16T13:30:00.000000,3.18,13,2.15,60.0
ara2_b3d128ac,2026-01-16T13:45:00.000000,3.09,13,2.15,45.0
ara2_b3d128ac,2026-01-16T14:00:00.000000,3.68,14,2.15,30.0
ara2_b3d128ac,2026-01-16T14:15:00.000000,3.42,14,2.15,15.0
ara2_b3d128ac,2026-01-16T17:30:00.000000,7.15,17,2.71,120.0
ara2_b3d128ac,2026-01-16T17:45:00.000000,5.48,17,2.07,105.0
ara2_b3d128ac,2026-01-16T18:00:00.000000,5.49,18,2.07,90.0
ara2_b3d128ac,2026-01-16T18:15:00.000000,4.64,18,2.07,75.0
ara2_b3d128ac,2026-01-16T18:30:00.000000,4.24,18,2.07,60.0
ara2_b3d128ac,2026-01-16T18:45:00.000000,3.6,18,1.6,45.0
ara2_b3d128ac,2026-01-16T19:00:00.000000,3.65,19,1.6,30.0
ara2_b3d128ac,2026-01-16T19:15:00.000000,3.7,19,1.05,15.0
ara2_b3d128ac,2026-01-17T13:15:00.000000,4.02,13,2.08,15.0
ara2_b3d128ac,2026-01-17T17:00:00.000000,4.15,17,1.74,120.0
ara2_b3d128ac,2026-01-17T17:15:00.000000,5.13,17,1.74,105.0
ara2_b3d128ac,2026-01-17T17:30:00.000000,5.62,17,1.74,90.0
ara2_b3d128ac,2026-01-17T17:45:00.000000,4.96,17,1.74,75.0
ara2_b3d128ac,2026-01-17T18:00:00.000000,3.66,18,1.58,60.0
ara2_b3d128ac,2026-01-17T18:15:00.000000,5.1,18,1.58,45.0
ara2_b3d128ac,2026-01-17T18:30:00.000000,4.62,18,1.58,30.0
ara2_b3d128ac,2026-01-17T18:45:00.000000,3.29,18,1.58,15.0
ara2_b3d128ac,2026-01-17T19:15:00.000000,3.62,19,0.6,30.0
ara2_b3d128ac,2026-01-17T19:30:00.000000,3.04,19,0.57,15.0
ara2_b3d128ac,2026-01-20T02:45:00.000000,3.95,2,2.94,120.0
ara2_b3d128ac,2026-01-20T03:00:00.000000,3.61,3,2.76,105.0
ara2_b3d128ac,2026-01-20T03:15:00.000000,3.62,3,2.76,90.0
ara2_b3d128ac,2026-01-20T03:30:00.000000,3.72,3,2.76,75.0
ara2_b3d128ac,2026-01-20T03:45:00.000000,3.63,3,2.76,60.0
ara2_b3d128ac,2026-01-20T04:00:00.000000,3.37,4,2.76,45.0
ara2_b3d128ac,2026-01-20T04:15:00.000000,3.28,4,2.76,30.0
ara2_b3d128ac,2026-01-20T04:30:00.000000,3.18,4,2.76,15.0
ara2_b3d128ac,2026-01-22T04:15:00.000000,3.53,4,1.85,60.0
ara2_b3d128ac,2026-01-22T04:30:00.000000,3.42,4,1.49,45.0
ara2_b3d128ac,2026-01-22T04:45:00.000000,3.35,4,1.49,30.0
ara2_b3d128ac,2026-01-22T05:00:00.000000,3.15,5,1.2,15.0
ara2_b3d128ac,2026-01-23T02:15:00.000000,4.08,2,2.85,120.0
ara2_b3d128ac,2026-01-23T02:30:00.000000,3.98,2,2.84,105.0
ara2_b3d128ac,2026-01-23T02:45:00.000000,3.71,2,2.79,90.0
ara2_b3d128ac,2026-01-23T03:00:00.000000,3.66,3,2.41,75.0
ara2_b3d128ac,2026-01-23T03:15:00.000000,3.71,3,2.15,60.0
ara2_b3d128ac,2026-01-23T03:30:00.000000,3.48,3,2.15,45.0
ara2_b3d128ac,2026-01-23T03:45:00.000000,3.22,3,2.15,30.0
ara2_b3d128ac,2026-01-23T04:00:00.000000,3.14,4,2.15,15.0
ara2_b3d128ac,2026-01-24T04:00:00.000000,3.16,4,2.43,30.0
ara2_b3d128ac,2026-01-24T04:15:00.000000,3.04,4,2.43,15.0
ara2_b3d128ac,2026-01-25T00:45:00.000000,3.76,0,2.88,120.0
ara2_b3d128ac,2026-01-25T01:00:00.000000,3.71,1,2.73,105.0
ara2_b3d128ac,2026-01-25T01:15:00.000000,3.76,1,2.57,90.0
ara2_b3d128ac,2026-01-25T01:30:00.000000,3.62,1,2.49,75.0
ara2_b3d128ac,2026-01-25T01:45:00.000000,3.49,1,2.37,60.0
ara2_b3d128ac,2026-01-25T02:00:00.000000,3.34,2,2.22,45.0
ara2_b3d128ac,2026-01-25T02:15:00.000000,3.17,2,2.18,30.0
ara2_b3d128ac,2026-01-25T02:30:00.000000,3.04,2,2.08,15.0
ara2_b3d128ac,2026-01-26T00:00:00.000000,4.11,0,2.97,120.0
ara2_b3d128ac,2026-01-26T00:15:00.000000,3.95,0,2.97,105.0
ara2_b3d128ac,2026-01-26T00:30:00.000000,3.75,0,2.97,90.0
ara2_b3d128ac,2026-01-26T00:45:00.000000,3.62,0,2.97,75.0
ara2_b3d128ac,2026-01-26T01:00:00.000000,3.44,1,2.97,60.0
ara2_b3d128ac,2026-01-26T01:15:00.000000,3.23,1,2.97,45.0
ara2_b3d128ac,2026-01-26T01:30:00.000000,3.16,1,2.97,30.0
ara2_b3d128ac,2026-01-26T01:45:00.000000,3.01,1,2.97,15.0
ara2_b3d128ac,2026-01-26T21:00:00.000000,4.54,21,2.98,120.0
ara2_b3d128ac,2026-01-26T21:15:00.000000,4.34,21,2.98,105.0
ara2_b3d128ac,2026-01-26T21:30:00.000000,4.08,21,2.98,90.0
ara2_b3d128ac,2026-01-26T21:45:00.000000,3.74,21,2.98,75.0
ara2_b3d128ac,2026-01-26T22:00:00.000000,3.6,22,2.98,60.0
ara2_b3d128ac,2026-01-26T22:15:00.000000,3.58,22,2.98,45.0
ara2_b3d128ac,2026-01-26T22:30:00.000000,3.39,22,2.98,30.0
ara2_b3d128ac,2026-01-26T22:45:00.000000,3.04,22,2.98,15.0
ara2_b3d128ac,2026-01-28T00:30:00.000000,3.62,0,2.74,120.0
ara2_b3d128ac,2026-01-28T00:45:00.000000,3.42,0,2.34,105.0
ara2_b3d128ac,2026-01-28T01:00:00.000000,3.35,1,2.34,90.0
ara2_b3d128ac,2026-01-28T01:15:00.000000,3.4,1,2.34,75.0
ara2_b3d128ac,2026-01-28T01:30:00.000000,3.49,1,2.34,60.0
ara2_b3d128ac,2026-01-28T01:45:00.000000,3.37,1,2.34,45.0
ara2_b3d128ac,2026-01-28T02:00:00.000000,3.13,2,2.34,30.0
ara2_b3d128ac,2026-01-28T02:15:00.000000,3.0,2,2.25,15.0
ara2_b3d128ac,2026-01-28T22:00:00.000000,4.33,22,2.98,120.0
ara2_b3d128ac,2026-01-28T22:15:00.000000,4.12,22,2.78,105.0
ara2_b3d128ac,2026-01-28T22:30:00.000000,3.73,22,2.6,90.0
ara2_b3d128ac,2026-01-28T22:45:00.000000,3.61,22,2.52,75.0
ara2_b3d128ac,2026-01-28T23:00:00.000000,3.52,23,2.37,60.0
ara2_b3d128ac,2026-01-28T23:15:00.000000,3.4,23,2.27,45.0
ara2_b3d128ac,2026-01-28T23:30:00.000000,3.27,23,2.18,30.0
ara2_b3d128ac,2026-01-28T23:45:00.000000,3.12,23,2.09,15.0
ara2_b3d128ac,2026-01-29T09:30:00.000000,3.0,9,2.96,15.0
ara2_b3d128ac,2026-01-30T01:00:00.000000,4.04,1,2.95,120.0
ara2_b3d128ac,2026-01-30T01:15:00.000000,3.92,1,2.81,105.0
ara2_b3d128ac,2026-01-30T01:30:00.000000,3.74,1,2.81,90.0
ara2_b3d128ac,2026-01-30T01:45:00.000000,3.64,1,2.81,75.0
ara2_b3d128ac,2026-01-30T02:00:00.000000,3.41,2,2.81,60.0
ara2_b3d128ac,2026-01-30T02:15:00.000000,3.21,2,2.81,45.0
ara2_b3d128ac,2026-01-30T02:30:00.000000,3.04,2,2.81,30.0
ara2_b3d128ac,2026-01-30T02:45:00.000000,3.01,2,2.81,15.0
ara2_c9cdacda,2025-12-07T05:45:02.000000,5.42,5,2.91,120.0
ara2_c9cdacda,2025-12-07T06:00:02.000000,5.32,6,2.91,105.0
ara2_c9cdacda,2025-12-07T06:15:02.000000,5.27,6,2.91,90.0
ara2_c9cdacda,2025-12-07T06:30:02.000000,5.22,6,2.91,75.0
ara2_c9cdacda,2025-12-07T06:45:02.000000,5.18,6,2.91,60.0
ara2_c9cdacda,2025-12-07T07:00:02.000000,5.11,7,2.91,45.0
ara2_c9cdacda,2025-12-07T07:15:02.000000,5.15,7,2.91,30.0
ara2_c9cdacda,2025-12-07T07:30:02.000000,3.57,7,2.91,15.0
ara2_c9cdacda,2025-12-09T02:45:03.000000,4.69,2,2.94,120.0
ara2_c9cdacda,2025-12-09T03:00:03.000000,4.61,3,2.94,105.0
ara2_c9cdacda,2025-12-09T03:15:03.000000,4.42,3,2.94,90.0
ara2_c9cdacda,2025-12-09T03:30:03.000000,4.38,3,2.94,75.0
ara2_c9cdacda,2025-12-09T03:45:03.000000,4.18,3,2.94,60.0
ara2_c9cdacda,2025-12-09T04:00:03.000000,4.1,4,2.94,45.0
ara2_c9cdacda,2025-12-09T04:15:03.000000,3.93,4,2.94,30.0
ara2_c9cdacda,2025-12-09T04:30:03.000000,3.74,4,2.94,15.0
ara2_c9cdacda,2025-12-09T05:15:03.000000,3.55,5,2.92,120.0
ara2_c9cdacda,2025-12-09T05:30:03.000000,3.58,5,2.92,105.0
ara2_c9cdacda,2025-12-09T05:45:03.000000,3.48,5,2.92,90.0
ara2_c9cdacda,2025-12-09T06:00:03.000000,3.25,6,2.92,75.0
ara2_c9cdacda,2025-12-09T06:15:03.000000,3.29,6,2.92,60.0
ara2_c9cdacda,2025-12-09T06:30:03.000000,3.22,6,2.92,45.0
ara2_c9cdacda,2025-12-09T06:45:03.000000,3.15,6,2.92,30.0
ara2_c9cdacda,2025-12-09T07:00:03.000000,3.02,7,2.92,15.0
ara2_c9cdacda,2025-12-10T02:15:03.000000,3.87,2,2.78,120.0
ara2_c9cdacda,2025-12-10T02:30:03.000000,3.82,2,2.78,105.0
ara2_c9cdacda,2025-12-10T02:45:03.000000,3.5,2,2.78,90.0
ara2_c9cdacda,2025-12-10T03:00:03.000000,3.6,3,2.61,75.0
ara2_c9cdacda,2025-12-10T03:15:03.000000,3.48,3,2.61,60.0
ara2_c9cdacda,2025-12-10T03:30:03.000000,3.27,3,2.43,45.0
ara2_c9cdacda,2025-12-10T03:45:03.000000,3.11,3,2.39,30.0
ara2_c9cdacda,2025-12-10T04:00:03.000000,3.2,4,2.33,15.0
ara2_c9cdacda,2025-12-12T04:30:04.000000,7.45,4,2.44,120.0
ara2_c9cdacda,2025-12-12T04:45:04.000000,7.09,4,2.3,105.0
ara2_c9cdacda,2025-12-12T05:00:04.000000,7.02,5,2.17,90.0
ara2_c9cdacda,2025-12-12T05:15:04.000000,6.94,5,2.17,75.0
ara2_c9cdacda,2025-12-12T05:30:04.000000,6.74,5,2.17,60.0
ara2_c9cdacda,2025-12-12T05:45:04.000000,6.56,5,2.17,45.0
ara2_c9cdacda,2025-12-12T06:00:04.000000,6.05,6,2.15,30.0
ara2_c9cdacda,2025-12-12T06:15:04.000000,3.16,6,2.15,15.0
ara2_c9cdacda,2025-12-17T04:30:05.000000,3.95,4,2.8,120.0
ara2_c9cdacda,2025-12-17T04:45:05.000000,3.88,4,2.79,105.0
ara2_c9cdacda,2025-12-17T05:00:05.000000,3.82,5,2.79,90.0
ara2_c9cdacda,2025-12-17T05:15:05.000000,3.7,5,2.79,75.0
ara2_c9cdacda,2025-12-17T05:30:05.000000,3.52,5,2.79,60.0
ara2_c9cdacda,2025-12-17T05:45:05.000000,3.05,5,2.42,45.0
ara2_c9cdacda,2025-12-17T06:00:06.000000,3.22,6,2.42,30.0
ara2_c9cdacda,2025-12-17T06:15:06.000000,3.02,6,2.42,15.0
ara2_c9cdacda,2025-12-17T07:00:06.000000,3.04,7,2.42,30.0
ara2_c9cdacda,2025-12-17T07:15:06.000000,3.15,7,2.42,15.0
ara2_c9cdacda,2025-12-17T08:15:06.000000,3.11,8,2.75,45.0
ara2_c9cdacda,2025-12-17T08:30:06.000000,3.17,8,2.75,30.0
ara2_c9cdacda,2025-12-17T08:45:06.000000,3.31,8,2.75,15.0
ara2_c9cdacda,2025-12-18T22:00:06.000000,5.48,22,2.84,120.0
ara2_c9cdacda,2025-12-18T22:15:06.000000,5.17,22,2.76,105.0
ara2_c9cdacda,2025-12-18T22:30:06.000000,4.52,22,2.39,90.0
ara2_c9cdacda,2025-12-18T22:45:06.000000,4.14,22,2.39,75.0
ara2_c9cdacda,2025-12-18T23:00:06.000000,4.09,23,2.15,60.0
ara2_c9cdacda,2025-12-18T23:15:06.000000,3.54,23,1.94,45.0
ara2_c9cdacda,2025-12-18T23:30:06.000000,3.29,23,1.62,30.0
ara2_c9cdacda,2025-12-18T23:45:06.000000,3.29,23,1.62,15.0
ara2_c9cdacda,2025-12-20T03:45:07.000000,4.04,3,2.92,120.0
ara2_c9cdacda,2025-12-20T04:00:07.000000,3.87,4,2.72,105.0
ara2_c9cdacda,2025-12-20T04:15:07.000000,3.78,4,2.59,90.0
ara2_c9cdacda,2025-12-20T04:30:07.000000,3.69,4,2.47,75.0
ara2_c9cdacda,2025-12-20T04:45:07.000000,3.57,4,2.33,60.0
ara2_c9cdacda,2025-12-20T05:00:07.000000,3.37,5,2.17,45.0
ara2_c9cdacda,2025-12-20T05:15:07.000000,3.16,5,2.07,30.0
ara2_c9cdacda,2025-12-20T05:30:07.000000,3.06,5,2.07,15.0
ara2_c9cdacda,2025-12-23T01:00:08.000000,5.66,1,1.71,120.0
ara2_c9cdacda,2025-12-23T01:15:08.000000,5.54,1,1.71,105.0
ara2_c9cdacda,2025-12-23T01:30:08.000000,5.53,1,1.71,90.0
ara2_c9cdacda,2025-12-23T01:45:08.000000,5.13,1,1.71,75.0
ara2_c9cdacda,2025-12-23T02:00:08.000000,5.12,2,1.71,60.0
ara2_c9cdacda,2025-12-23T02:15:08.000000,4.84,2,1.71,45.0
ara2_c9cdacda,2025-12-23T02:30:08.000000,5.34,2,1.71,30.0
ara2_c9cdacda,2025-12-23T02:45:08.000000,5.35,2,1.71,15.0
ara2_c9cdacda,2025-12-23T21:00:08.000000,10.53,21,2.04,120.0
ara2_c9cdacda,2025-12-23T21:15:08.000000,10.14,21,2.04,105.0
ara2_c9cdacda,2025-12-23T21:30:08.000000,10.23,21,2.04,90.0
ara2_c9cdacda,2025-12-23T21:45:08.000000,10.1,21,2.04,75.0
ara2_c9cdacda,2025-12-23T22:00:08.000000,9.84,22,2.04,60.0
ara2_c9cdacda,2025-12-23T22:15:08.000000,9.5,22,2.04,45.0
ara2_c9cdacda,2025-12-23T22:30:08.000000,9.42,22,2.04,30.0
ara2_c9cdacda,2025-12-23T22:45:08.000000,9.28,22,2.04,15.0
ara2_c9cdacda,2025-12-24T02:15:08.000000,6.24,2,2.97,120.0
ara2_c9cdacda,2025-12-24T02:30:08.000000,5.67,2,2.96,105.0
ara2_c9cdacda,2025-12-24T02:45:08.000000,5.74,2,2.96,90.0
ara2_c9cdacda,2025-12-24T03:00:08.000000,5.46,3,2.96,75.0
ara2_c9cdacda,2025-12-24T03:15:08.000000,5.23,3,1.42,60.0
ara2_c9cdacda,2025-12-24T03:30:08.000000,5.3,3,1.42,45.0
ara2_c9cdacda,2025-12-24T03:45:08.000000,5.24,3,1.42,30.0
ara2_c9cdacda,2025-12-24T04:00:08.000000,4.76,4,1.42,15.0
ara2_c9cdacda,2025-12-24T04:45:08.000000,3.53,4,1.42,30.0
ara2_c9cdacda,2025-12-24T05:00:08.000000,3.95,5,1.42,15.0
ara2_c9cdacda,2025-12-28T22:30:10.000000,12.82,22,2.21,120.0
ara2_c9cdacda,2025-12-28T22:45:10.000000,11.37,22,2.21,105.0
ara2_c9cdacda,2025-12-28T23:00:10.000000,12.55,23,2.21,90.0
ara2_c9cdacda,2025-12-28T23:15:10.000000,12.32,23,2.21,75.0
ara2_c9cdacda,2025-12-28T23:30:10.000000,11.06,23,2.21,60.0
ara2_c9cdacda,2025-12-28T23:45:10.000000,11.66,23,2.21,45.0
ara2_c9cdacda,2025-12-29T00:00:10.000000,11.84,0,2.21,30.0
ara2_c9cdacda,2025-12-29T00:15:10.000000,11.45,0,2.21,15.0
ara2_c9cdacda,2026-01-02T04:30:11.000000,5.17,4,2.82,120.0
ara2_c9cdacda,2026-01-02T04:45:12.000000,4.69,4,2.63,105.0
ara2_c9cdacda,2026-01-02T05:00:12.000000,4.09,5,2.63,90.0
ara2_c9cdacda,2026-01-02T05:15:12.000000,3.77,5,2.63,75.0
ara2_c9cdacda,2026-01-02T05:30:12.000000,4.24,5,2.63,60.0
ara2_c9cdacda,2026-01-02T05:45:12.000000,3.84,5,2.63,45.0
ara2_c9cdacda,2026-01-02T06:00:12.000000,3.66,6,2.63,30.0
ara2_c9cdacda,2026-01-02T06:15:12.000000,3.17,6,2.33,15.0
ara2_c9cdacda,2026-01-02T07:00:12.000000,3.17,7,2.33,15.0
ara2_c9cdacda,2026-01-02T08:00:11.000000,3.1,8,2.33,15.0
ara2_c9cdacda,2026-01-02T08:30:11.000000,3.06,8,2.96,15.0
ara2_c9cdacda,2026-01-03T00:45:12.000000,5.9,0,2.43,120.0
ara2_c9cdacda,2026-01-03T01:00:12.000000,4.7,1,2.43,105.0
ara2_c9cdacda,2026-01-03T01:15:12.000000,4.42,1,2.43,90.0
ara2_c9cdacda,2026-01-03T01:30:12.000000,4.26,1,2.43,75.0
ara2_c9cdacda,2026-01-03T01:45:12.000000,3.26,1,2.43,60.0
ara2_c9cdacda,2026-01-03T02:00:12.000000,3.41,2,2.43,45.0
ara2_c9cdacda,2026-01-03T02:15:12.000000,4.47,2,2.43,30.0
ara2_c9cdacda,2026-01-03T02:30:12.000000,4.07,2,2.43,15.0
ara2_c9cdacda,2026-01-03T03:15:12.000000,3.09,3,2.91,90.0
ara2_c9cdacda,2026-01-03T03:30:12.000000,3.47,3,2.91,75.0
ara2_c9cdacda,2026-01-03T03:45:12.000000,3.58,3,2.65,60.0
ara2_c9cdacda,2026-01-03T04:00:12.000000,3.31,4,2.65,45.0
ara2_c9cdacda,2026-01-03T04:15:12.000000,3.1,4,2.28,30.0
ara2_c9cdacda,2026-01-03T04:30:12.000000,3.13,4,2.28,15.0
ara2_c9cdacda,2026-01-03T05:00:12.000000,3.95,5,2.28,45.0
ara2_c9cdacda,2026-01-03T05:15:12.000000,3.06,5,1.87,30.0
ara2_c9cdacda,2026-01-03T05:30:12.000000,3.26,5,1.87,15.0
ara2_c9cdacda,2026-01-03T06:00:12.000000,3.58,6,1.61,15.0
ara2_c9cdacda,2026-01-03T08:00:12.000000,3.05,8,2.59,30.0
ara2_c9cdacda,2026-01-03T08:15:12.000000,3.03,8,2.59,15.0
ara2_c9cdacda,2026-01-04T00:00:12.000000,3.9,0,2.95,120.0
ara2_c9cdacda,2026-01-04T00:15:12.000000,3.66,0,2.81,105.0
ara2_c9cdacda,2026-01-04T00:30:12.000000,3.23,0,2.77,90.0
ara2_c9cdacda,2026-01-04T00:45:12.000000,3.18,0,2.76,75.0
ara2_c9cdacda,2026-01-04T01:00:12.000000,3.34,1,2.68,60.0
ara2_c9cdacda,2026-01-04T01:15:12.000000,3.19,1,2.62,45.0
ara2_c9cdacda,2026-01-04T01:30:12.000000,3.14,1,2.6,30.0
ara2_c9cdacda,2026-01-04T01:45:12.000000,3.05,1,2.51,15.0
ara2_c9cdacda,2026-01-05T05:45:12.000000,4.17,5,2.75,120.0
ara2_c9cdacda,2026-01-05T06:00:12.000000,4.27,6,2.44,105.0
ara2_c9cdacda,2026-01-05T06:15:12.000000,4.25,6,2.42,90.0
ara2_c9cdacda,2026-01-05T06:30:12.000000,4.14,6,2.33,75.0
ara2_c9cdacda,2026-01-05T06:45:12.000000,3.88,6,2.33,60.0
ara2_c9cdacda,2026-01-05T07:00:12.000000,3.53,7,2.33,45.0
ara2_c9cdacda,2026-01-05T07:15:12.000000,3.26,7,2.33,30.0
ara2_c9cdacda,2026-01-05T07:30:12.000000,3.01,7,2.33,15.0
ara2_c9cdacda,2026-01-06T02:30:13.000000,4.15,2,2.9,120.0
ara2_c9cdacda,2026-01-06T02:45:13.000000,4.11,2,2.9,105.0
ara2_c9cdacda,2026-01-06T03:00:13.000000,4.25,3,2.9,90.0
ara2_c9cdacda,2026-01-06T03:15:13.000000,4.21,3,2.9,75.0
ara2_c9cdacda,2026-01-06T03:30:13.000000,4.09,3,2.9,60.0
ara2_c9cdacda,2026-01-06T03:45:13.000000,3.88,3,2.9,45.0
ara2_c9cdacda,2026-01-06T04:00:13.000000,3.9,4,2.77,30.0
ara2_c9cdacda,2026-01-06T04:15:13.000000,3.9,4,2.77,15.0
ara2_c9cdacda,2026-01-06T04:45:13.000000,3.39,4,2.05,75.0
ara2_c9cdacda,2026-01-06T05:00:13.000000,3.48,5,1.96,60.0
ara2_c9cdacda,2026-01-06T05:15:13.000000,3.61,5,1.85,45.0
ara2_c9cdacda,2026-01-06T05:30:13.000000,3.44,5,1.85,30.0
ara2_c9cdacda,2026-01-06T05:45:13.000000,3.1,5,1.85,15.0
ara2_c9cdacda,2026-01-18T02:45:18.000000,4.2,2,2.42,120.0
ara2_c9cdacda,2026-01-18T03:00:18.000000,4.51,3,2.42,105.0
ara2_c9cdacda,2026-01-18T03:15:18.000000,3.71,3,2.42,90.0
ara2_c9cdacda,2026-01-18T03:30:18.000000,4.13,3,2.42,75.0
ara2_c9cdacda,2026-01-18T03:45:18.000000,3.68,3,2.42,60.0
ara2_c9cdacda,2026-01-18T04:00:18.000000,4.15,4,2.42,45.0
ara2_c9cdacda,2026-01-18T04:15:18.000000,4.13,4,2.42,30.0
ara2_c9cdacda,2026-01-18T04:30:18.000000,3.82,4,2.42,15.0
ara2_c9cdacda,2026-01-18T05:00:18.000000,3.26,5,2.88,75.0
ara2_c9cdacda,2026-01-18T05:15:18.000000,3.28,5,2.78,60.0
ara2_c9cdacda,2026-01-18T05:30:18.000000,3.09,5,2.77,45.0
ara2_c9cdacda,2026-01-18T05:45:18.000000,3.23,5,2.77,30.0
ara2_c9cdacda,2026-01-18T06:00:18.000000,3.11,6,2.77,15.0
ara2_c9cdacda,2026-01-18T06:30:18.000000,3.18,6,2.77,15.0
ara2_c9cdacda,2026-01-18T07:45:18.000000,3.08,7,2.78,15.0
ara2_c9cdacda,2026-01-22T01:00:20.000000,3.67,1,1.59,120.0
ara2_c9cdacda,2026-01-22T01:15:20.000000,3.46,1,1.59,105.0
ara2_c9cdacda,2026-01-22T01:30:20.000000,3.48,1,1.59,90.0
ara2_c9cdacda,2026-01-22T01:45:19.000000,3.68,1,1.59,75.0
ara2_c9cdacda,2026-01-22T02:00:19.000000,3.68,2,1.59,60.0
ara2_c9cdacda,2026-01-22T02:15:19.000000,3.71,2,1.59,45.0
ara2_c9cdacda,2026-01-22T02:30:19.000000,3.52,2,1.59,30.0
ara2_c9cdacda,2026-01-22T02:45:19.000000,3.37,2,1.59,15.0
ara2_c9cdacda,2026-01-22T03:15:19.000000,3.2,3,2.52,45.0
ara2_c9cdacda,2026-01-22T03:30:19.000000,3.27,3,2.41,30.0
ara2_c9cdacda,2026-01-22T03:45:19.000000,3.15,3,2.4,15.0
ara2_c9cdacda,2026-01-22T23:30:20.000000,4.33,23,2.88,120.0
ara2_c9cdacda,2026-01-22T23:45:20.000000,4.42,23,2.88,105.0
ara2_c9cdacda,2026-01-23T00:00:20.000000,4.84,0,2.88,90.0
ara2_c9cdacda,2026-01-23T00:15:20.000000,4.58,0,2.88,75.0
ara2_c9cdacda,2026-01-23T00:30:20.000000,4.23,0,2.88,60.0
ara2_c9cdacda,2026-01-23T00:45:20.000000,4.22,0,2.84,45.0
ara2_c9cdacda,2026-01-23T01:00:20.000000,4.15,1,2.84,30.0
ara2_c9cdacda,2026-01-23T01:15:20.000000,4.02,1,2.84,15.0
ara2_c9cdacda,2026-01-23T01:45:20.000000,3.55,1,2.78,30.0
ara2_c9cdacda,2026-01-23T02:00:20.000000,3.48,2,2.67,15.0
ara2_c9cdacda,2026-01-23T02:30:20.000000,3.04,2,2.51,15.0
ara2_c9cdacda,2026-01-23T03:00:20.000000,3.18,3,2.51,15.0
ara2_c9cdacda,2026-01-24T05:00:21.000000,3.3,5,2.79,120.0
ara2_c9cdacda,2026-01-24T05:15:21.000000,3.31,5,2.77,105.0
ara2_c9cdacda,2026-01-24T05:30:21.000000,3.25,5,2.44,90.0
ara2_c9cdacda,2026-01-24T05:45:21.000000,3.34,5,2.4,75.0
ara2_c9cdacda,2026-01-24T06:00:21.000000,3.31,6,2.4,60.0
ara2_c9cdacda,2026-01-24T06:15:21.000000,3.19,6,2.4,45.0
ara2_c9cdacda,2026-01-24T06:30:21.000000,3.0,6,2.4,30.0
ara2_c9cdacda,2026-01-24T06:45:21.000000,3.08,6,2.4,15.0
ara2_c9cdacda,2026-01-25T05:00:21.000000,3.64,5,2.9,120.0
ara2_c9cdacda,2026-01-25T05:15:21.000000,3.56,5,2.72,105.0
ara2_c9cdacda,2026-01-25T05:30:21.000000,3.48,5,2.67,90.0
ara2_c9cdacda,2026-01-25T05:45:21.000000,3.43,5,2.36,75.0
ara2_c9cdacda,2026-01-25T06:00:21.000000,3.38,6,2.36,60.0
ara2_c9cdacda,2026-01-25T06:15:21.000000,3.25,6,2.36,45.0
ara2_c9cdacda,2026-01-25T06:30:21.000000,3.16,6,2.36,30.0
ara2_c9cdacda,2026-01-25T06:45:21.000000,3.05,6,2.36,15.0
ara2_c9cdacda,2026-01-25T09:00:21.000000,3.07,9,2.77,15.0
ara2_c9cdacda,2026-01-25T23:15:21.000000,4.94,23,2.13,120.0
ara2_c9cdacda,2026-01-25T23:30:21.000000,5.05,23,2.13,105.0
ara2_c9cdacda,2026-01-25T23:45:21.000000,4.96,23,2.13,90.0
ara2_c9cdacda,2026-01-26T00:00:21.000000,4.97,0,2.13,75.0
ara2_c9cdacda,2026-01-26T00:15:21.000000,4.93,0,2.13,60.0
ara2_c9cdacda,2026-01-26T00:30:21.000000,4.78,0,2.13,45.0
ara2_c9cdacda,2026-01-26T00:45:21.000000,4.76,0,2.13,30.0
ara2_c9cdacda,2026-01-26T01:00:21.000000,4.34,1,2.13,15.0
ara2_c9cdacda,2026-01-26T01:30:21.000000,3.33,1,2.72,105.0
ara2_c9cdacda,2026-01-26T01:45:21.000000,4.09,1,2.72,90.0
ara2_c9cdacda,2026-01-26T02:00:21.000000,3.96,2,2.72,75.0
ara2_c9cdacda,2026-01-26T02:15:21.000000,4.31,2,2.64,60.0
ara2_c9cdacda,2026-01-26T02:30:21.000000,4.17,2,2.64,45.0
ara2_c9cdacda,2026-01-26T02:45:21.000000,4.04,2,2.64,30.0
ara2_c9cdacda,2026-01-26T03:00:21.000000,3.37,3,2.64,15.0
ara2_c9cdacda,2026-01-26T03:30:21.000000,3.09,3,2.56,15.0
ara2_c9cdacda,2026-01-26T04:00:21.000000,3.14,4,2.38,15.0
ara2_c9cdacda,2026-01-26T22:15:22.000000,4.76,22,2.1,120.0
ara2_c9cdacda,2026-01-26T22:30:22.000000,4.9,22,2.1,105.0
ara2_c9cdacda,2026-01-26T22:45:22.000000,4.82,22,2.1,90.0
ara2_c9cdacda,2026-01-26T23:00:22.000000,4.64,23,2.1,75.0
ara2_c9cdacda,2026-01-26T23:15:22.000000,4.48,23,2.1,60.0
ara2_c9cdacda,2026-01-26T23:30:22.000000,4.26,23,1.78,45.0
ara2_c9cdacda,2026-01-26T23:45:22.000000,3.87,23,1.78,30.0
ara2_c9cdacda,2026-01-27T00:00:22.000000,3.53,0,1.78,15.0
ara2_c9cdacda,2026-01-27T00:30:22.000000,3.27,0,1.78,60.0
ara2_c9cdacda,2026-01-27T00:45:22.000000,3.05,0,1.78,45.0
ara2_c9cdacda,2026-01-27T01:00:22.000000,3.39,1,1.78,30.0
ara2_c9cdacda,2026-01-27T01:15:22.000000,3.16,1,1.78,15.0
ara2_c9cdacda,2026-01-27T02:00:22.000000,3.0,2,2.62,15.0
ara2_c9cdacda,2026-01-27T05:15:22.000000,3.05,5,2.14,15.0
ara2_c9cdacda,2026-01-28T01:00:22.000000,4.26,1,2.2,120.0
ara2_c9cdacda,2026-01-28T01:15:22.000000,4.0,1,2.2,105.0
ara2_c9cdacda,2026-01-28T01:30:22.000000,4.01,1,2.2,90.0
ara2_c9cdacda,2026-01-28T01:45:22.000000,3.74,1,2.2,75.0
ara2_c9cdacda,2026-01-28T02:00:22.000000,3.49,2,2.2,60.0
ara2_c9cdacda,2026-01-28T02:15:22.000000,3.58,2,2.2,45.0
ara2_c9cdacda,2026-01-28T02:30:22.000000,3.45,2,2.2,30.0
ara2_c9cdacda,2026-01-28T02:45:22.000000,3.21,2,2.2,15.0
ara2_c9cdacda,2026-01-29T03:45:22.000000,3.65,3,2.98,120.0
ara2_c9cdacda,2026-01-29T04:00:22.000000,3.57,4,2.93,105.0
ara2_c9cdacda,2026-01-29T04:15:22.000000,3.41,4,2.8,90.0
ara2_c9cdacda,2026-01-29T04:30:22.000000,3.37,4,2.76,75.0
ara2_c9cdacda,2026-01-29T04:45:22.000000,3.28,4,2.7,60.0
ara2_c9cdacda,2026-01-29T05:00:22.000000,3.25,5,2.56,45.0
ara2_c9cdacda,2026-01-29T05:15:23.000000,3.13,5,2.35,30.0
ara2_c9cdacda,2026-01-29T05:30:23.000000,3.09,5,2.33,15.0
ara2_c9cdacda,2026-01-30T02:45:23.000000,4.02,2,2.86,120.0
ara2_c9cdacda,2026-01-30T03:00:23.000000,3.69,3,2.86,105.0
ara2_c9cdacda,2026-01-30T03:15:23.000000,3.69,3,2.69,90.0
ara2_c9cdacda,2026-01-30T03:30:23.000000,3.43,3,2.65,75.0
ara2_c9cdacda,2026-01-30T03:45:23.000000,3.44,3,2.47,60.0
ara2_c9cdacda,2026-01-30T04:00:23.000000,3.1,4,2.34,45.0
ara2_c9cdacda,2026-01-30T04:15:23.000000,3.21,4,2.28,30.0
ara2_c9cdacda,2026-01-30T04:30:23.000000,3.03,4,2.23,15.0
ara2_c9cdacda,2026-01-30T09:15:23.000000,3.43,9,2.18,105.0
ara2_c9cdacda,2026-01-30T09:30:23.000000,3.76,9,2.18,90.0
ara2_c9cdacda,2026-01-30T09:45:23.000000,4.12,9,2.18,75.0
ara2_c9cdacda,2026-01-30T10:00:23.000000,3.97,10,2.18,60.0
ara2_c9cdacda,2026-01-30T10:15:23.000000,4.67,10,2.18,45.0
ara2_c9cdacda,2026-01-30T10:30:23.000000,4.99,10,2.18,30.0
ara2_c9cdacda,2026-01-30T10:45:23.000000,5.49,10,2.18,15.0
ara2_ca187575,2025-12-14T21:15:00.000000,8.12,21,0.76,120.0
ara2_ca187575,2025-12-14T21:30:00.000000,8.01,21,0.76,105.0
ara2_ca187575,2025-12-14T21:45:00.000000,7.67,21,0.76,90.0
ara2_ca187575,2025-12-14T22:00:00.000000,7.56,22,0.76,75.0
ara2_ca187575,2025-12-14T22:15:00.000000,7.15,22,0.76,60.0
ara2_ca187575,2025-12-14T22:30:00.000000,7.02,22,0.76,45.0
ara2_ca187575,2025-12-14T22:45:00.000000,6.65,22,0.76,30.0
ara2_ca187575,2025-12-14T23:00:00.000000,6.56,23,0.76,15.0
ara2_ca187575,2025-12-15T02:45:00.000000,3.61,2,2.32,60.0
ara2_ca187575,2025-12-15T03:00:00.000000,3.38,3,2.22,45.0
ara2_ca187575,2025-12-15T03:15:00.000000,3.22,3,2.22,30.0
ara2_ca187575,2025-12-15T03:30:00.000000,3.1,3,2.22,15.0
ara2_ca187575,2025-12-15T05:15:00.000000,3.26,5,2.39,60.0
ara2_ca187575,2025-12-15T05:30:00.000000,3.37,5,2.39,45.0
ara2_ca187575,2025-12-15T05:45:00.000000,3.19,5,2.39,30.0
ara2_ca187575,2025-12-15T06:00:00.000000,3.07,6,2.39,15.0
ara2_ca187575,2025-12-15T23:45:00.000000,4.25,23,2.93,120.0
ara2_ca187575,2025-12-16T00:00:00.000000,4.06,0,2.73,105.0
ara2_ca187575,2025-12-16T00:15:00.000000,3.96,0,2.68,90.0
ara2_ca187575,2025-12-16T00:30:00.000000,3.79,0,2.68,75.0
ara2_ca187575,2025-12-16T00:45:00.000000,3.65,0,2.68,60.0
ara2_ca187575,2025-12-16T01:00:00.000000,3.27,1,2.68,45.0
ara2_ca187575,2025-12-16T01:15:00.000000,3.29,1,2.68,30.0
ara2_ca187575,2025-12-16T01:30:00.000000,3.11,1,2.68,15.0
ara2_ca187575,2025-12-17T01:15:00.000000,3.51,1,2.91,120.0
ara2_ca187575,2025-12-17T01:30:00.000000,3.55,1,2.87,105.0
ara2_ca187575,2025-12-17T01:45:00.000000,3.11,1,2.68,90.0
ara2_ca187575,2025-12-17T02:00:00.000000,3.0,2,2.25,75.0
ara2_ca187575,2025-12-17T02:15:00.000000,3.05,2,1.98,60.0
ara2_ca187575,2025-12-17T02:30:00.000000,3.19,2,1.9,45.0
ara2_ca187575,2025-12-17T02:45:00.000000,3.3,2,1.9,30.0
ara2_ca187575,2025-12-17T03:00:00.000000,3.14,3,1.77,15.0
ara2_ca187575,2025-12-18T02:30:00.000000,3.9,2,2.36,90.0
ara2_ca187575,2025-12-18T02:45:00.000000,3.48,2,2.36,75.0
ara2_ca187575,2025-12-18T03:00:00.000000,3.65,3,2.15,60.0
ara2_ca187575,2025-12-18T03:15:00.000000,3.44,3,1.91,45.0
ara2_ca187575,2025-12-18T03:30:00.000000,3.32,3,1.87,30.0
ara2_ca187575,2025-12-18T03:45:00.000000,3.11,3,1.75,15.0
ara2_ca187575,2025-12-19T00:45:00.000000,4.37,0,2.95,120.0
ara2_ca187575,2025-12-19T01:00:00.000000,4.3,1,2.95,105.0
ara2_ca187575,2025-12-19T01:15:00.000000,4.09,1,2.81,90.0
ara2_ca187575,2025-12-19T01:30:00.000000,3.7,1,2.56,75.0
ara2_ca187575,2025-12-19T01:45:00.000000,3.32,1,2.56,60.0
ara2_ca187575,2025-12-19T02:00:00.000000,3.44,2,2.27,45.0
ara2_ca187575,2025-12-19T02:15:00.000000,3.33,2,2.25,30.0
ara2_ca187575,2025-12-19T02:30:00.000000,3.25,2,2.1,15.0
ara2_ca187575,2025-12-19T07:30:00.000000,3.28,7,0.61,15.0
ara2_ca187575,2025-12-26T03:45:00.000000,3.77,3,2.92,120.0
ara2_ca187575,2025-12-26T04:00:00.000000,3.91,4,2.92,105.0
ara2_ca187575,2025-12-26T04:15:00.000000,3.9,4,2.91,90.0
ara2_ca187575,2025-12-26T04:30:00.000000,3.72,4,2.76,75.0
ara2_ca187575,2025-12-26T04:45:00.000000,3.66,4,2.76,60.0
ara2_ca187575,2025-12-26T05:00:00.000000,3.54,5,2.76,45.0
ara2_ca187575,2025-12-26T05:15:00.000000,3.45,5,2.76,30.0
ara2_ca187575,2025-12-26T05:30:00.000000,3.0,5,2.76,15.0
ara2_ca187575,2025-12-26T06:00:00.000000,3.11,6,2.76,15.0
ara2_ca187575,2025-12-27T03:30:00.000000,4.27,3,2.65,120.0
ara2_ca187575,2025-12-27T03:45:00.000000,4.37,3,2.65,105.0
ara2_ca187575,2025-12-27T04:00:00.000000,4.39,4,2.65,90.0
ara2_ca187575,2025-12-27T04:15:00.000000,4.47,4,2.65,75.0
ara2_ca187575,2025-12-27T04:30:00.000000,4.28,4,2.65,60.0
ara2_ca187575,2025-12-27T04:45:00.000000,4.03,4,2.51,45.0
ara2_ca187575,2025-12-27T05:00:00.000000,3.82,5,2.51,30.0
ara2_ca187575,2025-12-27T05:15:00.000000,3.95,5,2.51,15.0
ara2_ca187575,2025-12-27T06:15:00.000000,3.11,6,2.48,30.0
ara2_ca187575,2025-12-27T06:30:00.000000,3.09,6,2.48,15.0
ara2_ca187575,2025-12-27T18:30:00.000000,12.99,18,1.33,120.0
ara2_ca187575,2025-12-27T18:45:00.000000,12.27,18,1.33,105.0
ara2_ca187575,2025-12-27T19:00:00.000000,11.81,19,1.33,90.0
ara2_ca187575,2025-12-27T19:15:00.000000,11.48,19,1.33,75.0
ara2_ca187575,2025-12-27T19:30:00.000000,10.92,19,1.33,60.0
ara2_ca187575,2025-12-27T19:45:00.000000,10.8,19,1.33,45.0
ara2_ca187575,2025-12-27T20:00:00.000000,7.58,20,1.33,30.0
ara2_ca187575,2025-12-27T20:15:00.000000,7.71,20,1.33,15.0
ara2_ca187575,2025-12-28T01:00:00.000000,4.03,1,2.83,120.0
ara2_ca187575,2025-12-28T01:15:00.000000,4.0,1,2.83,105.0
ara2_ca187575,2025-12-28T01:30:00.000000,3.83,1,2.77,90.0
ara2_ca187575,2025-12-28T01:45:00.000000,3.83,1,2.77,75.0
ara2_ca187575,2025-12-28T02:00:00.000000,3.55,2,1.69,60.0
ara2_ca187575,2025-12-28T02:15:00.000000,3.79,2,1.69,45.0
ara2_ca187575,2025-12-28T02:30:00.000000,3.51,2,1.69,30.0
ara2_ca187575,2025-12-28T02:45:00.000000,3.38,2,1.69,15.0
ara2_ca187575,2025-12-28T21:15:00.000000,5.77,21,2.41,120.0
ara2_ca187575,2025-12-28T21:30:00.000000,4.88,21,2.39,105.0
ara2_ca187575,2025-12-28T21:45:00.000000,3.81,21,1.97,90.0
ara2_ca187575,2025-12-28T22:00:00.000000,3.25,22,1.97,75.0
ara2_ca187575,2025-12-28T22:15:00.000000,3.0,22,1.44,60.0
ara2_ca187575,2025-12-28T22:30:00.000000,3.29,22,1.29,45.0
ara2_ca187575,2025-12-28T22:45:00.000000,3.24,22,0.95,30.0
ara2_ca187575,2025-12-28T23:00:00.000000,3.02,23,0.95,15.0
ara2_ca187575,2025-12-29T10:00:00.000000,3.55,10,2.78,30.0
ara2_ca187575,2025-12-29T10:15:00.000000,3.36,10,2.78,15.0
ara2_ca187575,2025-12-29T10:45:00.000000,3.88,10,2.78,60.0
ara2_ca187575,2025-12-29T11:00:00.000000,4.62,11,2.78,45.0
ara2_ca187575,2025-12-29T11:15:00.000000,4.78,11,2.78,30.0
ara2_ca187575,2025-12-29T11:30:00.000000,5.2,11,2.78,15.0
ara2_ca187575,2025-12-29T22:00:00.000000,5.33,22,0.73,90.0
ara2_ca187575,2025-12-29T22:15:00.000000,5.28,22,0.73,75.0
ara2_ca187575,2025-12-29T22:30:00.000000,5.16,22,0.73,60.0
ara2_ca187575,2025-12-29T22:45:00.000000,5.08,22,0.73,45.0
ara2_ca187575,2025-12-29T23:00:00.000000,4.97,23,0.73,30.0
ara2_ca187575,2025-12-29T23:15:00.000000,4.94,23,0.73,15.0
ara2_ca187575,2026-01-03T01:00:00.000000,7.39,1,2.03,120.0
ara2_ca187575,2026-01-03T01:15:00.000000,7.18,1,2.03,105.0
ara2_ca187575,2026-01-03T01:30:00.000000,6.81,1,2.03,90.0
ara2_ca187575,2026-01-03T01:45:00.000000,6.6,1,2.03,75.0
ara2_ca187575,2026-01-03T02:00:00.000000,6.13,2,2.03,60.0
ara2_ca187575,2026-01-03T02:15:00.000000,5.79,2,2.03,45.0
ara2_ca187575,2026-01-03T02:30:00.000000,5.32,2,2.03,30.0
ara2_ca187575,2026-01-03T02:45:00.000000,4.03,2,2.03,15.0
ara2_ca187575,2026-01-03T03:30:00.000000,3.26,3,2.3,90.0
ara2_ca187575,2026-01-03T03:45:00.000000,3.5,3,2.15,75.0
ara2_ca187575,2026-01-03T04:00:00.000000,3.52,4,1.94,60.0
ara2_ca187575,2026-01-03T04:15:00.000000,3.49,4,1.78,45.0
ara2_ca187575,2026-01-03T04:30:00.000000,3.36,4,1.73,30.0
ara2_ca187575,2026-01-03T04:45:00.000000,3.16,4,1.63,15.0
ara2_ca187575,2026-01-03T11:30:00.000000,4.87,11,0.79,120.0
ara2_ca187575,2026-01-03T11:45:00.000000,5.13,11,0.79,105.0
ara2_ca187575,2026-01-03T12:00:00.000000,5.36,12,0.79,90.0
ara2_ca187575,2026-01-03T12:15:00.000000,5.74,12,0.79,75.0
ara2_ca187575,2026-01-03T12:30:00.000000,5.67,12,0.79,60.0
ara2_ca187575,2026-01-03T12:45:00.000000,5.73,12,0.79,45.0
ara2_ca187575,2026-01-03T13:00:00.000000,6.22,13,0.79,30.0
ara2_ca187575,2026-01-03T13:15:00.000000,5.93,13,0.79,15.0
ara2_ca187575,2026-01-03T23:45:00.000000,3.33,23,2.31,45.0
ara2_ca187575,2026-01-04T00:00:00.000000,3.25,0,1.81,30.0
ara2_ca187575,2026-01-04T00:15:00.000000,3.14,0,1.77,15.0
ara2_ca187575,2026-01-05T01:45:00.000000,4.53,1,2.82,120.0
ara2_ca187575,2026-01-05T02:00:00.000000,4.45,2,2.59,105.0
ara2_ca187575,2026-01-05T02:15:00.000000,4.24,2,2.36,90.0
ara2_ca187575,2026-01-05T02:30:00.000000,4.07,2,2.24,75.0
ara2_ca187575,2026-01-05T02:45:00.000000,3.87,2,2.0,60.0
ara2_ca187575,2026-01-05T03:00:00.000000,3.72,3,1.73,45.0
ara2_ca187575,2026-01-05T03:15:00.000000,3.5,3,1.28,30.0
ara2_ca187575,2026-01-05T03:30:00.000000,3.06,3,1.28,15.0
ara2_ca187575,2026-01-05T21:45:00.000000,4.29,21,2.82,120.0
ara2_ca187575,2026-01-05T22:00:00.000000,4.21,22,2.82,105.0
ara2_ca187575,2026-01-05T22:15:00.000000,4.0,22,2.82,90.0
ara2_ca187575,2026-01-05T22:30:00.000000,3.82,22,2.82,75.0
ara2_ca187575,2026-01-05T22:45:00.000000,3.82,22,2.82,60.0
ara2_ca187575,2026-01-05T23:00:00.000000,3.66,23,2.82,45.0
ara2_ca187575,2026-01-05T23:15:00.000000,3.38,23,2.82,30.0
ara2_ca187575,2026-01-05T23:30:00.000000,3.14,23,2.82,15.0
ara2_ca187575,2026-01-07T00:30:00.000000,3.81,0,2.37,75.0
ara2_ca187575,2026-01-07T00:45:00.000000,3.5,0,2.37,60.0
ara2_ca187575,2026-01-07T01:00:00.000000,3.3,1,2.37,45.0
ara2_ca187575,2026-01-07T01:15:00.000000,3.19,1,2.37,30.0
ara2_ca187575,2026-01-07T01:30:00.000000,3.18,1,2.37,15.0
ara2_ca187575,2026-01-08T02:30:00.000000,3.16,2,0.9,15.0
ara2_ca187575,2026-01-09T03:30:00.000000,3.71,3,2.78,120.0
ara2_ca187575,2026-01-09T03:45:00.000000,3.46,3,2.43,105.0
ara2_ca187575,2026-01-09T04:00:00.000000,3.08,4,2.3,90.0
ara2_ca187575,2026-01-09T04:15:00.000000,3.06,4,2.22,75.0
ara2_ca187575,2026-01-09T04:30:00.000000,3.05,4,2.22,60.0
ara2_ca187575,2026-01-09T04:45:00.000000,3.27,4,2.22,45.0
ara2_ca187575,2026-01-09T05:00:00.000000,3.09,5,2.08,30.0
ara2_ca187575,2026-01-09T05:15:00.000000,3.0,5,2.08,15.0
ara2_ca187575,2026-01-10T03:30:00.000000,4.02,3,2.93,120.0
ara2_ca187575,2026-01-10T03:45:00.000000,3.81,3,2.77,105.0
ara2_ca187575,2026-01-10T04:00:00.000000,3.86,4,1.05,90.0
ara2_ca187575,2026-01-10T04:15:00.000000,3.73,4,0.85,75.0
ara2_ca187575,2026-01-10T04:30:00.000000,3.6,4,0.85,60.0
ara2_ca187575,2026-01-10T04:45:00.000000,3.4,4,0.85,45.0
ara2_ca187575,2026-01-10T05:00:00.000000,3.32,5,0.85,30.0
ara2_ca187575,2026-01-10T05:15:00.000000,3.13,5,0.85,15.0
ara2_ca187575,2026-01-10T21:15:00.000000,4.33,21,2.8,120.0
ara2_ca187575,2026-01-10T21:30:00.000000,4.08,21,2.8,105.0
ara2_ca187575,2026-01-10T21:45:00.000000,3.77,21,2.8,90.0
ara2_ca187575,2026-01-10T22:00:00.000000,3.52,22,2.8,75.0
ara2_ca187575,2026-01-10T22:15:00.000000,3.35,22,2.73,60.0
ara2_ca187575,2026-01-10T22:30:00.000000,3.2,22,2.41,45.0
ara2_ca187575,2026-01-10T22:45:00.000000,3.21,22,2.36,30.0
ara2_ca187575,2026-01-10T23:00:00.000000,3.09,23,2.23,15.0
ara2_ca187575,2026-01-10T23:45:00.000000,3.41,23,1.98,30.0
ara2_ca187575,2026-01-11T00:00:00.000000,3.08,0,1.92,15.0
ara2_ca187575,2026-01-12T09:00:00.000000,3.03,9,2.76,45.0
ara2_ca187575,2026-01-12T09:15:00.000000,3.44,9,2.76,30.0
ara2_ca187575,2026-01-12T09:30:00.000000,3.98,9,2.76,15.0
ara2_ca187575,2026-01-12T10:00:00.000000,3.56,10,2.98,30.0
ara2_ca187575,2026-01-12T10:15:00.000000,3.89,10,2.98,15.0
ara2_ca187575,2026-01-12T23:30:00.000000,4.17,23,2.65,120.0
ara2_ca187575,2026-01-12T23:45:00.000000,4.54,23,2.65,105.0
ara2_ca187575,2026-01-13T00:00:00.000000,4.63,0,2.65,90.0
ara2_ca187575,2026-01-13T00:15:00.000000,4.56,0,2.65,75.0
ara2_ca187575,2026-01-13T00:30:00.000000,4.53,0,2.65,60.0
ara2_ca187575,2026-01-13T00:45:00.000000,4.03,0,2.65,45.0
ara2_ca187575,2026-01-13T01:00:00.000000,4.28,1,2.65,30.0
ara2_ca187575,2026-01-13T01:15:00.000000,4.28,1,2.65,15.0
ara2_ca187575,2026-01-13T05:45:00.000000,3.04,5,0.84,15.0
ara2_ca187575,2026-01-13T09:15:00.000000,3.27,9,2.76,30.0
ara2_ca187575,2026-01-13T09:30:00.000000,3.26,9,2.76,15.0
ara2_ca187575,2026-01-13T12:30:00.000000,9.2,12,1.28,120.0
ara2_ca187575,2026-01-13T12:45:00.000000,10.9,12,1.28,105.0
ara2_ca187575,2026-01-13T13:00:00.000000,12.1,13,1.28,90.0
ara2_ca187575,2026-01-13T13:15:00.000000,12.3,13,1.28,75.0
ara2_ca187575,2026-01-13T13:30:00.000000,9.82,13,1.28,60.0
ara2_ca187575,2026-01-13T13:45:00.000000,10.31,13,1.28,45.0
ara2_ca187575,2026-01-13T14:00:00.000000,10.07,14,1.28,30.0
ara2_ca187575,2026-01-13T14:15:00.000000,10.05,14,1.28,15.0
ara2_ca187575,2026-01-13T22:00:00.000000,10.49,22,2.54,120.0
ara2_ca187575,2026-01-13T22:15:00.000000,10.34,22,2.54,105.0
ara2_ca187575,2026-01-13T22:30:00.000000,8.56,22,2.54,90.0
ara2_ca187575,2026-01-13T22:45:00.000000,9.89,22,2.54,75.0
ara2_ca187575,2026-01-13T23:00:00.000000,9.94,23,2.54,60.0
ara2_ca187575,2026-01-13T23:15:00.000000,9.47,23,2.54,45.0
ara2_ca187575,2026-01-13T23:30:00.000000,9.19,23,2.54,30.0
ara2_ca187575,2026-01-13T23:45:00.000000,8.73,23,2.54,15.0
ara2_ca187575,2026-01-15T04:15:00.000000,6.24,4,1.87,120.0
ara2_ca187575,2026-01-15T04:30:00.000000,5.72,4,1.87,105.0
ara2_ca187575,2026-01-15T04:45:00.000000,4.63,4,1.87,90.0
ara2_ca187575,2026-01-15T05:00:00.000000,5.11,5,1.87,75.0
ara2_ca187575,2026-01-15T05:15:00.000000,4.98,5,1.87,60.0
ara2_ca187575,2026-01-15T05:30:00.000000,4.63,5,1.87,45.0
ara2_ca187575,2026-01-15T05:45:00.000000,4.53,5,1.61,30.0
ara2_ca187575,2026-01-15T06:00:00.000000,3.65,6,1.61,15.0
ara2_ca187575,2026-01-15T06:45:00.000000,3.1,6,1.61,15.0
ara2_ca187575,2026-01-15T23:30:00.000000,11.81,23,1.9,30.0
ara2_ca187575,2026-01-15T23:45:00.000000,12.16,23,1.9,15.0
ara2_ca187575,2026-01-16T03:45:00.000000,8.02,3,1.43,120.0
ara2_ca187575,2026-01-16T04:00:00.000000,8.09,4,1.43,105.0
ara2_ca187575,2026-01-16T04:15:00.000000,7.55,4,1.43,90.0
ara2_ca187575,2026-01-16T04:30:00.000000,5.34,4,1.43,75.0
ara2_ca187575,2026-01-16T04:45:00.000000,6.74,4,1.43,60.0
ara2_ca187575,2026-01-16T05:00:00.000000,7.03,5,1.43,45.0
ara2_ca187575,2026-01-16T05:15:00.000000,6.81,5,1.43,30.0
ara2_ca187575,2026-01-16T05:30:00.000000,6.1,5,1.43,15.0
ara2_ca187575,2026-01-16T06:15:00.000000,5.87,6,0.46,120.0
ara2_ca187575,2026-01-16T06:30:00.000000,5.55,6,0.46,105.0
ara2_ca187575,2026-01-16T06:45:00.000000,5.26,6,0.46,90.0
ara2_ca187575,2026-01-16T07:00:00.000000,4.26,7,0.46,75.0
ara2_ca187575,2026-01-16T07:15:00.000000,4.4,7,0.46,60.0
ara2_ca187575,2026-01-16T07:30:00.000000,4.37,7,0.46,45.0
ara2_ca187575,2026-01-16T07:45:00.000000,4.5,7,0.46,30.0
ara2_ca187575,2026-01-16T08:00:00.000000,4.02,8,0.46,15.0
ara2_ca187575,2026-01-17T02:00:00.000000,6.3,2,2.25,120.0
ara2_ca187575,2026-01-17T02:15:00.000000,6.21,2,2.25,105.0
ara2_ca187575,2026-01-17T02:30:00.000000,5.8,2,2.25,90.0
ara2_ca187575,2026-01-17T02:45:00.000000,3.83,2,2.25,75.0
ara2_ca187575,2026-01-17T03:00:00.000000,5.05,3,2.25,60.0
ara2_ca187575,2026-01-17T03:15:00.000000,5.44,3,2.25,45.0
ara2_ca187575,2026-01-17T03:30:00.000000,5.09,3,2.25,30.0
ara2_ca187575,2026-01-17T03:45:00.000000,5.37,3,2.25,15.0
ara2_ca187575,2026-01-17T04:15:00.000000,4.36,4,2.54,75.0
ara2_ca187575,2026-01-17T04:30:00.000000,4.18,4,2.54,60.0
ara2_ca187575,2026-01-17T04:45:00.000000,4.13,4,2.54,45.0
ara2_ca187575,2026-01-17T05:00:00.000000,3.72,5,2.54,30.0
ara2_ca187575,2026-01-17T05:15:00.000000,3.37,5,2.54,15.0
ara2_ca187575,2026-01-17T06:15:00.000000,3.36,6,2.98,75.0
ara2_ca187575,2026-01-17T06:30:00.000000,3.42,6,2.98,60.0
ara2_ca187575,2026-01-17T06:45:00.000000,3.0,6,2.98,45.0
ara2_ca187575,2026-01-17T07:00:00.000000,3.27,7,2.98,30.0
ara2_ca187575,2026-01-17T07:15:00.000000,3.05,7,2.98,15.0
ara2_ca187575,2026-01-17T22:15:00.000000,4.6,22,0.83,120.0
ara2_ca187575,2026-01-17T22:30:00.000000,4.65,22,0.83,105.0
ara2_ca187575,2026-01-17T22:45:00.000000,4.61,22,0.83,90.0
ara2_ca187575,2026-01-17T23:00:00.000000,4.32,23,0.83,75.0
ara2_ca187575,2026-01-17T23:15:00.000000,4.42,23,0.83,60.0
ara2_ca187575,2026-01-17T23:30:00.000000,4.58,23,0.83,45.0
ara2_ca187575,2026-01-17T23:45:00.000000,4.38,23,0.83,30.0
ara2_ca187575,2026-01-18T00:00:00.000000,4.21,0,0.83,15.0
ara2_ca187575,2026-01-19T05:00:00.000000,3.36,5,2.3,60.0
ara2_ca187575,2026-01-19T05:15:00.000000,3.22,5,2.3,45.0
ara2_ca187575,2026-01-19T05:30:00.000000,3.11,5,2.27,30.0
ara2_ca187575,2026-01-19T05:45:00.000000,3.02,5,2.27,15.0
ara2_ca187575,2026-01-20T02:30:00.000000,3.43,2,2.4,60.0
ara2_ca187575,2026-01-20T02:45:00.000000,3.1,2,2.21,45.0
ara2_ca187575,2026-01-20T03:00:00.000000,3.05,3,2.12,30.0
ara2_ca187575,2026-01-20T03:15:00.000000,3.02,3,2.08,15.0
ara2_ca187575,2026-01-21T02:00:00.000000,3.27,2,1.25,15.0
ara2_ca187575,2026-01-22T01:00:00.000000,3.58,1,2.87,120.0
ara2_ca187575,2026-01-22T01:15:00.000000,3.58,1,2.87,105.0
ara2_ca187575,2026-01-22T01:30:00.000000,3.07,1,2.71,90.0
ara2_ca187575,2026-01-22T01:45:00.000000,3.21,1,2.41,75.0
ara2_ca187575,2026-01-22T02:00:00.000000,3.67,2,2.26,60.0
ara2_ca187575,2026-01-22T02:15:00.000000,3.7,2,2.15,45.0
ara2_ca187575,2026-01-22T02:30:00.000000,3.69,2,2.09,30.0
ara2_ca187575,2026-01-22T02:45:00.000000,3.46,2,2.08,15.0
ara2_ca187575,2026-01-22T09:00:00.000000,3.18,9,0.65,60.0
ara2_ca187575,2026-01-22T09:15:00.000000,3.62,9,0.65,45.0
ara2_ca187575,2026-01-22T09:30:00.000000,4.14,9,0.65,30.0
ara2_ca187575,2026-01-22T09:45:00.000000,4.25,9,0.65,15.0
ara2_d52ddb31,2025-12-14T04:00:00.000000,4.16,4,2.88,120.0
ara2_d52ddb31,2025-12-14T04:15:00.000000,4.42,4,2.88,105.0
ara2_d52ddb31,2025-12-14T04:30:00.000000,3.49,4,2.88,90.0
ara2_d52ddb31,2025-12-14T04:45:00.000000,3.84,4,2.24,75.0
ara2_d52ddb31,2025-12-14T05:00:00.000000,3.56,5,2.24,60.0
ara2_d52ddb31,2025-12-14T05:15:00.000000,3.52,5,2.24,45.0
ara2_d52ddb31,2025-12-14T05:30:00.000000,3.23,5,2.24,30.0
ara2_d52ddb31,2025-12-14T05:45:00.000000,3.2,5,2.24,15.0
ara2_d52ddb31,2025-12-14T06:15:00.000000,3.31,6,2.24,30.0
ara2_d52ddb31,2025-12-14T06:30:00.000000,3.43,6,2.24,15.0
ara2_d52ddb31,2025-12-15T02:15:00.000000,7.39,2,0.4,120.0
ara2_d52ddb31,2025-12-15T02:30:00.000000,6.83,2,0.4,105.0
ara2_d52ddb31,2025-12-15T02:45:00.000000,6.42,2,0.4,90.0
ara2_d52ddb31,2025-12-15T03:00:00.000000,5.92,3,0.4,75.0
ara2_d52ddb31,2025-12-15T03:15:00.000000,6.08,3,0.4,60.0
ara2_d52ddb31,2025-12-15T03:30:00.000000,5.73,3,0.4,45.0
ara2_d52ddb31,2025-12-15T03:45:00.000000,5.15,3,0.4,30.0
ara2_d52ddb31,2025-12-15T04:00:00.000000,5.01,4,0.4,15.0
ara2_d52ddb31,2025-12-15T05:15:00.000000,3.41,5,2.48,30.0
ara2_d52ddb31,2025-12-15T05:30:00.000000,3.21,5,2.48,15.0
ara2_d52ddb31,2025-12-16T04:45:00.000000,3.97,4,2.36,120.0
ara2_d52ddb31,2025-12-16T05:00:00.000000,3.93,5,2.36,105.0
ara2_d52ddb31,2025-12-16T05:15:00.000000,3.92,5,2.36,90.0
ara2_d52ddb31,2025-12-16T05:30:00.000000,3.92,5,2.36,75.0
ara2_d52ddb31,2025-12-16T05:45:00.000000,3.79,5,2.36,60.0
ara2_d52ddb31,2025-12-16T06:00:00.000000,3.71,6,2.36,45.0
ara2_d52ddb31,2025-12-16T06:15:00.000000,3.54,6,2.36,30.0
ara2_d52ddb31,2025-12-16T06:30:00.000000,3.48,6,2.36,15.0
ara2_d52ddb31,2025-12-19T03:45:00.000000,4.09,3,1.87,120.0
ara2_d52ddb31,2025-12-19T04:00:00.000000,4.09,4,1.87,105.0
ara2_d52ddb31,2025-12-19T04:15:00.000000,4.14,4,1.87,90.0
ara2_d52ddb31,2025-12-19T04:30:00.000000,4.26,4,1.87,75.0
ara2_d52ddb31,2025-12-19T04:45:00.000000,4.53,4,1.87,60.0
ara2_d52ddb31,2025-12-19T05:00:00.000000,4.58,5,1.87,45.0
ara2_d52ddb31,2025-12-19T05:15:00.000000,4.46,5,1.87,30.0
ara2_d52ddb31,2025-12-19T05:30:00.000000,4.06,5,1.87,15.0
ara2_d52ddb31,2025-12-20T02:00:00.000000,3.69,2,2.87,120.0
ara2_d52ddb31,2025-12-20T02:15:00.000000,3.61,2,2.86,105.0
ara2_d52ddb31,2025-12-20T02:30:00.000000,3.53,2,2.86,90.0
ara2_d52ddb31,2025-12-20T02:45:00.000000,3.54,2,2.86,75.0
ara2_d52ddb31,2025-12-20T03:00:00.000000,3.51,3,2.86,60.0
ara2_d52ddb31,2025-12-20T03:15:00.000000,3.27,3,2.86,45.0
ara2_d52ddb31,2025-12-20T03:30:00.000000,3.19,3,2.61,30.0
ara2_d52ddb31,2025-12-20T03:45:00.000000,3.0,3,2.61,15.0
ara2_d52ddb31,2025-12-20T04:30:00.000000,3.51,4,2.61,60.0
ara2_d52ddb31,2025-12-20T04:45:00.000000,3.17,4,2.61,45.0
ara2_d52ddb31,2025-12-20T05:00:00.000000,3.09,5,2.61,30.0
ara2_d52ddb31,2025-12-20T05:15:00.000000,3.0,5,2.61,15.0
ara2_d52ddb31,2025-12-20T05:45:00.000000,3.29,5,2.86,45.0
ara2_d52ddb31,2025-12-20T06:00:00.000000,3.56,6,2.86,30.0
ara2_d52ddb31,2025-12-20T06:15:00.000000,3.11,6,2.58,15.0
ara2_d52ddb31,2025-12-20T06:45:00.000000,3.52,6,2.58,90.0
ara2_d52ddb31,2025-12-20T07:00:00.000000,3.53,7,2.58,75.0
ara2_d52ddb31,2025-12-20T07:15:00.000000,3.61,7,2.58,60.0
ara2_d52ddb31,2025-12-20T07:30:00.000000,3.66,7,2.58,45.0
ara2_d52ddb31,2025-12-20T07:45:00.000000,4.16,7,2.58,30.0
ara2_d52ddb31,2025-12-20T08:00:00.000000,3.78,8,2.58,15.0
ara2_d52ddb31,2025-12-20T23:45:00.000000,6.12,23,2.97,120.0
ara2_d52ddb31,2025-12-21T00:00:00.000000,5.79,0,2.81,105.0
ara2_d52ddb31,2025-12-21T00:15:00.000000,5.19,0,2.8,90.0
ara2_d52ddb31,2025-12-21T00:30:00.000000,4.82,0,2.74,75.0
ara2_d52ddb31,2025-12-21T00:45:00.000000,4.71,0,2.65,60.0
ara2_d52ddb31,2025-12-21T01:00:00.000000,4.39,1,2.65,45.0
ara2_d52ddb31,2025-12-21T01:15:00.000000,3.43,1,2.65,30.0
ara2_d52ddb31,2025-12-21T01:30:00.000000,3.33,1,2.65,15.0
ara2_d52ddb31,2025-12-21T08:45:00.000000,3.14,8,2.69,15.0
ara2_d52ddb31,2025-12-23T00:45:00.000000,4.67,0,2.36,120.0
ara2_d52ddb31,2025-12-23T01:00:00.000000,4.52,1,2.36,105.0
ara2_d52ddb31,2025-12-23T01:15:00.000000,4.04,1,2.35,90.0
ara2_d52ddb31,2025-12-23T01:30:00.000000,3.59,1,2.35,75.0
ara2_d52ddb31,2025-12-23T01:45:00.000000,4.07,1,2.04,60.0
ara2_d52ddb31,2025-12-23T02:00:00.000000,3.55,2,1.8,45.0
ara2_d52ddb31,2025-12-23T02:15:00.000000,3.33,2,1.28,30.0
ara2_d52ddb31,2025-12-23T02:30:00.000000,3.11,2,1.24,15.0
ara2_d52ddb31,2025-12-23T08:30:00.000000,3.07,8,2.15,15.0
ara2_d52ddb31,2025-12-23T09:00:00.000000,3.84,9,2.42,15.0
ara2_d52ddb31,2025-12-23T09:30:00.000000,4.31,9,2.42,30.0
ara2_d52ddb31,2025-12-23T09:45:00.000000,3.39,9,2.42,15.0
ara2_d52ddb31,2025-12-23T23:15:00.000000,4.25,23,2.83,120.0
ara2_d52ddb31,2025-12-23T23:30:00.000000,4.75,23,2.49,105.0
ara2_d52ddb31,2025-12-23T23:45:00.000000,4.03,23,2.49,90.0
ara2_d52ddb31,2025-12-24T00:00:00.000000,3.9,0,2.49,75.0
ara2_d52ddb31,2025-12-24T00:15:00.000000,3.5,0,2.31,60.0
ara2_d52ddb31,2025-12-24T00:30:00.000000,3.71,0,1.98,45.0
ara2_d52ddb31,2025-12-24T00:45:00.000000,3.24,0,1.46,30.0
ara2_d52ddb31,2025-12-24T01:00:00.000000,3.13,1,0.83,15.0
ara2_d52ddb31,2025-12-25T00:00:00.000000,4.76,0,2.18,120.0
ara2_d52ddb31,2025-12-25T00:15:00.000000,4.52,0,1.11,105.0
ara2_d52ddb31,2025-12-25T00:30:00.000000,4.32,0,1.11,90.0
ara2_d52ddb31,2025-12-25T00:45:00.000000,4.29,0,0.9,75.0
ara2_d52ddb31,2025-12-25T01:00:00.000000,3.84,1,0.9,60.0
ara2_d52ddb31,2025-12-25T01:15:00.000000,3.99,1,0.9,45.0
ara2_d52ddb31,2025-12-25T01:30:00.000000,3.4,1,0.9,30.0
ara2_d52ddb31,2025-12-25T01:45:00.000000,3.19,1,0.9,15.0
ara2_d52ddb31,2025-12-26T01:15:00.000000,3.94,1,2.9,120.0
ara2_d52ddb31,2025-12-26T01:30:00.000000,3.75,1,2.79,105.0
ara2_d52ddb31,2025-12-26T01:45:00.000000,3.65,1,2.68,90.0
ara2_d52ddb31,2025-12-26T02:00:00.000000,3.5,2,2.68,75.0
ara2_d52ddb31,2025-12-26T02:15:00.000000,3.44,2,2.6,60.0
ara2_d52ddb31,2025-12-26T02:30:00.000000,3.25,2,2.47,45.0
ara2_d52ddb31,2025-12-26T02:45:00.000000,3.23,2,2.45,30.0
ara2_d52ddb31,2025-12-26T03:00:00.000000,3.01,3,2.37,15.0
ara2_d52ddb31,2025-12-27T02:00:00.000000,5.08,2,2.47,120.0
ara2_d52ddb31,2025-12-27T02:15:00.000000,4.82,2,2.47,105.0
ara2_d52ddb31,2025-12-27T02:30:00.000000,4.85,2,2.47,90.0
ara2_d52ddb31,2025-12-27T02:45:00.000000,4.72,2,2.47,75.0
ara2_d52ddb31,2025-12-27T03:00:00.000000,4.54,3,2.47,60.0
ara2_d52ddb31,2025-12-27T03:15:00.000000,4.55,3,2.47,45.0
ara2_d52ddb31,2025-12-27T03:30:00.000000,4.54,3,2.47,30.0
ara2_d52ddb31,2025-12-27T03:45:00.000000,4.72,3,2.47,15.0
ara2_d52ddb31,2025-12-28T05:30:00.000000,4.17,5,2.97,120.0
ara2_d52ddb31,2025-12-28T05:45:00.000000,4.23,5,2.93,105.0
ara2_d52ddb31,2025-12-28T06:00:00.000000,3.02,6,2.93,90.0
ara2_d52ddb31,2025-12-28T06:15:00.000000,3.33,6,2.93,75.0
ara2_d52ddb31,2025-12-28T06:30:00.000000,3.62,6,2.93,60.0
ara2_d52ddb31,2025-12-28T06:45:00.000000,3.55,6,2.93,45.0
ara2_d52ddb31,2025-12-28T07:00:00.000000,3.27,7,2.93,30.0
ara2_d52ddb31,2025-12-28T07:15:00.000000,3.02,7,2.93,15.0
ara2_d52ddb31,2025-12-29T01:15:00.000000,4.43,1,2.89,120.0
ara2_d52ddb31,2025-12-29T01:30:00.000000,4.27,1,2.61,105.0
ara2_d52ddb31,2025-12-29T01:45:00.000000,4.13,1,2.52,90.0
ara2_d52ddb31,2025-12-29T02:00:00.000000,3.91,2,2.47,75.0
ara2_d52ddb31,2025-12-29T02:15:00.000000,3.82,2,2.47,60.0
ara2_d52ddb31,2025-12-29T02:30:00.000000,3.67,2,2.47,45.0
ara2_d52ddb31,2025-12-29T02:45:00.000000,3.47,2,2.47,30.0
ara2_d52ddb31,2025-12-29T03:00:00.000000,3.08,3,2.47,15.0
ara2_d52ddb31,2025-12-29T06:00:00.000000,3.04,6,1.47,75.0
ara2_d52ddb31,2025-12-29T06:15:00.000000,3.18,6,1.47,60.0
ara2_d52ddb31,2025-12-29T06:30:00.000000,3.32,6,1.47,45.0
ara2_d52ddb31,2025-12-29T06:45:00.000000,3.21,6,1.47,30.0
ara2_d52ddb31,2025-12-29T07:00:00.000000,3.03,7,1.47,15.0
ara2_d52ddb31,2025-12-29T07:30:00.000000,3.01,7,2.89,15.0
ara2_d52ddb31,2025-12-30T01:30:00.000000,4.64,1,2.93,120.0
ara2_d52ddb31,2025-12-30T01:45:00.000000,6.5,1,2.93,105.0
ara2_d52ddb31,2025-12-30T02:00:00.000000,6.16,2,2.93,90.0
ara2_d52ddb31,2025-12-30T02:15:00.000000,5.99,2,2.93,75.0
ara2_d52ddb31,2025-12-30T02:30:00.000000,5.16,2,2.93,60.0
ara2_d52ddb31,2025-12-30T02:45:00.000000,4.96,2,2.93,45.0
ara2_d52ddb31,2025-12-30T03:00:00.000000,4.94,3,2.93,30.0
ara2_d52ddb31,2025-12-30T03:15:00.000000,4.46,3,2.93,15.0
ara2_d52ddb31,2025-12-31T03:00:00.000000,4.67,3,2.96,120.0
ara2_d52ddb31,2025-12-31T03:15:00.000000,4.61,3,2.96,105.0
ara2_d52ddb31,2025-12-31T03:30:00.000000,4.43,3,2.83,90.0
ara2_d52ddb31,2025-12-31T03:45:00.000000,3.96,3,2.83,75.0
ara2_d52ddb31,2025-12-31T04:00:00.000000,3.7,4,2.83,60.0
ara2_d52ddb31,2025-12-31T04:15:00.000000,3.37,4,2.75,45.0
ara2_d52ddb31,2025-12-31T04:30:00.000000,3.17,4,2.74,30.0
ara2_d52ddb31,2025-12-31T04:45:00.000000,3.01,4,2.41,15.0
ara2_d52ddb31,2026-01-02T02:30:00.000000,5.25,2,2.87,120.0
ara2_d52ddb31,2026-01-02T02:45:00.000000,5.09,2,2.87,105.0
ara2_d52ddb31,2026-01-02T03:00:00.000000,4.59,3,2.11,90.0
ara2_d52ddb31,2026-01-02T03:15:00.000000,4.51,3,1.48,75.0
ara2_d52ddb31,2026-01-02T03:30:00.000000,4.12,3,0.97,60.0
ara2_d52ddb31,2026-01-02T03:45:00.000000,3.9,3,0.97,45.0
ara2_d52ddb31,2026-01-02T04:00:00.000000,3.54,4,0.97,30.0
ara2_d52ddb31,2026-01-02T04:15:00.000000,3.39,4,0.93,15.0
ara2_d52ddb31,2026-01-02T04:45:00.000000,3.05,4,0.93,15.0
ara2_d52ddb31,2026-01-03T23:45:00.000000,7.33,23,1.43,120.0
ara2_d52ddb31,2026-01-04T00:00:00.000000,6.96,0,1.43,105.0
ara2_d52ddb31,2026-01-04T00:15:00.000000,6.79,0,1.43,90.0
ara2_d52ddb31,2026-01-04T00:30:00.000000,6.49,0,1.43,75.0
ara2_d52ddb31,2026-01-04T00:45:00.000000,6.39,0,1.43,60.0
ara2_d52ddb31,2026-01-04T01:00:00.000000,6.15,1,1.43,45.0
ara2_d52ddb31,2026-01-04T01:15:00.000000,6.02,1,1.43,30.0
ara2_d52ddb31,2026-01-04T01:30:00.000000,5.89,1,1.43,15.0
ara2_d52ddb31,2026-01-04T03:00:00.000000,4.34,3,2.7,120.0
ara2_d52ddb31,2026-01-04T03:15:00.000000,4.54,3,2.7,105.0
ara2_d52ddb31,2026-01-04T03:30:00.000000,4.68,3,2.7,90.0
ara2_d52ddb31,2026-01-04T03:45:00.000000,4.53,3,2.7,75.0
ara2_d52ddb31,2026-01-04T04:00:00.000000,4.54,4,2.7,60.0
ara2_d52ddb31,2026-01-04T04:15:00.000000,3.81,4,2.7,45.0
ara2_d52ddb31,2026-01-04T04:30:00.000000,3.47,4,2.7,30.0
ara2_d52ddb31,2026-01-04T04:45:00.000000,3.39,4,2.7,15.0
ara2_d52ddb31,2026-01-05T05:00:00.000000,3.15,5,1.64,45.0
ara2_d52ddb31,2026-01-05T05:15:00.000000,3.22,5,1.64,30.0
ara2_d52ddb31,2026-01-05T05:30:00.000000,3.04,5,1.61,15.0
ara2_d52ddb31,2026-01-05T09:45:00.000000,3.22,9,2.51,105.0
ara2_d52ddb31,2026-01-05T10:00:00.000000,3.42,10,1.95,90.0
ara2_d52ddb31,2026-01-05T10:15:00.000000,3.23,10,1.95,75.0
ara2_d52ddb31,2026-01-05T10:30:00.000000,4.4,10,1.95,60.0
ara2_d52ddb31,2026-01-05T10:45:00.000000,3.26,10,1.95,45.0
ara2_d52ddb31,2026-01-05T11:00:00.000000,3.66,11,1.95,30.0
ara2_d52ddb31,2026-01-05T11:15:00.000000,4.13,11,1.95,15.0
ara2_d52ddb31,2026-01-05T12:15:00.000000,3.45,12,2.77,15.0
ara2_d52ddb31,2026-01-06T09:45:00.000000,3.62,9,2.35,30.0
ara2_d52ddb31,2026-01-06T10:00:00.000000,3.72,10,2.35,15.0
ara2_d52ddb31,2026-01-06T11:00:00.000000,3.29,11,2.35,15.0
ara2_d52ddb31,2026-01-07T21:45:00.000000,5.51,21,2.88,120.0
ara2_d52ddb31,2026-01-07T22:00:00.000000,5.11,22,2.64,105.0
ara2_d52ddb31,2026-01-07T22:15:00.000000,5.03,22,2.41,90.0
ara2_d52ddb31,2026-01-07T22:30:00.000000,4.72,22,2.28,75.0
ara2_d52ddb31,2026-01-07T22:45:00.000000,4.23,22,2.17,60.0
ara2_d52ddb31,2026-01-07T23:00:00.000000,4.1,23,2.04,45.0
ara2_d52ddb31,2026-01-07T23:15:00.000000,4.04,23,1.87,30.0
ara2_d52ddb31,2026-01-07T23:30:00.000000,3.23,23,1.67,15.0
ara2_d52ddb31,2026-01-08T19:15:00.000000,7.26,19,2.36,120.0
ara2_d52ddb31,2026-01-08T19:30:00.000000,7.24,19,2.36,105.0
ara2_d52ddb31,2026-01-08T19:45:00.000000,7.1,19,2.36,90.0
ara2_d52ddb31,2026-01-08T20:00:00.000000,6.8,20,2.36,75.0
ara2_d52ddb31,2026-01-08T20:15:00.000000,6.57,20,2.36,60.0
ara2_d52ddb31,2026-01-08T20:30:00.000000,5.98,20,2.36,45.0
ara2_d52ddb31,2026-01-08T20:45:00.000000,5.06,20,2.36,30.0
ara2_d52ddb31,2026-01-08T21:00:00.000000,5.1,21,2.36,15.0
ara2_d52ddb31,2026-01-08T22:45:00.000000,3.96,22,2.97,120.0
ara2_d52ddb31,2026-01-08T23:00:00.000000,3.85,23,2.97,105.0
ara2_d52ddb31,2026-01-08T23:15:00.000000,3.65,23,2.92,90.0
ara2_d52ddb31,2026-01-08T23:30:00.000000,3.65,23,2.62,75.0
ara2_d52ddb31,2026-01-08T23:45:00.000000,3.2,23,2.38,60.0
ara2_d52ddb31,2026-01-09T00:00:00.000000,3.14,0,2.08,45.0
ara2_d52ddb31,2026-01-09T00:15:00.000000,3.12,0,2.01,30.0
ara2_d52ddb31,2026-01-09T00:30:00.000000,3.32,0,2.0,15.0
ara2_d52ddb31,2026-01-09T09:00:00.000000,3.0,9,2.28,15.0
ara2_d52ddb31,2026-01-09T09:45:00.000000,3.3,9,2.61,30.0
ara2_d52ddb31,2026-01-09T10:00:00.000000,3.43,10,2.61,15.0
ara2_d52ddb31,2026-01-09T22:30:00.000000,4.19,22,2.96,120.0
ara2_d52ddb31,2026-01-09T22:45:00.000000,4.05,22,2.95,105.0
ara2_d52ddb31,2026-01-09T23:00:00.000000,4.06,23,2.79,90.0
ara2_d52ddb31,2026-01-09T23:15:00.000000,3.8,23,2.79,75.0
ara2_d52ddb31,2026-01-09T23:30:00.000000,3.53,23,2.65,60.0
ara2_d52ddb31,2026-01-09T23:45:00.000000,3.42,23,2.49,45.0
ara2_d52ddb31,2026-01-10T00:00:00.000000,3.21,0,2.43,30.0
ara2_d52ddb31,2026-01-10T00:15:00.000000,3.11,0,2.12,15.0
ara2_d52ddb31,2026-01-10T11:45:00.000000,3.31,11,2.31,15.0
ara2_d52ddb31,2026-01-10T13:15:00.000000,3.06,13,2.31,15.0
ara2_d52ddb31,2026-01-10T16:45:00.000000,6.32,16,2.83,120.0
ara2_d52ddb31,2026-01-10T17:00:00.000000,6.05,17,2.41,105.0
ara2_d52ddb31,2026-01-10T17:15:00.000000,5.16,17,1.98,90.0
ara2_d52ddb31,2026-01-10T17:30:00.000000,5.05,17,1.89,75.0
ara2_d52ddb31,2026-01-10T17:45:00.000000,4.55,17,1.75,60.0
ara2_d52ddb31,2026-01-10T18:00:00.000000,4.17,18,1.64,45.0
ara2_d52ddb31,2026-01-10T18:15:00.000000,3.58,18,1.58,30.0
ara2_d52ddb31,2026-01-10T18:30:00.000000,3.23,18,1.58,15.0
ara2_d52ddb31,2026-01-12T04:15:00.000000,3.26,4,2.88,120.0
ara2_d52ddb31,2026-01-12T04:30:00.000000,3.37,4,2.87,105.0
ara2_d52ddb31,2026-01-12T04:45:00.000000,3.32,4,2.76,90.0
ara2_d52ddb31,2026-01-12T05:00:00.000000,3.31,5,2.7,75.0
ara2_d52ddb31,2026-01-12T05:15:00.000000,3.26,5,2.61,60.0
ara2_d52ddb31,2026-01-12T05:30:00.000000,3.25,5,2.61,45.0
ara2_d52ddb31,2026-01-12T05:45:00.000000,3.14,5,2.58,30.0
ara2_d52ddb31,2026-01-12T06:00:00.000000,3.07,6,2.58,15.0
ara2_d52ddb31,2026-01-13T00:45:00.000000,5.79,0,2.7,120.0
ara2_d52ddb31,2026-01-13T01:00:00.000000,5.4,1,2.42,105.0
ara2_d52ddb31,2026-01-13T01:15:00.000000,5.06,1,2.09,90.0
ara2_d52ddb31,2026-01-13T01:30:00.000000,4.34,1,1.9,75.0
ara2_d52ddb31,2026-01-13T01:45:00.000000,3.91,1,1.8,60.0
ara2_d52ddb31,2026-01-13T02:00:00.000000,3.57,2,1.54,45.0
ara2_d52ddb31,2026-01-13T02:15:00.000000,3.25,2,1.54,30.0
ara2_d52ddb31,2026-01-13T02:30:00.000000,3.01,2,1.54,15.0
ara2_d52ddb31,2026-01-13T09:15:00.000000,3.2,9,1.77,15.0
ara2_d52ddb31,2026-01-13T10:00:00.000000,3.36,10,1.77,75.0
ara2_d52ddb31,2026-01-13T10:15:00.000000,4.1,10,1.77,60.0
ara2_d52ddb31,2026-01-13T10:30:00.000000,4.12,10,1.77,45.0
ara2_d52ddb31,2026-01-13T10:45:00.000000,4.61,10,1.77,30.0
ara2_d52ddb31,2026-01-13T11:00:00.000000,3.35,11,1.77,15.0
ara2_d52ddb31,2026-01-14T04:30:00.000000,4.53,4,2.34,120.0
ara2_d52ddb31,2026-01-14T04:45:00.000000,4.39,4,2.32,105.0
ara2_d52ddb31,2026-01-14T05:00:00.000000,4.07,5,2.32,90.0
ara2_d52ddb31,2026-01-14T05:15:00.000000,3.89,5,2.01,75.0
ara2_d52ddb31,2026-01-14T05:30:00.000000,3.73,5,2.01,60.0
ara2_d52ddb31,2026-01-14T05:45:00.000000,3.4,5,2.01,45.0
ara2_d52ddb31,2026-01-14T06:00:00.000000,3.16,6,2.01,30.0
ara2_d52ddb31,2026-01-14T06:15:00.000000,3.0,6,2.01,15.0
ara2_d52ddb31,2026-01-15T05:00:00.000000,4.35,5,2.77,120.0
ara2_d52ddb31,2026-01-15T05:15:00.000000,4.06,5,2.77,105.0
ara2_d52ddb31,2026-01-15T05:30:00.000000,4.23,5,2.49,90.0
ara2_d52ddb31,2026-01-15T05:45:00.000000,4.06,5,2.42,75.0
ara2_d52ddb31,2026-01-15T06:00:00.000000,3.68,6,2.03,60.0
ara2_d52ddb31,2026-01-15T06:15:00.000000,3.5,6,2.03,45.0
ara2_d52ddb31,2026-01-15T06:30:00.000000,3.35,6,1.72,30.0
ara2_d52ddb31,2026-01-15T06:45:00.000000,3.26,6,1.72,15.0
ara2_d52ddb31,2026-01-15T11:45:00.000000,6.02,11,1.49,120.0
ara2_d52ddb31,2026-01-15T12:00:00.000000,6.14,12,1.49,105.0
ara2_d52ddb31,2026-01-15T12:15:00.000000,6.55,12,1.49,90.0
ara2_d52ddb31,2026-01-15T12:30:00.000000,8.05,12,1.49,75.0
ara2_d52ddb31,2026-01-15T12:45:00.000000,9.03,12,1.49,60.0
ara2_d52ddb31,2026-01-15T13:00:00.000000,10.42,13,1.49,45.0
ara2_d52ddb31,2026-01-15T13:15:00.000000,10.82,13,1.49,30.0
ara2_d52ddb31,2026-01-15T13:30:00.000000,11.34,13,1.49,15.0
ara2_d52ddb31,2026-01-16T03:45:00.000000,4.56,3,2.76,120.0
ara2_d52ddb31,2026-01-16T04:00:00.000000,4.33,4,2.1,105.0
ara2_d52ddb31,2026-01-16T04:15:00.000000,4.46,4,2.1,90.0
ara2_d52ddb31,2026-01-16T04:30:00.000000,4.18,4,2.1,75.0
ara2_d52ddb31,2026-01-16T04:45:00.000000,4.1,4,2.1,60.0
ara2_d52ddb31,2026-01-16T05:00:00.000000,3.98,5,2.1,45.0
ara2_d52ddb31,2026-01-16T05:15:00.000000,3.61,5,1.09,30.0
ara2_d52ddb31,2026-01-16T05:30:00.000000,3.47,5,1.09,15.0
ara2_d52ddb31,2026-01-17T02:00:00.000000,5.71,2,2.96,120.0
ara2_d52ddb31,2026-01-17T02:15:00.000000,5.35,2,2.72,105.0
ara2_d52ddb31,2026-01-17T02:30:00.000000,5.11,2,2.55,90.0
ara2_d52ddb31,2026-01-17T02:45:00.000000,4.67,2,2.55,75.0
ara2_d52ddb31,2026-01-17T03:00:00.000000,4.63,3,2.55,60.0
ara2_d52ddb31,2026-01-17T03:15:00.000000,4.15,3,2.5,45.0
ara2_d52ddb31,2026-01-17T03:30:00.000000,3.87,3,2.4,30.0
ara2_d52ddb31,2026-01-17T03:45:00.000000,3.57,3,1.76,15.0
ara2_d52ddb31,2026-01-17T22:30:00.000000,5.61,22,2.09,120.0
ara2_d52ddb31,2026-01-17T22:45:00.000000,5.72,22,2.09,105.0
ara2_d52ddb31,2026-01-17T23:00:00.000000,5.74,23,2.09,90.0
ara2_d52ddb31,2026-01-17T23:15:00.000000,5.37,23,2.09,75.0
ara2_d52ddb31,2026-01-17T23:30:00.000000,5.49,23,2.09,60.0
ara2_d52ddb31,2026-01-17T23:45:00.000000,4.84,23,2.09,45.0
ara2_d52ddb31,2026-01-18T00:00:00.000000,4.79,0,2.09,30.0
ara2_d52ddb31,2026-01-18T00:15:00.000000,4.73,0,2.09,15.0
ara2_d52ddb31,2026-01-18T01:00:00.000000,4.16,1,2.78,105.0
ara2_d52ddb31,2026-01-18T01:15:00.000000,3.83,1,2.78,90.0
ara2_d52ddb31,2026-01-18T01:30:00.000000,3.94,1,2.68,75.0
ara2_d52ddb31,2026-01-18T01:45:00.000000,3.7,1,2.6,60.0
ara2_d52ddb31,2026-01-18T02:00:00.000000,3.56,2,2.6,45.0
ara2_d52ddb31,2026-01-18T02:15:00.000000,3.41,2,2.6,30.0
ara2_d52ddb31,2026-01-18T02:30:00.000000,3.18,2,2.6,15.0
ara2_d52ddb31,2026-01-18T09:45:00.000000,3.04,9,2.91,105.0
ara2_d52ddb31,2026-01-18T10:00:00.000000,4.41,10,2.33,90.0
ara2_d52ddb31,2026-01-18T10:15:00.000000,5.81,10,2.33,75.0
ara2_d52ddb31,2026-01-18T10:30:00.000000,4.42,10,2.33,60.0
ara2_d52ddb31,2026-01-18T10:45:00.000000,4.21,10,2.33,45.0
ara2_d52ddb31,2026-01-18T11:00:00.000000,3.13,11,2.33,30.0
ara2_d52ddb31,2026-01-18T11:15:00.000000,3.06,11,2.33,15.0
ara2_d52ddb31,2026-01-18T11:45:00.000000,3.52,11,2.33,15.0
ara2_d52ddb31,2026-01-19T02:15:00.000000,4.52,2,2.24,120.0
ara2_d52ddb31,2026-01-19T02:30:00.000000,4.17,2,2.12,105.0
ara2_d52ddb31,2026-01-19T02:45:00.000000,4.15,2,2.06,90.0
ara2_d52ddb31,2026-01-19T03:00:00.000000,3.86,3,1.95,75.0
ara2_d52ddb31,2026-01-19T03:15:00.000000,3.63,3,1.87,60.0
ara2_d52ddb31,2026-01-19T03:30:00.000000,3.4,3,1.87,45.0
ara2_d52ddb31,2026-01-19T03:45:00.000000,3.22,3,1.87,30.0
ara2_d52ddb31,2026-01-19T04:00:00.000000,3.07,4,1.87,15.0
ara2_d52ddb31,2026-01-20T05:15:00.000000,3.31,5,2.84,120.0
ara2_d52ddb31,2026-01-20T05:30:00.000000,3.24,5,2.84,105.0
ara2_d52ddb31,2026-01-20T05:45:00.000000,3.51,5,2.84,90.0
ara2_d52ddb31,2026-01-20T06:00:00.000000,3.32,6,2.84,75.0
ara2_d52ddb31,2026-01-20T06:15:00.000000,3.27,6,2.84,60.0
ara2_d52ddb31,2026-01-20T06:30:00.000000,3.26,6,2.84,45.0
ara2_d52ddb31,2026-01-20T06:45:00.000000,3.21,6,2.84,30.0
ara2_d52ddb31,2026-01-20T07:00:00.000000,3.0,7,2.84,15.0
ara2_d52ddb31,2026-01-20T22:45:00.000000,6.45,22,2.89,120.0
ara2_d52ddb31,2026-01-20T23:00:00.000000,6.05,23,2.56,105.0
ara2_d52ddb31,2026-01-20T23:15:00.000000,5.45,23,2.56,90.0
ara2_d52ddb31,2026-01-20T23:30:00.000000,5.38,23,2.4,75.0
ara2_d52ddb31,2026-01-20T23:45:00.000000,5.02,23,2.4,60.0
ara2_d52ddb31,2026-01-21T00:00:00.000000,4.48,0,2.32,45.0
ara2_d52ddb31,2026-01-21T00:15:00.000000,3.91,0,2.19,30.0
ara2_d52ddb31,2026-01-21T00:30:00.000000,3.37,0,2.05,15.0
ara2_d52ddb31,2026-01-21T23:45:00.000000,3.39,23,2.35,75.0
ara2_d52ddb31,2026-01-22T00:00:00.000000,3.4,0,2.35,60.0
ara2_d52ddb31,2026-01-22T00:15:00.000000,3.04,0,2.33,45.0
ara2_d52ddb31,2026-01-22T00:30:00.000000,3.18,0,2.33,30.0
ara2_d52ddb31,2026-01-22T00:45:00.000000,3.07,0,2.07,15.0
ara2_d52ddb31,2026-01-22T21:15:00.000000,5.92,21,2.84,120.0
ara2_d52ddb31,2026-01-22T21:30:00.000000,5.88,21,2.84,105.0
ara2_d52ddb31,2026-01-22T21:45:00.000000,5.25,21,2.27,90.0
ara2_d52ddb31,2026-01-22T22:00:00.000000,4.86,22,1.98,75.0
ara2_d52ddb31,2026-01-22T22:15:00.000000,4.08,22,1.98,60.0
ara2_d52ddb31,2026-01-22T22:30:00.000000,3.69,22,1.98,45.0
ara2_d52ddb31,2026-01-22T22:45:00.000000,3.31,22,1.98,30.0
ara2_d52ddb31,2026-01-22T23:00:00.000000,3.81,23,1.98,15.0
ara2_d52ddb31,2026-01-24T02:30:00.000000,5.52,2,2.41,120.0
ara2_d52ddb31,2026-01-24T02:45:00.000000,5.44,2,2.41,105.0
ara2_d52ddb31,2026-01-24T03:00:00.000000,5.33,3,2.41,90.0
ara2_d52ddb31,2026-01-24T03:15:00.000000,5.11,3,2.41,75.0
ara2_d52ddb31,2026-01-24T03:30:00.000000,4.91,3,2.41,60.0
ara2_d52ddb31,2026-01-24T03:45:00.000000,4.65,3,2.41,45.0
ara2_d52ddb31,2026-01-24T04:00:00.000000,4.44,4,2.41,30.0
ara2_d52ddb31,2026-01-24T04:15:00.000000,4.1,4,2.41,15.0
ara2_d52ddb31,2026-01-24T05:00:00.000000,3.2,5,2.68,105.0
ara2_d52ddb31,2026-01-24T05:15:00.000000,3.26,5,2.57,90.0
ara2_d52ddb31,2026-01-24T05:30:00.000000,3.37,5,2.44,75.0
ara2_d52ddb31,2026-01-24T05:45:00.000000,3.21,5,2.4,60.0
ara2_d52ddb31,2026-01-24T06:00:00.000000,3.19,6,2.4,45.0
ara2_d52ddb31,2026-01-24T06:15:00.000000,3.14,6,2.4,30.0
ara2_d52ddb31,2026-01-24T06:30:00.000000,3.12,6,2.4,15.0
ara2_d52ddb31,2026-01-24T08:30:00.000000,3.03,8,2.33,15.0
ara2_d52ddb31,2026-01-24T09:00:00.000000,3.75,9,2.33,15.0
ara2_d52ddb31,2026-01-25T09:30:00.000000,3.17,9,2.27,15.0
ara2_d52ddb31,2026-01-26T02:30:00.000000,3.52,2,2.64,90.0
ara2_d52ddb31,2026-01-26T02:45:00.000000,3.47,2,2.44,75.0
ara2_d52ddb31,2026-01-26T03:00:00.000000,3.38,3,2.26,60.0
ara2_d52ddb31,2026-01-26T03:15:00.000000,3.31,3,2.17,45.0
ara2_d52ddb31,2026-01-26T03:30:00.000000,3.13,3,2.12,30.0
ara2_d52ddb31,2026-01-26T03:45:00.000000,3.05,3,1.98,15.0
ara2_d52ddb31,2026-01-26T21:30:00.000000,5.42,21,2.8,120.0
ara2_d52ddb31,2026-01-26T21:45:00.000000,4.63,21,2.7,105.0
ara2_d52ddb31,2026-01-26T22:00:00.000000,4.3,22,2.7,90.0
ara2_d52ddb31,2026-01-26T22:15:00.000000,4.18,22,2.46,75.0
ara2_d52ddb31,2026-01-26T22:30:00.000000,3.77,22,2.46,60.0
ara2_d52ddb31,2026-01-26T22:45:00.000000,3.56,22,2.46,45.0
ara2_d52ddb31,2026-01-26T23:00:00.000000,3.34,23,2.46,30.0
ara2_d52ddb31,2026-01-26T23:15:00.000000,3.03,23,2.46,15.0
ara2_d52ddb31,2026-01-27T09:30:00.000000,3.21,9,2.24,15.0
ara2_d52ddb31,2026-01-29T00:30:00.000000,3.27,0,1.73,30.0
ara2_d52ddb31,2026-01-29T00:45:00.000000,3.06,0,1.63,15.0
ara2_d52ddb31,2026-01-30T01:30:00.000000,3.69,1,2.89,120.0
ara2_d52ddb31,2026-01-30T01:45:00.000000,3.66,1,2.85,105.0
ara2_d52ddb31,2026-01-30T02:00:00.000000,3.55,2,2.75,90.0
ara2_d52ddb31,2026-01-30T02:15:00.000000,3.53,2,2.75,75.0
ara2_d52ddb31,2026-01-30T02:30:00.000000,3.41,2,2.75,60.0
ara2_d52ddb31,2026-01-30T02:45:00.000000,3.31,2,2.75,45.0
ara2_d52ddb31,2026-01-30T03:00:00.000000,3.0,3,2.75,30.0
ara2_d52ddb31,2026-01-30T03:15:00.000000,3.06,3,2.75,15.0
ara2_d52ddb31,2026-01-30T21:30:00.000000,5.5,21,2.61,120.0
ara2_d52ddb31,2026-01-30T21:45:00.000000,5.34,21,2.61,105.0
ara2_d52ddb31,2026-01-30T22:00:00.000000,4.95,22,2.61,90.0
ara2_d52ddb31,2026-01-30T22:15:00.000000,4.74,22,2.61,75.0
ara2_d52ddb31,2026-01-30T22:30:00.000000,4.26,22,2.61,60.0
ara2_d52ddb31,2026-01-30T22:45:00.000000,4.11,22,2.61,45.0
ara2_d52ddb31,2026-01-30T23:00:00.000000,3.55,23,2.61,30.0
ara2_d52ddb31,2026-01-30T23:15:00.000000,3.22,23,2.61,15.0
